COLEGIO_DEPA,ESPECIALIDAD,SEXO,INGRESO,egreso_postulacion,edad
ÁNCASH,INGENIERÍA DE TELECOMUNICACIONES,FEMENINO,NO,4,20
LIMA,INGENIERÍA MECÁNICA,MASCULINO,NO,5,21
LIMA,ARQUITECTURA,FEMENINO,NO,1,17
LIMA,INGENIERÍA CIVIL,MASCULINO,NO,2,19
LIMA,INGENIERÍA AMBIENTAL,FEMENINO,NO,6,22
LIMA,FÍSICA,MASCULINO,SI,1,17
AYACUCHO,ARQUITECTURA,FEMENINO,NO,2,18
LIMA,INGENIERÍA NAVAL,MASCULINO,NO,3,19
LIMA,INGENIERÍA MECÁNICA,MASCULINO,NO,1,17
LIMA,INGENIERÍA MECATRÓNICA,FEMENINO,NO,5,21
LIMA,ARQUITECTURA,FEMENINO,NO,1,17
ICA,INGENIERÍA DE SISTEMAS,MASCULINO,NO,11,27
LIMA,INGENIERÍA MECATRÓNICA,MASCULINO,NO,2,18
CAJAMARCA,ARQUITECTURA,FEMENINO,NO,4,21
LIMA,INGENIERÍA ECONÓMICA,MASCULINO,NO,2,18
ICA,INGENIERÍA DE SISTEMAS,MASCULINO,NO,2,18
LIMA,INGENIERÍA DE MINAS,FEMENINO,SI,1,18
LIMA,INGENIERÍA MECATRÓNICA,MASCULINO,NO,5,22
LIMA,INGENIERÍA CIVIL,FEMENINO,NO,2,18
CAJAMARCA,INGENIERÍA CIVIL,MASCULINO,SI,2,18
LIMA,INGENIERÍA DE SOFTWARE,FEMENINO,NO,3,19
LIMA,INGENIERÍA MECATRÓNICA,MASCULINO,NO,2,18
LIMA,INGENIERÍA CIVIL,MASCULINO,NO,3,20
LIMA,INGENIERÍA CIVIL,MASCULINO,NO,2,19
LIMA,INGENIERÍA CIVIL,MASCULINO,NO,3,19
LIMA,INGENIERÍA CIVIL,MASCULINO,NO,3,19
LIMA,INGENIERÍA QUÍMICA,FEMENINO,NO,5,21
CAJAMARCA,INGENIERÍA DE SISTEMAS,MASCULINO,NO,1,18
JUNÍN,INGENIERÍA INDUSTRIAL,FEMENINO,NO,2,18
LIMA,INGENIERÍA CIVIL,MASCULINO,NO,1,17
HUÁNUCO,INGENIERÍA CIVIL,MASCULINO,NO,1,18
CAJAMARCA,ARQUITECTURA,FEMENINO,NO,1,18
CALLAO,INGENIERÍA CIVIL,FEMENINO,NO,3,20
CALLAO,INGENIERÍA CIVIL,MASCULINO,NO,2,17
LIMA,ARQUITECTURA,MASCULINO,NO,1,17
CAJAMARCA,INGENIERÍA MECATRÓNICA,MASCULINO,NO,1,18
JUNÍN,INGENIERÍA NAVAL,MASCULINO,NO,5,22
LIMA,INGENIERÍA CIVIL,FEMENINO,NO,4,20
HUANCAVELICA,ARQUITECTURA,MASCULINO,NO,2,18
LIMA,INGENIERÍA CIVIL,MASCULINO,NO,1,17
LIMA,INGENIERÍA CIVIL,MASCULINO,NO,3,21
LIMA,INGENIERÍA CIVIL,FEMENINO,NO,1,17
LIMA,INGENIERÍA QUÍMICA,FEMENINO,NO,5,22
LIMA,INGENIERÍA MECATRÓNICA,MASCULINO,SI,1,17
LIMA,INGENIERÍA DE SISTEMAS,MASCULINO,SI,17,34
LIMA,INGENIERÍA ELÉCTRICA,MASCULINO,NO,4,19
LIMA,INGENIERÍA DE SISTEMAS,MASCULINO,NO,3,20
LIMA,INGENIERÍA ECONÓMICA,MASCULINO,NO,7,24
LIMA,ARQUITECTURA,FEMENINO,NO,2,19
LIMA,ARQUITECTURA,FEMENINO,NO,1,17
LIMA,INGENIERÍA INDUSTRIAL,MASCULINO,NO,2,18
ÁNCASH,INGENIERÍA MECATRÓNICA,MASCULINO,NO,6,22
LIMA,INGENIERÍA DE SOFTWARE,MASCULINO,NO,3,19
LIMA,INGENIERÍA ELÉCTRICA,MASCULINO,NO,3,19
ICA,ARQUITECTURA,MASCULINO,NO,2,19
LIMA,INGENIERÍA DE SISTEMAS,MASCULINO,NO,2,18
LIMA,ARQUITECTURA,MASCULINO,NO,2,18
LIMA,INGENIERÍA DE SISTEMAS,MASCULINO,NO,2,19
LIMA,INGENIERÍA CIVIL,FEMENINO,NO,4,21
LIMA,INGENIERÍA ECONÓMICA,FEMENINO,NO,2,18
LIMA,INGENIERÍA INDUSTRIAL,FEMENINO,NO,5,21
SAN MARTIN,CIENCIA DE LA COMPUTACIÓN,MASCULINO,NO,4,20
LIMA,INGENIERÍA MECATRÓNICA,MASCULINO,NO,2,18
LIMA,INGENIERÍA ESTADÍSTICA,MASCULINO,SI,3,20
LIMA,INGENIERÍA DE SISTEMAS,MASCULINO,NO,3,19
LIMA,INGENIERÍA DE SISTEMAS,MASCULINO,NO,1,18
LIMA,INGENIERÍA QUÍMICA,MASCULINO,SI,3,20
CALLAO,INGENIERÍA DE SISTEMAS,MASCULINO,NO,2,18
SAN MARTIN,INGENIERÍA CIVIL,MASCULINO,NO,2,19
CALLAO,INGENIERÍA METALÚRGICA,MASCULINO,NO,2,19
LIMA,INGENIERÍA DE SOFTWARE,MASCULINO,NO,3,19
LIMA,INGENIERÍA CIVIL,FEMENINO,SI,2,18
LIMA,INGENIERÍA DE SISTEMAS,MASCULINO,NO,3,19
CALLAO,INGENIERÍA ECONÓMICA,MASCULINO,SI,1,18
LIMA,FÍSICA,MASCULINO,SI,2,19
LIMA,INGENIERÍA INDUSTRIAL,MASCULINO,NO,0,17
LIMA,CIENCIA DE LA COMPUTACIÓN,MASCULINO,NO,3,19
PIURA,INGENIERÍA MECATRÓNICA,MASCULINO,NO,1,17
LIMA,INGENIERÍA ECONÓMICA,FEMENINO,NO,2,18
LIMA,INGENIERÍA DE MINAS,MASCULINO,NO,1,17
LIMA,INGENIERÍA ECONÓMICA,MASCULINO,NO,2,18
AMAZONAS,INGENIERÍA PETROQUÍMICA,MASCULINO,NO,4,20
CALLAO,INGENIERÍA INDUSTRIAL,MASCULINO,SI,5,21
LIMA,ARQUITECTURA,MASCULINO,NO,1,17
CAJAMARCA,INGENIERÍA MECÁNICA-ELÉCTRICA,MASCULINO,NO,1,17
LIMA,INGENIERÍA CIVIL,MASCULINO,NO,1,17
LIMA,INGENIERÍA INDUSTRIAL,MASCULINO,NO,2,18
LIMA,ARQUITECTURA,MASCULINO,NO,1,18
LIMA,ARQUITECTURA,MASCULINO,NO,2,18
AYACUCHO,ARQUITECTURA,FEMENINO,NO,1,17
LIMA,INGENIERÍA DE SISTEMAS,MASCULINO,NO,2,19
LIMA,INGENIERÍA DE SISTEMAS,MASCULINO,NO,1,17
LIMA,INGENIERÍA CIVIL,MASCULINO,NO,1,18
LIMA,INGENIERÍA ELECTRÓNICA,MASCULINO,NO,3,19
LIMA,INGENIERÍA CIVIL,FEMENINO,NO,1,18
LIMA,ARQUITECTURA,FEMENINO,SI,3,19
LIMA,INGENIERÍA DE SISTEMAS,MASCULINO,NO,2,18
LIMA,INGENIERÍA DE SISTEMAS,MASCULINO,NO,4,20
LIMA,INGENIERÍA DE TELECOMUNICACIONES,MASCULINO,NO,3,20
LIMA,INGENIERÍA INDUSTRIAL,MASCULINO,NO,2,18
LIMA,INGENIERÍA DE SISTEMAS,MASCULINO,NO,3,20
CALLAO,INGENIERÍA INDUSTRIAL,FEMENINO,NO,1,17
LIMA,INGENIERÍA INDUSTRIAL,MASCULINO,NO,2,19
ÁNCASH,INGENIERÍA NAVAL,MASCULINO,NO,4,21
CALLAO,INGENIERÍA DE SISTEMAS,MASCULINO,NO,1,17
LIMA,INGENIERÍA INDUSTRIAL,MASCULINO,NO,1,18
CALLAO,INGENIERÍA DE SISTEMAS,MASCULINO,NO,1,17
LIMA,INGENIERÍA INDUSTRIAL,FEMENINO,SI,4,20
LIMA,INGENIERÍA MECATRÓNICA,MASCULINO,NO,4,19
MADRE DE DIOS,INGENIERÍA CIVIL,MASCULINO,NO,1,17
LIMA,INGENIERÍA DE SISTEMAS,MASCULINO,NO,3,19
LIMA,INGENIERÍA CIVIL,MASCULINO,NO,1,17
SAN MARTÍN,INGENIERÍA CIVIL,MASCULINO,NO,0,17
LIMA,INGENIERÍA MECATRÓNICA,MASCULINO,NO,2,18
LIMA,CIENCIA DE LA COMPUTACIÓN,MASCULINO,NO,1,17
LIMA,INGENIERÍA CIVIL,MASCULINO,NO,1,18
LIMA,INGENIERÍA MECATRÓNICA,MASCULINO,NO,1,17
LIMA,ARQUITECTURA,MASCULINO,NO,3,18
LIMA,INGENIERÍA INDUSTRIAL,MASCULINO,NO,1,18
LIMA,INGENIERÍA QUÍMICA,FEMENINO,NO,3,19
CALLAO,INGENIERÍA CIVIL,MASCULINO,NO,1,18
LIMA,INGENIERÍA CIVIL,MASCULINO,NO,2,18
LIMA,INGENIERÍA CIVIL,FEMENINO,NO,3,20
LIMA,INGENIERÍA CIVIL,MASCULINO,NO,2,19
LIMA,INGENIERÍA CIVIL,MASCULINO,NO,2,19
ÁNCASH,INGENIERÍA CIVIL,FEMENINO,NO,2,18
ÁNCASH,INGENIERÍA MECATRÓNICA,MASCULINO,NO,1,17
ÁNCASH,INGENIERÍA DE SISTEMAS,MASCULINO,NO,3,19
AMAZONAS,ARQUITECTURA,MASCULINO,NO,4,21
LIMA,INGENIERÍA CIVIL,MASCULINO,NO,4,21
LIMA,INGENIERÍA DE SISTEMAS,MASCULINO,NO,4,22
LIMA,INGENIERÍA DE SISTEMAS,MASCULINO,NO,3,19
LIMA,INGENIERÍA CIVIL,MASCULINO,NO,3,19
MADRE DE DIOS,INGENIERÍA CIVIL,MASCULINO,NO,2,18
LIMA,ARQUITECTURA,FEMENINO,NO,2,18
LIMA,INGENIERÍA DE SISTEMAS,MASCULINO,NO,2,19
CAJAMARCA,INGENIERÍA DE SISTEMAS,FEMENINO,NO,5,23
ICA,INGENIERÍA CIVIL,FEMENINO,NO,2,19
LIMA,INGENIERÍA DE MINAS,MASCULINO,SI,2,18
ICA,INGENIERÍA CIVIL,MASCULINO,NO,1,17
CALLAO,INGENIERÍA DE SISTEMAS,MASCULINO,SI,5,22
LIMA,INGENIERÍA METALÚRGICA,MASCULINO,NO,2,18
LIMA,INGENIERÍA CIVIL,FEMENINO,NO,2,18
PUNO,INGENIERÍA DE SISTEMAS,MASCULINO,NO,4,20
LIMA,INGENIERÍA CIVIL,FEMENINO,NO,2,18
CALLAO,INGENIERÍA MECATRÓNICA,MASCULINO,NO,3,20
LIMA,QUÍMICA,MASCULINO,NO,2,19
LIMA,INGENIERÍA INDUSTRIAL,MASCULINO,NO,2,18
JUNÍN,CIENCIA DE LA COMPUTACIÓN,MASCULINO,SI,3,20
LIMA,QUÍMICA,MASCULINO,SI,2,18
ICA,INGENIERÍA ELÉCTRICA,MASCULINO,SI,2,19
LIMA,INGENIERÍA ELECTRÓNICA,MASCULINO,NO,2,18
LIMA,INGENIERÍA INDUSTRIAL,MASCULINO,NO,6,22
LIMA,INGENIERÍA DE TELECOMUNICACIONES,MASCULINO,NO,4,20
LIMA,INGENIERÍA ECONÓMICA,MASCULINO,NO,2,19
LIMA,INGENIERÍA DE SISTEMAS,MASCULINO,NO,1,18
LIMA,INGENIERÍA CIVIL,MASCULINO,NO,1,18
LIMA,INGENIERÍA MECATRÓNICA,MASCULINO,NO,1,17
LIMA,INGENIERÍA DE SISTEMAS,MASCULINO,NO,2,19
LIMA,INGENIERÍA AMBIENTAL,MASCULINO,SI,7,24
LIMA,CIENCIA DE LA COMPUTACIÓN,MASCULINO,NO,5,22
LIMA,INGENIERÍA MECÁNICA-ELÉCTRICA,MASCULINO,NO,1,18
LIMA,INGENIERÍA CIVIL,MASCULINO,NO,4,21
LIMA,INGENIERÍA CIVIL,MASCULINO,NO,3,19
LIMA,INGENIERÍA INDUSTRIAL,MASCULINO,NO,3,19
LIMA,INGENIERÍA ELÉCTRICA,MASCULINO,NO,2,19
LIMA,MATEMÁTICA,MASCULINO,NO,2,18
LIMA,INGENIERÍA MECÁNICA-ELÉCTRICA,MASCULINO,NO,5,22
LIMA,INGENIERÍA SANITARIA,MASCULINO,NO,3,19
LIMA,INGENIERÍA INDUSTRIAL,MASCULINO,NO,2,18
LIMA,INGENIERÍA DE MINAS,MASCULINO,NO,5,21
LIMA,INGENIERÍA AMBIENTAL,MASCULINO,NO,2,19
LIMA,ARQUITECTURA,FEMENINO,SI,5,21
PUNO,INGENIERÍA ECONÓMICA,MASCULINO,NO,2,18
AMAZONAS,INGENIERÍA DE CIBERSEGURIDAD,FEMENINO,NO,1,17
LIMA,INGENIERÍA ECONÓMICA,MASCULINO,NO,4,21
LIMA,INGENIERÍA DE SISTEMAS,MASCULINO,NO,1,18
LIMA,INGENIERÍA DE MINAS,FEMENINO,NO,2,18
HUANUCO,INGENIERÍA CIVIL,FEMENINO,SI,1,18
LIMA,INGENIERÍA DE MINAS,MASCULINO,NO,2,18
CALLAO,FÍSICA,MASCULINO,NO,2,19
LIMA,INGENIERÍA QUÍMICA,MASCULINO,NO,3,19
ICA,INGENIERÍA MECATRÓNICA,MASCULINO,SI,8,24
LIMA,INGENIERÍA CIVIL,MASCULINO,NO,3,19
SAN MARTIN,INGENIERÍA MECÁNICA,MASCULINO,NO,3,20
LIMA,INGENIERÍA MECATRÓNICA,FEMENINO,NO,2,18
LIMA,INGENIERÍA METALÚRGICA,FEMENINO,SI,4,21
LIMA,INGENIERÍA DE SOFTWARE,MASCULINO,NO,2,19
PUNO,INGENIERÍA DE SISTEMAS,MASCULINO,NO,1,17
LIMA,INGENIERÍA CIVIL,MASCULINO,NO,3,19
LIMA,INGENIERÍA DE SISTEMAS,MASCULINO,NO,3,19
LIMA,INGENIERÍA ECONÓMICA,MASCULINO,NO,2,19
LIMA,INGENIERÍA SANITARIA,MASCULINO,NO,4,20
LIMA,INGENIERÍA PETROQUÍMICA,FEMENINO,NO,3,19
LIMA,INGENIERÍA DE CIBERSEGURIDAD,MASCULINO,SI,1,17
LIMA,INGENIERÍA ECONÓMICA,MASCULINO,NO,1,17
LIMA,INGENIERÍA AMBIENTAL,MASCULINO,NO,2,19
CALLAO,INGENIERÍA CIVIL,MASCULINO,NO,5,21
LIMA,ARQUITECTURA,FEMENINO,NO,1,17
LIMA,INGENIERÍA AMBIENTAL,FEMENINO,NO,4,20
LIMA,INGENIERÍA MECATRÓNICA,MASCULINO,NO,3,19
LIMA,INGENIERÍA CIVIL,MASCULINO,NO,2,18
CALLAO,INGENIERÍA INDUSTRIAL,MASCULINO,NO,0,17
LIMA,CIENCIA DE LA COMPUTACIÓN,MASCULINO,SI,11,27
HUANCAVELICA,INGENIERÍA CIVIL,MASCULINO,NO,6,22
LIMA,INGENIERÍA CIVIL,MASCULINO,NO,1,17
LIMA,INGENIERÍA DE MINAS,MASCULINO,NO,1,17
LIMA,INGENIERÍA DE SISTEMAS,MASCULINO,NO,2,18
LIMA,INGENIERÍA CIVIL,MASCULINO,NO,2,18
JUNÍN,ARQUITECTURA,FEMENINO,NO,1,18
CALLAO,INGENIERÍA ELECTRÓNICA,MASCULINO,NO,3,18
ICA,INGENIERÍA MECATRÓNICA,FEMENINO,NO,1,18
LIMA,INGENIERÍA ELECTRÓNICA,MASCULINO,SI,1,18
LIMA,INGENIERÍA DE SISTEMAS,MASCULINO,NO,2,19
LIMA,INGENIERÍA CIVIL,MASCULINO,NO,2,18
LIMA,INGENIERÍA CIVIL,MASCULINO,NO,4,21
LIMA,INGENIERÍA MECÁNICA,MASCULINO,NO,1,17
LIMA,INGENIERÍA AMBIENTAL,MASCULINO,NO,10,25
LIMA,INGENIERÍA CIVIL,MASCULINO,NO,1,18
LIMA,INGENIERÍA CIVIL,MASCULINO,NO,4,25
LIMA,INGENIERÍA MECÁNICA,MASCULINO,NO,1,18
LIMA,INGENIERÍA CIVIL,MASCULINO,NO,1,18
LIMA,INGENIERÍA DE SISTEMAS,MASCULINO,NO,1,17
LIMA,ARQUITECTURA,MASCULINO,NO,3,18
CAJAMARCA,INGENIERÍA MECÁNICA,MASCULINO,NO,1,17
LIMA,INGENIERÍA DE SISTEMAS,MASCULINO,NO,1,17
LIMA,INGENIERÍA CIVIL,MASCULINO,NO,1,17
LIMA,INGENIERÍA DE SISTEMAS,MASCULINO,NO,4,20
LIMA,INGENIERÍA DE SISTEMAS,MASCULINO,NO,1,17
LIMA,INGENIERÍA MECÁNICA,MASCULINO,NO,3,19
ICA,INGENIERÍA CIVIL,MASCULINO,NO,2,18
LIMA,INGENIERÍA DE MINAS,MASCULINO,NO,2,18
LIMA,INGENIERÍA DE SISTEMAS,MASCULINO,SI,2,18
LIMA,ARQUITECTURA,MASCULINO,NO,1,17
LIMA,ARQUITECTURA,FEMENINO,NO,1,17
LIMA,INGENIERÍA ECONÓMICA,FEMENINO,NO,4,20
JUNIN,ARQUITECTURA,MASCULINO,NO,4,21
LIMA,ARQUITECTURA,MASCULINO,SI,2,19
LIMA,INGENIERÍA DE CIBERSEGURIDAD,MASCULINO,SI,12,28
LIMA,INGENIERÍA MECATRÓNICA,MASCULINO,SI,4,20
LIMA,INGENIERÍA AMBIENTAL,MASCULINO,NO,2,19
JUNIN,INGENIERÍA DE PETRÓLEO Y GAS NATURAL,MASCULINO,SI,1,17
UCAYALI,INGENIERÍA DE SISTEMAS,MASCULINO,NO,4,20
AYACUCHO,INGENIERÍA MECATRÓNICA,MASCULINO,NO,2,19
LIMA,INGENIERÍA MECÁNICA,MASCULINO,NO,3,19
ANCASH,INGENIERÍA DE SISTEMAS,MASCULINO,NO,2,18
LIMA,INGENIERÍA DE SISTEMAS,FEMENINO,NO,4,21
LIMA,INGENIERÍA DE TELECOMUNICACIONES,MASCULINO,NO,3,20
MADRE DE DIOS,INGENIERÍA CIVIL,MASCULINO,NO,4,20
LIMA,INGENIERÍA INDUSTRIAL,MASCULINO,NO,3,19
LIMA,ARQUITECTURA,FEMENINO,NO,3,19
LIMA,INGENIERÍA GEOLÓGICA,MASCULINO,NO,1,18
LIMA,FÍSICA,MASCULINO,NO,5,21
LIMA,INGENIERÍA CIVIL,MASCULINO,NO,3,20
LIMA,INGENIERÍA DE CIBERSEGURIDAD,MASCULINO,NO,4,21
LIMA,INGENIERÍA MECATRÓNICA,MASCULINO,SI,2,19
LIMA,INGENIERÍA METALÚRGICA,FEMENINO,NO,3,19
LIMA,INGENIERÍA CIVIL,FEMENINO,NO,2,19
CALLAO,INGENIERÍA DE CIBERSEGURIDAD,MASCULINO,NO,3,20
ANCASH,INGENIERÍA MECATRÓNICA,FEMENINO,NO,2,18
CALLAO,INGENIERÍA ECONÓMICA,MASCULINO,SI,1,17
LIMA,INGENIERÍA ELECTRÓNICA,MASCULINO,NO,3,19
CALLAO,INGENIERÍA ELECTRÓNICA,MASCULINO,NO,2,18
LIMA,ARQUITECTURA,FEMENINO,NO,3,19
JUNIN,INGENIERÍA CIVIL,MASCULINO,NO,4,20
JUNIN,ARQUITECTURA,FEMENINO,NO,2,17
LIMA,INGENIERÍA DE SISTEMAS,MASCULINO,NO,1,17
LIMA,INGENIERÍA DE SISTEMAS,MASCULINO,NO,3,19
LIMA,INGENIERÍA CIVIL,MASCULINO,NO,1,17
LIMA,INGENIERÍA INDUSTRIAL,FEMENINO,NO,2,18
LIMA,INGENIERÍA MECÁNICA-ELÉCTRICA,MASCULINO,NO,6,24
LIMA,CIENCIA DE LA COMPUTACIÓN,MASCULINO,NO,1,18
LIMA,INGENIERÍA ECONÓMICA,FEMENINO,NO,4,20
LIMA,INGENIERÍA AMBIENTAL,MASCULINO,NO,2,18
LAMBAYEQUE,FÍSICA,MASCULINO,NO,1,18
LIMA,INGENIERÍA DE SISTEMAS,MASCULINO,NO,2,18
LIMA,INGENIERÍA DE SISTEMAS,MASCULINO,NO,2,19
LIMA,INGENIERÍA QUÍMICA,FEMENINO,SI,2,18
AREQUIPA,INGENIERÍA MECÁNICA,FEMENINO,NO,2,19
LIMA,INGENIERÍA DE MINAS,MASCULINO,NO,2,20
JUNIN,INGENIERÍA FÍSICA,MASCULINO,SI,2,18
LIMA,INGENIERÍA DE SISTEMAS,MASCULINO,NO,1,17
LIMA,INGENIERÍA MECATRÓNICA,MASCULINO,NO,1,17
LIMA,INGENIERÍA INDUSTRIAL,MASCULINO,NO,1,17
LIMA,INGENIERÍA ELECTRÓNICA,MASCULINO,NO,1,17
LIMA,INGENIERÍA DE SISTEMAS,MASCULINO,NO,10,26
LIMA,INGENIERÍA CIVIL,MASCULINO,NO,3,19
LIMA,INGENIERÍA CIVIL,FEMENINO,NO,2,18
CALLAO,INGENIERÍA ELECTRÓNICA,MASCULINO,NO,4,20
LIMA,INGENIERÍA DE TELECOMUNICACIONES,MASCULINO,NO,2,18
HUANCAVELICA,INGENIERÍA CIVIL,MASCULINO,NO,5,22
LIMA,INGENIERÍA DE CIBERSEGURIDAD,MASCULINO,NO,1,18
APURIMAC,INGENIERÍA CIVIL,MASCULINO,NO,3,20
LIMA,INGENIERÍA DE SISTEMAS,FEMENINO,NO,3,19
LIMA,INGENIERÍA DE SISTEMAS,MASCULINO,SI,3,20
LIMA,INGENIERÍA CIVIL,FEMENINO,NO,2,18
LIMA,INGENIERÍA NAVAL,MASCULINO,NO,2,18
LIMA,INGENIERÍA ELECTRÓNICA,MASCULINO,NO,3,20
LIMA,INGENIERÍA DE SISTEMAS,MASCULINO,NO,2,19
LIMA,INGENIERÍA INDUSTRIAL,MASCULINO,NO,2,19
LIMA,INGENIERÍA CIVIL,FEMENINO,NO,2,18
LIMA,INGENIERÍA ELECTRÓNICA,MASCULINO,NO,2,18
LIMA,INGENIERÍA CIVIL,MASCULINO,NO,2,19
LIMA,INGENIERÍA DE SISTEMAS,MASCULINO,NO,9,25
LIMA,INGENIERÍA CIVIL,FEMENINO,NO,6,23
ANCASH,INGENIERÍA MECATRÓNICA,MASCULINO,NO,4,20
LIMA,INGENIERÍA ELECTRÓNICA,FEMENINO,NO,1,18
LIMA,INGENIERÍA ECONÓMICA,MASCULINO,NO,2,18
LIMA,INGENIERÍA CIVIL,MASCULINO,NO,1,18
LIMA,INGENIERÍA MECATRÓNICA,MASCULINO,NO,2,19
LIMA,INGENIERÍA ECONÓMICA,MASCULINO,NO,1,18
LIMA,ARQUITECTURA,FEMENINO,NO,2,18
LIMA,INGENIERÍA DE SISTEMAS,MASCULINO,NO,2,18
LIMA,INGENIERÍA DE SISTEMAS,MASCULINO,NO,2,19
LIMA,INGENIERÍA DE TELECOMUNICACIONES,MASCULINO,SI,1,17
LIMA,INGENIERÍA DE MINAS,FEMENINO,NO,3,19
CAJAMARCA,INGENIERÍA CIVIL,MASCULINO,NO,1,18
LIMA,INGENIERÍA MECATRÓNICA,MASCULINO,NO,2,18
LIMA,INGENIERÍA CIVIL,MASCULINO,NO,2,18
LIMA,INGENIERÍA DE SISTEMAS,MASCULINO,NO,2,18
LIMA,INGENIERÍA QUÍMICA,MASCULINO,NO,2,18
LIMA,INGENIERÍA DE TELECOMUNICACIONES,MASCULINO,NO,3,19
LIMA,MATEMÁTICA,MASCULINO,NO,1,17
CALLAO,INGENIERÍA QUÍMICA,FEMENINO,NO,3,19
ÁNCASH,INGENIERÍA AMBIENTAL,FEMENINO,NO,1,17
HUÁNUCO,INGENIERÍA DE TELECOMUNICACIONES,MASCULINO,NO,1,17
APURÍMAC,ARQUITECTURA,MASCULINO,NO,3,19
CALLAO,INGENIERÍA CIVIL,FEMENINO,NO,3,19
ICA,INGENIERÍA DE MINAS,MASCULINO,NO,1,18
LIMA,FÍSICA,MASCULINO,SI,1,17
LIMA,INGENIERÍA QUÍMICA,MASCULINO,NO,4,21
LIMA,INGENIERÍA DE SISTEMAS,MASCULINO,NO,4,20
LIMA,INGENIERÍA MECÁNICA-ELÉCTRICA,FEMENINO,NO,4,20
LIMA,INGENIERÍA CIVIL,MASCULINO,NO,2,18
LIMA,INGENIERÍA MECÁNICA,MASCULINO,NO,2,18
HUÁNUCO,INGENIERÍA ECONÓMICA,MASCULINO,NO,1,18
CALLAO,INGENIERÍA MECATRÓNICA,MASCULINO,NO,1,17
CALLAO,INGENIERÍA DE SISTEMAS,MASCULINO,NO,3,20
LIMA,INGENIERÍA CIVIL,MASCULINO,NO,1,18
LIMA,INGENIERÍA DE SISTEMAS,MASCULINO,NO,2,18
LA LIBERTAD,INGENIERÍA CIVIL,MASCULINO,NO,1,18
TACNA,MATEMÁTICA,FEMENINO,NO,3,20
JUNIN,ARQUITECTURA,FEMENINO,NO,3,19
LIMA,INGENIERÍA CIVIL,FEMENINO,NO,2,18
LIMA,ARQUITECTURA,MASCULINO,SI,4,20
LIMA,INGENIERÍA CIVIL,MASCULINO,NO,3,18
LIMA,INGENIERÍA INDUSTRIAL,FEMENINO,NO,1,17
LIMA,INGENIERÍA ECONÓMICA,FEMENINO,NO,1,18
LIMA,INGENIERÍA INDUSTRIAL,MASCULINO,NO,1,18
LIMA,INGENIERÍA DE MINAS,MASCULINO,SI,1,18
APURIMAC,INGENIERÍA DE SOFTWARE,MASCULINO,NO,5,22
LIMA,INGENIERÍA DE SISTEMAS,MASCULINO,NO,3,19
LIMA,INGENIERÍA DE PETRÓLEO Y GAS NATURAL,MASCULINO,NO,1,17
LIMA,INGENIERÍA SANITARIA,FEMENINO,NO,2,19
LIMA,INGENIERÍA DE SISTEMAS,MASCULINO,NO,1,17
JUNIN,MATEMÁTICA,MASCULINO,NO,4,20
LIMA,INGENIERÍA DE SISTEMAS,MASCULINO,NO,2,19
LIMA,INGENIERÍA INDUSTRIAL,MASCULINO,NO,5,21
LIMA,INGENIERÍA ELÉCTRICA,MASCULINO,NO,1,17
LIMA,INGENIERÍA QUÍMICA,FEMENINO,NO,2,18
LIMA,ARQUITECTURA,FEMENINO,NO,1,18
LIMA,ARQUITECTURA,MASCULINO,NO,3,19
LIMA,INGENIERÍA CIVIL,MASCULINO,NO,2,19
LIMA,INGENIERÍA ESTADÍSTICA,FEMENINO,NO,7,23
LIMA,INGENIERÍA ELECTRÓNICA,MASCULINO,NO,1,17
CALLAO,INGENIERÍA INDUSTRIAL,MASCULINO,NO,2,19
LIMA,ARQUITECTURA,MASCULINO,NO,2,18
LIMA,INGENIERÍA DE SISTEMAS,MASCULINO,NO,2,18
JUNIN,INGENIERÍA MECATRÓNICA,MASCULINO,NO,3,20
LIMA,INGENIERÍA DE SISTEMAS,FEMENINO,NO,2,18
LIMA,INGENIERÍA CIVIL,FEMENINO,NO,5,20
LIMA,ARQUITECTURA,FEMENINO,NO,1,18
LIMA,INGENIERÍA DE MINAS,MASCULINO,NO,6,23
LIMA,INGENIERÍA ESTADÍSTICA,MASCULINO,NO,2,18
LIMA,INGENIERÍA DE MINAS,MASCULINO,NO,2,19
LIMA,INGENIERÍA DE MINAS,MASCULINO,NO,3,19
LIMA,INGENIERÍA DE SOFTWARE,MASCULINO,SI,3,19
LIMA,INGENIERÍA SANITARIA,MASCULINO,NO,2,19
LIMA,INGENIERÍA INDUSTRIAL,MASCULINO,NO,1,17
LIMA,INGENIERÍA DE SOFTWARE,MASCULINO,NO,2,19
AYACUCHO,INGENIERÍA ELECTRÓNICA,MASCULINO,NO,3,19
LIMA,INGENIERÍA MECATRÓNICA,MASCULINO,NO,1,18
LIMA,INGENIERÍA DE TELECOMUNICACIONES,FEMENINO,NO,3,19
LIMA,INGENIERÍA DE CIBERSEGURIDAD,MASCULINO,NO,5,21
LIMA,INGENIERÍA DE SISTEMAS,FEMENINO,NO,2,18
LIMA,INGENIERÍA ESTADÍSTICA,MASCULINO,NO,2,18
LIMA,INGENIERÍA DE SOFTWARE,MASCULINO,SI,2,18
LIMA,INGENIERÍA MECATRÓNICA,MASCULINO,NO,3,19
LIMA,INGENIERÍA MECÁNICA,MASCULINO,SI,4,20
LIMA,INGENIERÍA INDUSTRIAL,MASCULINO,SI,3,19
LIMA,INGENIERÍA MECÁNICA,MASCULINO,NO,5,21
LIMA,ARQUITECTURA,FEMENINO,NO,2,18
AYACUCHO,INGENIERÍA DE TELECOMUNICACIONES,MASCULINO,NO,4,20
LIMA,INGENIERÍA CIVIL,FEMENINO,NO,2,19
LIMA,INGENIERÍA DE CIBERSEGURIDAD,MASCULINO,NO,3,20
LIMA,INGENIERÍA ELECTRÓNICA,MASCULINO,NO,2,19
LIMA,INGENIERÍA INDUSTRIAL,MASCULINO,NO,2,19
LIMA,INGENIERÍA MECATRÓNICA,MASCULINO,NO,2,18
LIMA,INGENIERÍA INDUSTRIAL,MASCULINO,NO,3,19
LIMA,INGENIERÍA CIVIL,MASCULINO,NO,1,17
LIMA,INGENIERÍA MECATRÓNICA,MASCULINO,SI,3,20
LIMA,INGENIERÍA INDUSTRIAL,MASCULINO,NO,3,19
LIMA,INGENIERÍA DE SISTEMAS,MASCULINO,NO,3,19
LIMA,INGENIERÍA DE SISTEMAS,FEMENINO,NO,1,17
LIMA,INGENIERÍA DE CIBERSEGURIDAD,MASCULINO,NO,7,25
LIMA,INGENIERÍA DE MINAS,FEMENINO,NO,3,19
LIMA,INGENIERÍA DE SISTEMAS,FEMENINO,NO,3,19
LIMA,INGENIERÍA MECÁNICA,MASCULINO,NO,4,19
PASCO,INGENIERÍA DE MINAS,MASCULINO,NO,4,20
LIMA,INGENIERÍA CIVIL,MASCULINO,NO,2,18
LIMA,INGENIERÍA CIVIL,MASCULINO,NO,2,18
LIMA,INGENIERÍA CIVIL,MASCULINO,NO,2,18
LIMA,INGENIERÍA GEOLÓGICA,MASCULINO,NO,1,17
CAJAMARCA,INGENIERÍA DE SISTEMAS,MASCULINO,NO,3,19
APURIMAC,ARQUITECTURA,MASCULINO,NO,2,18
LIMA,INGENIERÍA CIVIL,MASCULINO,NO,1,17
LIMA,INGENIERÍA CIVIL,MASCULINO,NO,7,23
LIMA,INGENIERÍA MECATRÓNICA,MASCULINO,NO,1,17
LIMA,INGENIERÍA CIVIL,MASCULINO,NO,4,20
JUNIN,INGENIERÍA DE SISTEMAS,MASCULINO,NO,1,17
LIMA,INGENIERÍA INDUSTRIAL,FEMENINO,NO,1,18
LIMA,INGENIERÍA INDUSTRIAL,MASCULINO,NO,2,18
LIMA,INGENIERÍA NAVAL,MASCULINO,NO,2,18
LIMA,INGENIERÍA DE SISTEMAS,MASCULINO,NO,4,19
LIMA,INGENIERÍA CIVIL,MASCULINO,NO,3,19
LIMA,INGENIERÍA MECATRÓNICA,MASCULINO,NO,5,22
JUNIN,INGENIERÍA ELECTRÓNICA,MASCULINO,NO,3,20
LIMA,INGENIERÍA DE MINAS,FEMENINO,NO,1,17
LIMA,INGENIERÍA ESTADÍSTICA,MASCULINO,NO,3,20
LIMA,ARQUITECTURA,FEMENINO,NO,1,17
LIMA,INGENIERÍA DE SISTEMAS,MASCULINO,NO,4,20
LIMA,FÍSICA,MASCULINO,SI,2,19
LIMA,INGENIERÍA DE MINAS,MASCULINO,NO,2,18
LIMA,ARQUITECTURA,MASCULINO,NO,1,17
LIMA,INGENIERÍA CIVIL,MASCULINO,SI,1,17
LIMA,INGENIERÍA DE CIBERSEGURIDAD,MASCULINO,NO,1,18
LIMA,INGENIERÍA MECATRÓNICA,FEMENINO,NO,2,20
LIMA,INGENIERÍA DE SISTEMAS,FEMENINO,NO,2,18
LIMA,INGENIERÍA MECATRÓNICA,MASCULINO,NO,3,19
PUNO,INGENIERÍA CIVIL,MASCULINO,NO,1,18
PASCO,INGENIERÍA CIVIL,FEMENINO,NO,5,21
LIMA,INGENIERÍA MECATRÓNICA,MASCULINO,NO,1,18
PUNO,INGENIERÍA QUÍMICA,FEMENINO,NO,1,17
LIMA,ARQUITECTURA,FEMENINO,NO,1,17
ICA,INGENIERÍA CIVIL,MASCULINO,NO,1,17
PIURA,INGENIERÍA DE SISTEMAS,FEMENINO,NO,2,18
LIMA,INGENIERÍA DE TELECOMUNICACIONES,MASCULINO,NO,2,19
LIMA,INGENIERÍA DE SISTEMAS,FEMENINO,NO,1,17
LIMA,INGENIERÍA MECATRÓNICA,MASCULINO,NO,2,19
LIMA,INGENIERÍA DE SISTEMAS,MASCULINO,NO,1,18
CALLAO,QUÍMICA,MASCULINO,NO,2,18
JUNÍN,INGENIERÍA ELECTRÓNICA,MASCULINO,SI,1,17
ÁNCASH,INGENIERÍA INDUSTRIAL,FEMENINO,NO,4,21
LIMA,INGENIERÍA ECONÓMICA,FEMENINO,NO,3,20
LIMA,INGENIERÍA DE SISTEMAS,MASCULINO,NO,1,17
LIMA,INGENIERÍA DE MINAS,FEMENINO,NO,2,18
LIMA,INGENIERÍA DE MINAS,MASCULINO,NO,1,17
JUNÍN,INGENIERÍA INDUSTRIAL,MASCULINO,NO,2,18
LIMA,INGENIERÍA FÍSICA,MASCULINO,SI,1,17
LIMA,INGENIERÍA INDUSTRIAL,MASCULINO,NO,3,19
LIMA,INGENIERÍA CIVIL,MASCULINO,NO,1,17
LIMA,ARQUITECTURA,FEMENINO,NO,1,18
LIMA,INGENIERÍA CIVIL,MASCULINO,NO,1,17
CALLAO,INGENIERÍA MECATRÓNICA,MASCULINO,NO,3,19
LIMA,INGENIERÍA CIVIL,MASCULINO,NO,3,19
LIMA,ARQUITECTURA,FEMENINO,NO,1,18
LIMA,INGENIERÍA INDUSTRIAL,MASCULINO,NO,2,19
LIMA,INGENIERÍA INDUSTRIAL,MASCULINO,NO,1,17
LIMA,INGENIERÍA SANITARIA,MASCULINO,NO,3,19
JUNIN,INGENIERÍA AMBIENTAL,MASCULINO,SI,6,22
LIMA,ARQUITECTURA,FEMENINO,NO,3,19
LIMA,INGENIERÍA ECONÓMICA,FEMENINO,SI,1,17
LIMA,ARQUITECTURA,MASCULINO,NO,1,17
LIMA,INGENIERÍA ELÉCTRICA,MASCULINO,NO,4,20
LIMA,INGENIERÍA CIVIL,MASCULINO,NO,0,18
CALLAO,INGENIERÍA CIVIL,MASCULINO,NO,4,20
LIMA,FÍSICA,MASCULINO,SI,1,18
LIMA,INGENIERÍA CIVIL,MASCULINO,NO,2,18
LIMA,INGENIERÍA ELÉCTRICA,MASCULINO,NO,2,19
LIMA,INGENIERÍA DE SISTEMAS,FEMENINO,NO,2,18
AYACUCHO,INGENIERÍA DE SISTEMAS,MASCULINO,NO,1,17
LIMA,INGENIERÍA CIVIL,FEMENINO,NO,1,18
LIMA,INGENIERÍA INDUSTRIAL,MASCULINO,NO,2,19
CALLAO,INGENIERÍA DE SISTEMAS,MASCULINO,NO,1,18
JUNIN,INGENIERÍA MECÁNICA-ELÉCTRICA,MASCULINO,NO,2,18
LIMA,INGENIERÍA DE SISTEMAS,FEMENINO,NO,2,20
LIMA,INGENIERÍA CIVIL,MASCULINO,SI,12,27
LIMA,INGENIERÍA DE SISTEMAS,MASCULINO,SI,2,18
LIMA,INGENIERÍA DE SISTEMAS,MASCULINO,NO,2,18
LIMA,ARQUITECTURA,MASCULINO,NO,1,17
ICA,INGENIERÍA DE SISTEMAS,MASCULINO,NO,2,18
LIMA,INGENIERÍA ECONÓMICA,MASCULINO,NO,4,20
LIMA,INGENIERÍA MECÁNICA,MASCULINO,NO,1,17
LIMA,INGENIERÍA MECÁNICA-ELÉCTRICA,MASCULINO,NO,4,21
APURIMAC,INGENIERÍA CIVIL,MASCULINO,NO,2,18
LIMA,INGENIERÍA CIVIL,MASCULINO,NO,5,21
LORETO,INGENIERÍA MECÁNICA,FEMENINO,NO,2,18
LIMA,ARQUITECTURA,MASCULINO,NO,3,20
LIMA,INGENIERÍA MECÁNICA,MASCULINO,NO,3,19
AYACUCHO,INGENIERÍA CIVIL,MASCULINO,NO,1,18
PUNO,INGENIERÍA MECATRÓNICA,MASCULINO,NO,4,20
LIMA,INGENIERÍA INDUSTRIAL,MASCULINO,NO,2,18
LIMA,INGENIERÍA AMBIENTAL,FEMENINO,NO,1,17
LIMA,CIENCIA DE LA COMPUTACIÓN,MASCULINO,NO,3,20
LIMA,INGENIERÍA QUÍMICA,FEMENINO,NO,2,18
CUSCO,INGENIERÍA CIVIL,FEMENINO,NO,1,17
ICA,INGENIERÍA CIVIL,MASCULINO,NO,1,17
LIMA,INGENIERÍA MECATRÓNICA,MASCULINO,NO,3,19
LIMA,ARQUITECTURA,MASCULINO,NO,3,19
LIMA,INGENIERÍA CIVIL,MASCULINO,NO,1,18
LIMA,INGENIERÍA INDUSTRIAL,MASCULINO,NO,3,19
LIMA,INGENIERÍA MECÁNICA,MASCULINO,NO,1,18
LIMA,INGENIERÍA DE SISTEMAS,MASCULINO,NO,4,19
LIMA,INGENIERÍA DE SISTEMAS,MASCULINO,NO,2,18
ICA,INGENIERÍA CIVIL,MASCULINO,NO,3,20
LIMA,INGENIERÍA ECONÓMICA,FEMENINO,SI,4,20
LIMA,INGENIERÍA DE SISTEMAS,MASCULINO,NO,2,18
LIMA,INGENIERÍA INDUSTRIAL,MASCULINO,NO,1,17
SAN MARTIN,ARQUITECTURA,FEMENINO,NO,3,20
LIMA,INGENIERÍA PETROQUÍMICA,MASCULINO,NO,3,19
AREQUIPA,INGENIERÍA PETROQUÍMICA,FEMENINO,NO,1,18
LIMA,INGENIERÍA DE SISTEMAS,MASCULINO,SI,1,18
LAMBAYEQUE,INGENIERÍA ECONÓMICA,FEMENINO,NO,3,19
LIMA,INGENIERÍA DE SISTEMAS,MASCULINO,NO,4,20
LIMA,INGENIERÍA AMBIENTAL,MASCULINO,SI,5,21
LIMA,INGENIERÍA CIVIL,FEMENINO,NO,2,18
LIMA,INGENIERÍA MECATRÓNICA,MASCULINO,SI,4,21
LIMA,INGENIERÍA CIVIL,MASCULINO,NO,1,18
LIMA,INGENIERÍA CIVIL,FEMENINO,NO,2,18
LIMA,ARQUITECTURA,FEMENINO,NO,3,19
LIMA,INGENIERÍA CIVIL,FEMENINO,NO,2,18
LIMA,INGENIERÍA DE CIBERSEGURIDAD,FEMENINO,NO,3,19
LIMA,INGENIERÍA INDUSTRIAL,FEMENINO,NO,2,18
LIMA,INGENIERÍA CIVIL,MASCULINO,NO,2,18
CAJAMARCA,INGENIERÍA MECATRÓNICA,MASCULINO,NO,1,18
LIMA,INGENIERÍA INDUSTRIAL,FEMENINO,NO,2,18
CALLAO,ARQUITECTURA,FEMENINO,NO,2,18
LIMA,INGENIERÍA INDUSTRIAL,MASCULINO,SI,2,19
LIMA,INGENIERÍA ELECTRÓNICA,MASCULINO,NO,2,18
LIMA,INGENIERÍA DE MINAS,MASCULINO,NO,2,18
LIMA,INGENIERÍA DE SISTEMAS,MASCULINO,NO,3,19
LIMA,INGENIERÍA DE SISTEMAS,FEMENINO,NO,2,19
LIMA,INGENIERÍA DE CIBERSEGURIDAD,MASCULINO,NO,2,18
LIMA,INGENIERÍA DE SISTEMAS,MASCULINO,NO,1,17
LIMA,INGENIERÍA CIVIL,MASCULINO,NO,6,22
LIMA,INGENIERÍA ELECTRÓNICA,MASCULINO,NO,1,17
LIMA,INGENIERÍA MECÁNICA,MASCULINO,NO,3,19
LIMA,ARQUITECTURA,MASCULINO,NO,2,18
LIMA,INGENIERÍA CIVIL,MASCULINO,SI,4,20
LIMA,ARQUITECTURA,MASCULINO,NO,4,20
LIMA,INGENIERÍA DE SISTEMAS,MASCULINO,NO,6,22
AYACUCHO,INGENIERÍA MECATRÓNICA,MASCULINO,NO,2,18
LIMA,INGENIERÍA QUÍMICA,FEMENINO,NO,6,22
LIMA,INGENIERÍA DE SISTEMAS,MASCULINO,NO,2,18
LIMA,INGENIERÍA DE SISTEMAS,MASCULINO,NO,2,19
LIMA,INGENIERÍA PETROQUÍMICA,MASCULINO,NO,1,18
LIMA,ARQUITECTURA,MASCULINO,NO,1,19
LIMA,INGENIERÍA MECÁNICA,MASCULINO,SI,4,20
LIMA,INGENIERÍA DE TELECOMUNICACIONES,MASCULINO,NO,2,18
CALLAO,CIENCIA DE LA COMPUTACIÓN,MASCULINO,NO,1,18
PUNO,INGENIERÍA AMBIENTAL,MASCULINO,NO,3,20
LIMA,INGENIERÍA CIVIL,FEMENINO,NO,2,18
LIMA,INGENIERÍA DE MINAS,MASCULINO,NO,2,18
LIMA,INGENIERÍA DE TELECOMUNICACIONES,MASCULINO,NO,3,19
LIMA,INGENIERÍA DE SISTEMAS,FEMENINO,NO,2,18
LIMA,MATEMÁTICA,MASCULINO,SI,1,16
LIMA,INGENIERÍA INDUSTRIAL,FEMENINO,SI,4,20
LIMA,INGENIERÍA DE SISTEMAS,MASCULINO,NO,3,19
LIMA,INGENIERÍA CIVIL,MASCULINO,NO,2,18
LIMA,INGENIERÍA NAVAL,MASCULINO,SI,4,19
LIMA,INGENIERÍA DE TELECOMUNICACIONES,FEMENINO,NO,1,17
MADRE DE DIOS,INGENIERÍA SANITARIA,MASCULINO,SI,4,20
LIMA,INGENIERÍA DE SISTEMAS,MASCULINO,NO,1,18
LIMA,ARQUITECTURA,MASCULINO,NO,2,18
LIMA,INGENIERÍA CIVIL,MASCULINO,NO,3,20
UCAYALI,INGENIERÍA CIVIL,FEMENINO,NO,1,17
AMAZONAS,ARQUITECTURA,MASCULINO,NO,3,20
LIMA,MATEMÁTICA,MASCULINO,NO,4,21
JUNIN,INGENIERÍA CIVIL,MASCULINO,NO,5,21
LIMA,CIENCIA DE LA COMPUTACIÓN,MASCULINO,NO,5,21
LIMA,INGENIERÍA CIVIL,MASCULINO,NO,2,18
LIMA,INGENIERÍA MECATRÓNICA,MASCULINO,NO,1,18
LIMA,MATEMÁTICA,MASCULINO,NO,2,19
LIMA,INGENIERÍA QUÍMICA,MASCULINO,NO,4,20
LIMA,INGENIERÍA INDUSTRIAL,MASCULINO,NO,2,18
LIMA,INGENIERÍA INDUSTRIAL,FEMENINO,NO,23,41
LIMA,INGENIERÍA CIVIL,MASCULINO,NO,1,17
LIMA,INGENIERÍA DE SISTEMAS,MASCULINO,NO,1,18
LIMA,INGENIERÍA DE MINAS,MASCULINO,NO,3,19
LIMA,INGENIERÍA DE HIGIENE Y SEGURIDAD INDUSTRIAL,MASCULINO,NO,11,29
LIMA,INGENIERÍA DE HIGIENE Y SEGURIDAD INDUSTRIAL,FEMENINO,NO,4,20
LIMA,INGENIERÍA AMBIENTAL,FEMENINO,SI,4,22
LIMA,INGENIERÍA SANITARIA,MASCULINO,SI,1,17
ANCASH,INGENIERÍA CIVIL,MASCULINO,NO,2,18
JUNIN,INGENIERÍA METALÚRGICA,MASCULINO,NO,2,19
LIMA,INGENIERÍA DE TELECOMUNICACIONES,FEMENINO,NO,4,20
LIMA,INGENIERÍA CIVIL,FEMENINO,NO,2,19
LIMA,INGENIERÍA DE SISTEMAS,MASCULINO,SI,5,22
LIMA,INGENIERÍA TEXTIL,FEMENINO,NO,3,19
AMAZONAS,INGENIERÍA ELÉCTRICA,MASCULINO,NO,7,23
LIMA,INGENIERÍA INDUSTRIAL,MASCULINO,NO,2,18
LIMA,INGENIERÍA QUÍMICA,MASCULINO,NO,5,21
LIMA,INGENIERÍA DE SISTEMAS,MASCULINO,NO,1,18
LIMA,INGENIERÍA ECONÓMICA,MASCULINO,NO,2,18
AMAZONAS,INGENIERÍA CIVIL,FEMENINO,NO,2,19
CALLAO,INGENIERÍA ELECTRÓNICA,MASCULINO,NO,1,18
LIMA,INGENIERÍA CIVIL,MASCULINO,NO,1,18
JUNIN,INGENIERÍA DE SOFTWARE,MASCULINO,NO,1,17
HUANCAVELICA,INGENIERÍA CIVIL,MASCULINO,NO,5,21
JUNIN,INGENIERÍA MECATRÓNICA,MASCULINO,NO,5,21
LIMA,INGENIERÍA INDUSTRIAL,FEMENINO,NO,2,18
JUNIN,INGENIERÍA DE SISTEMAS,MASCULINO,NO,3,19
LIMA,INGENIERÍA CIVIL,MASCULINO,NO,2,18
LIMA,ARQUITECTURA,FEMENINO,NO,2,18
AMAZONAS,ARQUITECTURA,MASCULINO,NO,2,19
PIURA,INGENIERÍA CIVIL,MASCULINO,NO,4,20
LIMA,ARQUITECTURA,FEMENINO,NO,1,18
LIMA,INGENIERÍA DE SISTEMAS,MASCULINO,NO,2,18
LIMA,INGENIERÍA INDUSTRIAL,FEMENINO,NO,2,19
LIMA,INGENIERÍA CIVIL,MASCULINO,NO,6,22
LIMA,INGENIERÍA INDUSTRIAL,MASCULINO,NO,3,19
LIMA,INGENIERÍA DE MINAS,FEMENINO,NO,2,18
LIMA,INGENIERÍA ELÉCTRICA,MASCULINO,NO,2,19
LIMA,INGENIERÍA CIVIL,MASCULINO,NO,1,18
LIMA,CIENCIA DE LA COMPUTACIÓN,MASCULINO,SI,4,20
LIMA,INGENIERÍA CIVIL,MASCULINO,NO,2,18
LIMA,INGENIERÍA INDUSTRIAL,MASCULINO,NO,1,17
AYACUCHO,INGENIERÍA ELECTRÓNICA,MASCULINO,NO,2,18
LIMA,INGENIERÍA DE SISTEMAS,MASCULINO,SI,5,21
LIMA,INGENIERÍA CIVIL,MASCULINO,NO,1,17
LIMA,INGENIERÍA SANITARIA,MASCULINO,NO,1,17
LIMA,INGENIERÍA INDUSTRIAL,MASCULINO,NO,4,21
LIMA,ARQUITECTURA,MASCULINO,NO,2,18
LIMA,INGENIERÍA DE SISTEMAS,MASCULINO,SI,3,19
LIMA,INGENIERÍA DE SISTEMAS,MASCULINO,NO,8,23
LIMA,INGENIERÍA MECATRÓNICA,MASCULINO,SI,2,18
LIMA,INGENIERÍA CIVIL,MASCULINO,NO,1,17
LIMA,INGENIERÍA DE CIBERSEGURIDAD,MASCULINO,NO,3,20
LIMA,FÍSICA,MASCULINO,NO,10,26
LIMA,ARQUITECTURA,FEMENINO,NO,1,18
LIMA,FÍSICA,MASCULINO,SI,2,18
PUNO,FÍSICA,MASCULINO,NO,2,19
HUÁNUCO,INGENIERÍA CIVIL,FEMENINO,NO,1,18
LIMA,ARQUITECTURA,FEMENINO,NO,1,17
LIMA,INGENIERÍA DE MINAS,MASCULINO,NO,1,17
LIMA,ARQUITECTURA,FEMENINO,NO,4,21
LIMA,FÍSICA,MASCULINO,NO,3,19
LIMA,ARQUITECTURA,FEMENINO,NO,2,19
LIMA,ARQUITECTURA,MASCULINO,NO,5,20
LIMA,INGENIERÍA FÍSICA,MASCULINO,NO,15,32
AYACUCHO,INGENIERÍA AMBIENTAL,FEMENINO,NO,1,18
LIMA,INGENIERÍA INDUSTRIAL,MASCULINO,NO,6,22
LIMA,INGENIERÍA AMBIENTAL,MASCULINO,NO,2,18
LIMA,ARQUITECTURA,FEMENINO,NO,6,22
LIMA,INGENIERÍA MECATRÓNICA,MASCULINO,NO,3,19
LIMA,INGENIERÍA DE SISTEMAS,MASCULINO,NO,5,21
HUANCAVELICA,INGENIERÍA INDUSTRIAL,MASCULINO,NO,4,21
PASCO,INGENIERÍA CIVIL,MASCULINO,NO,2,18
LIMA,ARQUITECTURA,FEMENINO,NO,4,20
LIMA,INGENIERÍA MECÁNICA,MASCULINO,NO,1,17
LIMA,INGENIERÍA DE SISTEMAS,MASCULINO,NO,4,20
LIMA,INGENIERÍA MECÁNICA,MASCULINO,NO,2,18
LIMA,ARQUITECTURA,FEMENINO,NO,6,22
LIMA,INGENIERÍA DE SISTEMAS,MASCULINO,NO,1,18
LIMA,INGENIERÍA INDUSTRIAL,MASCULINO,NO,2,18
JUNÍN,INGENIERÍA DE SISTEMAS,MASCULINO,NO,4,21
LIMA,INGENIERÍA DE SISTEMAS,MASCULINO,NO,2,18
LIMA,INGENIERÍA DE SISTEMAS,MASCULINO,NO,3,19
ÁNCASH,INGENIERÍA CIVIL,FEMENINO,NO,3,19
ICA,INGENIERÍA ELECTRÓNICA,MASCULINO,NO,2,18
LIMA,INGENIERÍA CIVIL,MASCULINO,NO,1,18
LIMA,INGENIERÍA CIVIL,MASCULINO,NO,2,18
LIMA,INGENIERÍA CIVIL,MASCULINO,NO,1,18
LIMA,INGENIERÍA DE MINAS,MASCULINO,SI,6,22
LIMA,INGENIERÍA ELÉCTRICA,MASCULINO,SI,3,19
AREQUIPA,INGENIERÍA AMBIENTAL,MASCULINO,NO,3,19
LIMA,ARQUITECTURA,MASCULINO,NO,2,19
LIMA,INGENIERÍA MECÁNICA,MASCULINO,NO,4,20
LIMA,INGENIERÍA ECONÓMICA,MASCULINO,NO,2,18
LIMA,INGENIERÍA GEOLÓGICA,FEMENINO,SI,7,24
LIMA,INGENIERÍA SANITARIA,MASCULINO,NO,3,20
LIMA,INGENIERÍA DE CIBERSEGURIDAD,MASCULINO,NO,2,18
LIMA,INGENIERÍA DE SISTEMAS,MASCULINO,NO,2,18
LIMA,INGENIERÍA ECONÓMICA,FEMENINO,NO,1,17
LIMA,INGENIERÍA DE SISTEMAS,MASCULINO,NO,1,17
CALLAO,INGENIERÍA MECATRÓNICA,MASCULINO,SI,3,20
LIMA,INGENIERÍA DE SISTEMAS,FEMENINO,NO,2,18
LIMA,INGENIERÍA DE TELECOMUNICACIONES,MASCULINO,NO,3,20
LIMA,INGENIERÍA MECATRÓNICA,MASCULINO,NO,2,19
LIMA,INGENIERÍA DE SISTEMAS,MASCULINO,SI,2,18
LIMA,INGENIERÍA DE CIBERSEGURIDAD,MASCULINO,NO,5,21
LIMA,INGENIERÍA MECÁNICA-ELÉCTRICA,FEMENINO,NO,2,19
LAMBAYEQUE,INGENIERÍA DE CIBERSEGURIDAD,MASCULINO,NO,2,18
LIMA,ARQUITECTURA,FEMENINO,NO,4,20
CAJAMARCA,INGENIERÍA DE TELECOMUNICACIONES,MASCULINO,SI,5,21
CUSCO,FÍSICA,MASCULINO,NO,3,19
LIMA,INGENIERÍA CIVIL,MASCULINO,NO,4,20
JUNIN,INGENIERÍA DE SISTEMAS,MASCULINO,NO,14,30
LIMA,INGENIERÍA ESTADÍSTICA,FEMENINO,NO,8,24
LIMA,INGENIERÍA ELECTRÓNICA,FEMENINO,NO,3,19
HUANCAVELICA,INGENIERÍA ELÉCTRICA,MASCULINO,NO,3,19
LIMA,INGENIERÍA DE SISTEMAS,MASCULINO,NO,8,24
LIMA,INGENIERÍA CIVIL,MASCULINO,NO,1,18
LIMA,INGENIERÍA MECATRÓNICA,MASCULINO,NO,4,20
LIMA,INGENIERÍA CIVIL,MASCULINO,NO,4,21
LIMA,INGENIERÍA INDUSTRIAL,MASCULINO,NO,1,17
LIMA,INGENIERÍA NAVAL,MASCULINO,NO,7,24
LIMA,FÍSICA,MASCULINO,SI,1,18
LIMA,INGENIERÍA ELECTRÓNICA,MASCULINO,SI,11,27
CALLAO,INGENIERÍA INDUSTRIAL,MASCULINO,NO,2,19
LIMA,INGENIERÍA DE TELECOMUNICACIONES,MASCULINO,NO,2,19
LIMA,INGENIERÍA DE SISTEMAS,MASCULINO,SI,8,24
AYACUCHO,INGENIERÍA MECATRÓNICA,MASCULINO,NO,1,17
CALLAO,INGENIERÍA DE TELECOMUNICACIONES,MASCULINO,NO,3,20
LIMA,INGENIERÍA CIVIL,MASCULINO,NO,2,19
LIMA,ARQUITECTURA,FEMENINO,NO,4,20
LIMA,INGENIERÍA CIVIL,MASCULINO,NO,1,18
LIMA,INGENIERÍA DE SISTEMAS,FEMENINO,NO,3,19
LIMA,INGENIERÍA MECATRÓNICA,MASCULINO,NO,4,20
LIMA,INGENIERÍA CIVIL,MASCULINO,NO,3,20
LIMA,INGENIERÍA ECONÓMICA,MASCULINO,NO,5,22
AYACUCHO,ARQUITECTURA,FEMENINO,NO,1,18
LIMA,INGENIERÍA ECONÓMICA,MASCULINO,NO,2,19
PUNO,INGENIERÍA DE CIBERSEGURIDAD,MASCULINO,NO,3,19
LIMA,ARQUITECTURA,MASCULINO,NO,3,19
LIMA,CIENCIA DE LA COMPUTACIÓN,MASCULINO,NO,1,17
LIMA,INGENIERÍA DE SISTEMAS,MASCULINO,NO,2,19
LIMA,INGENIERÍA MECATRÓNICA,MASCULINO,NO,2,18
LIMA,INGENIERÍA DE SISTEMAS,MASCULINO,NO,2,19
PASCO,INGENIERÍA MECATRÓNICA,MASCULINO,NO,1,17
JUNIN,INGENIERÍA MECATRÓNICA,MASCULINO,NO,1,18
CALLAO,ARQUITECTURA,MASCULINO,NO,1,17
LIMA,INGENIERÍA MECATRÓNICA,MASCULINO,NO,4,21
LIMA,INGENIERÍA INDUSTRIAL,FEMENINO,NO,2,19
LIMA,ARQUITECTURA,FEMENINO,NO,2,18
LIMA,INGENIERÍA ELÉCTRICA,MASCULINO,NO,6,22
LIMA,INGENIERÍA MECATRÓNICA,MASCULINO,SI,2,19
LIMA,INGENIERÍA DE SISTEMAS,MASCULINO,NO,4,20
LIMA,INGENIERÍA DE HIGIENE Y SEGURIDAD INDUSTRIAL,FEMENINO,NO,2,18
LIMA,INGENIERÍA CIVIL,MASCULINO,NO,3,19
CALLAO,INGENIERÍA DE SISTEMAS,MASCULINO,NO,2,18
PUNO,INGENIERÍA MECATRÓNICA,MASCULINO,NO,3,19
LIMA,ARQUITECTURA,FEMENINO,NO,2,19
LIMA,INGENIERÍA MECÁNICA,MASCULINO,NO,3,19
LIMA,INGENIERÍA ELÉCTRICA,MASCULINO,NO,2,19
LIMA,INGENIERÍA MECÁNICA,MASCULINO,NO,3,20
LIMA,INGENIERÍA QUÍMICA,MASCULINO,NO,5,21
PUNO,INGENIERÍA DE TELECOMUNICACIONES,MASCULINO,NO,1,17
LIMA,INGENIERÍA ELECTRÓNICA,MASCULINO,NO,3,20
LIMA,INGENIERÍA DE SISTEMAS,MASCULINO,NO,1,17
HUANCAVELICA,INGENIERÍA INDUSTRIAL,MASCULINO,NO,2,19
LIMA,INGENIERÍA MECÁNICA,MASCULINO,NO,2,18
LIMA,INGENIERÍA INDUSTRIAL,MASCULINO,SI,5,21
CALLAO,INGENIERÍA CIVIL,MASCULINO,SI,3,19
LIMA,INGENIERÍA DE SISTEMAS,FEMENINO,NO,3,19
LIMA,INGENIERÍA INDUSTRIAL,MASCULINO,NO,3,20
CALLAO,INGENIERÍA ECONÓMICA,MASCULINO,NO,6,22
LIMA,INGENIERÍA INDUSTRIAL,MASCULINO,NO,1,18
LIMA,INGENIERÍA DE SISTEMAS,MASCULINO,NO,2,18
LIMA,ARQUITECTURA,FEMENINO,NO,1,18
LIMA,INGENIERÍA DE SISTEMAS,MASCULINO,NO,1,18
LIMA,CIENCIA DE LA COMPUTACIÓN,MASCULINO,NO,3,19
LIMA,INGENIERÍA CIVIL,MASCULINO,NO,3,19
LIMA,INGENIERÍA MECATRÓNICA,MASCULINO,NO,1,17
LIMA,INGENIERÍA CIVIL,MASCULINO,NO,1,16
LIMA,INGENIERÍA DE TELECOMUNICACIONES,MASCULINO,NO,3,21
CAJAMARCA,INGENIERÍA CIVIL,MASCULINO,NO,1,17
LIMA,INGENIERÍA INDUSTRIAL,MASCULINO,SI,3,20
LIMA,INGENIERÍA CIVIL,MASCULINO,SI,3,19
LIMA,ARQUITECTURA,FEMENINO,NO,1,18
ÁNCASH,ARQUITECTURA,MASCULINO,NO,2,19
LIMA,INGENIERÍA CIVIL,MASCULINO,NO,2,19
ÁNCASH,INGENIERÍA FÍSICA,MASCULINO,NO,1,17
LIMA,INGENIERÍA MECÁNICA,MASCULINO,NO,1,17
LIMA,INGENIERÍA CIVIL,FEMENINO,NO,3,19
JUNÍN,INGENIERÍA CIVIL,FEMENINO,NO,2,19
LIMA,INGENIERÍA INDUSTRIAL,MASCULINO,NO,4,20
LIMA,INGENIERÍA CIVIL,MASCULINO,NO,1,18
LIMA,INGENIERÍA CIVIL,MASCULINO,NO,3,19
LIMA,INGENIERÍA MECATRÓNICA,MASCULINO,NO,1,18
LIMA,INGENIERÍA INDUSTRIAL,MASCULINO,NO,7,23
AMAZONAS,INGENIERÍA CIVIL,MASCULINO,SI,2,19
LIMA,ARQUITECTURA,MASCULINO,NO,3,20
LIMA,INGENIERÍA MECATRÓNICA,MASCULINO,SI,2,19
LIMA,INGENIERÍA MECATRÓNICA,MASCULINO,NO,2,18
APURÍMAC,INGENIERÍA INDUSTRIAL,MASCULINO,SI,3,19
LIMA,INGENIERÍA DE SISTEMAS,MASCULINO,NO,4,21
LIMA,INGENIERÍA QUÍMICA,FEMENINO,NO,1,17
CAJAMARCA,ARQUITECTURA,FEMENINO,NO,2,18
UCAYALI,INGENIERÍA CIVIL,FEMENINO,NO,1,17
LIMA,INGENIERÍA CIVIL,MASCULINO,NO,1,17
LIMA,INGENIERÍA ELECTRÓNICA,MASCULINO,NO,14,30
LIMA,INGENIERÍA INDUSTRIAL,MASCULINO,NO,0,16
CALLAO,INGENIERÍA DE SISTEMAS,MASCULINO,NO,3,20
CALLAO,INGENIERÍA MECÁNICA,MASCULINO,NO,1,17
LIMA,INGENIERÍA CIVIL,MASCULINO,NO,5,22
LIMA,INGENIERÍA CIVIL,FEMENINO,NO,2,19
CALLAO,ARQUITECTURA,FEMENINO,NO,1,17
LIMA,INGENIERÍA MECATRÓNICA,MASCULINO,NO,1,18
LIMA,INGENIERÍA CIVIL,MASCULINO,NO,1,18
LIMA,INGENIERÍA DE SISTEMAS,FEMENINO,NO,2,18
LIMA,ARQUITECTURA,FEMENINO,NO,4,21
LIMA,INGENIERÍA GEOLÓGICA,FEMENINO,NO,3,20
LIMA,INGENIERÍA ELÉCTRICA,MASCULINO,NO,3,20
LIMA,INGENIERÍA ECONÓMICA,FEMENINO,NO,3,19
LIMA,INGENIERÍA DE SOFTWARE,MASCULINO,NO,2,19
LIMA,INGENIERÍA DE CIBERSEGURIDAD,MASCULINO,NO,3,19
LIMA,INGENIERÍA CIVIL,MASCULINO,NO,5,22
LIMA,INGENIERÍA DE SISTEMAS,FEMENINO,NO,2,19
LIMA,INGENIERÍA DE MINAS,MASCULINO,SI,3,18
LAMBAYEQUE,INGENIERÍA METALÚRGICA,MASCULINO,SI,1,18
LIMA,INGENIERÍA CIVIL,FEMENINO,NO,4,20
LIMA,INGENIERÍA ELÉCTRICA,MASCULINO,NO,4,21
LIMA,INGENIERÍA ESTADÍSTICA,MASCULINO,NO,9,25
LIMA,INGENIERÍA ELÉCTRICA,MASCULINO,NO,4,20
LIMA,INGENIERÍA ELECTRÓNICA,MASCULINO,SI,1,17
LIMA,INGENIERÍA DE SISTEMAS,MASCULINO,NO,5,22
ANCASH,INGENIERÍA DE MINAS,MASCULINO,NO,3,20
LIMA,INGENIERÍA DE HIGIENE Y SEGURIDAD INDUSTRIAL,MASCULINO,NO,8,24
LIMA,INGENIERÍA DE CIBERSEGURIDAD,FEMENINO,NO,1,18
JUNIN,INGENIERÍA CIVIL,MASCULINO,SI,2,19
LIMA,INGENIERÍA CIVIL,MASCULINO,NO,1,17
CALLAO,INGENIERÍA INDUSTRIAL,FEMENINO,NO,3,19
LIMA,INGENIERÍA GEOLÓGICA,FEMENINO,NO,2,18
LIMA,INGENIERÍA DE SISTEMAS,MASCULINO,NO,3,19
LIMA,INGENIERÍA DE SISTEMAS,MASCULINO,NO,4,20
LIMA,INGENIERÍA CIVIL,MASCULINO,NO,2,18
CALLAO,INGENIERÍA CIVIL,MASCULINO,SI,3,19
LIMA,INGENIERÍA DE SISTEMAS,MASCULINO,NO,2,18
LIMA,INGENIERÍA CIVIL,MASCULINO,NO,1,17
AREQUIPA,INGENIERÍA TEXTIL,FEMENINO,NO,3,20
LIMA,INGENIERÍA DE SISTEMAS,MASCULINO,NO,1,17
LIMA,INGENIERÍA DE SISTEMAS,MASCULINO,NO,1,18
LIMA,INGENIERÍA ECONÓMICA,MASCULINO,NO,5,22
LIMA,INGENIERÍA PETROQUÍMICA,MASCULINO,SI,1,17
LIMA,INGENIERÍA CIVIL,MASCULINO,NO,4,21
LIMA,INGENIERÍA AMBIENTAL,FEMENINO,NO,4,20
LIMA,INGENIERÍA ECONÓMICA,FEMENINO,NO,4,20
HUANUCO,ARQUITECTURA,FEMENINO,NO,1,18
LIMA,INGENIERÍA ELECTRÓNICA,MASCULINO,SI,1,17
LIMA,INGENIERÍA ELÉCTRICA,MASCULINO,NO,2,19
LIMA,INGENIERÍA CIVIL,FEMENINO,NO,2,19
LIMA,INGENIERÍA DE SOFTWARE,MASCULINO,NO,2,19
LIMA,INGENIERÍA ECONÓMICA,FEMENINO,NO,7,23
LIMA,ARQUITECTURA,FEMENINO,NO,2,18
LIMA,INGENIERÍA CIVIL,FEMENINO,NO,4,20
LIMA,INGENIERÍA AMBIENTAL,MASCULINO,NO,7,23
LIMA,INGENIERÍA DE SISTEMAS,FEMENINO,NO,3,20
LIMA,INGENIERÍA CIVIL,MASCULINO,NO,10,26
LIMA,ARQUITECTURA,FEMENINO,NO,1,18
LIMA,INGENIERÍA DE SISTEMAS,MASCULINO,NO,3,19
LIMA,INGENIERÍA DE SOFTWARE,MASCULINO,SI,3,19
LIMA,INGENIERÍA DE SISTEMAS,MASCULINO,NO,2,19
LIMA,INGENIERÍA ELECTRÓNICA,FEMENINO,NO,3,19
LIMA,INGENIERÍA SANITARIA,MASCULINO,NO,6,23
JUNIN,INGENIERÍA MECATRÓNICA,MASCULINO,NO,2,18
LIMA,INGENIERÍA QUÍMICA,MASCULINO,NO,2,18
LIMA,INGENIERÍA AMBIENTAL,MASCULINO,NO,3,20
LIMA,INGENIERÍA DE SISTEMAS,MASCULINO,NO,1,18
LIMA,INGENIERÍA DE MINAS,MASCULINO,NO,4,21
LIMA,INGENIERÍA DE SISTEMAS,MASCULINO,NO,5,21
LIMA,INGENIERÍA ELECTRÓNICA,MASCULINO,NO,3,20
LIMA,INGENIERÍA MECATRÓNICA,MASCULINO,NO,3,19
ICA,INGENIERÍA DE MINAS,FEMENINO,NO,2,19
LIMA,INGENIERÍA CIVIL,MASCULINO,NO,2,19
LIMA,INGENIERÍA CIVIL,MASCULINO,NO,2,19
LIMA,INGENIERÍA CIVIL,MASCULINO,NO,2,18
LIMA,INGENIERÍA MECÁNICA,MASCULINO,NO,2,18
LIMA,INGENIERÍA ECONÓMICA,MASCULINO,NO,2,19
LIMA,CIENCIA DE LA COMPUTACIÓN,MASCULINO,SI,1,17
ÁNCASH,INGENIERÍA MECÁNICA-ELÉCTRICA,MASCULINO,SI,1,17
LIMA,INGENIERÍA INDUSTRIAL,FEMENINO,NO,4,21
CAJAMARCA,ARQUITECTURA,FEMENINO,NO,1,17
ICA,INGENIERÍA INDUSTRIAL,FEMENINO,SI,1,17
PASCO,INGENIERÍA CIVIL,MASCULINO,NO,1,17
CALLAO,INGENIERÍA ELÉCTRICA,MASCULINO,NO,1,18
LIMA,ARQUITECTURA,MASCULINO,NO,3,20
LIMA,INGENIERÍA MECATRÓNICA,MASCULINO,NO,2,19
LIMA,INGENIERÍA MECÁNICA-ELÉCTRICA,MASCULINO,NO,2,18
LIMA,INGENIERÍA DE TELECOMUNICACIONES,FEMENINO,NO,5,21
LIMA,INGENIERÍA MECATRÓNICA,MASCULINO,SI,1,19
LIMA,ARQUITECTURA,FEMENINO,NO,2,18
LIMA,INGENIERÍA DE SISTEMAS,MASCULINO,NO,2,18
LIMA,INGENIERÍA DE MINAS,MASCULINO,NO,2,18
LIMA,INGENIERÍA INDUSTRIAL,MASCULINO,NO,3,19
LIMA,INGENIERÍA ELÉCTRICA,MASCULINO,NO,4,20
LIMA,INGENIERÍA CIVIL,MASCULINO,NO,4,20
LIMA,INGENIERÍA ECONÓMICA,FEMENINO,SI,4,21
LIMA,INGENIERÍA AMBIENTAL,FEMENINO,NO,3,19
LIMA,INGENIERÍA DE SISTEMAS,MASCULINO,NO,2,18
LIMA,INGENIERÍA ESTADÍSTICA,FEMENINO,NO,4,21
LIMA,INGENIERÍA DE SISTEMAS,MASCULINO,NO,1,18
LIMA,INGENIERÍA INDUSTRIAL,MASCULINO,NO,1,17
LIMA,INGENIERÍA MECÁNICA,MASCULINO,NO,3,19
LIMA,INGENIERÍA QUÍMICA,MASCULINO,NO,4,21
JUNÍN,INGENIERÍA MECATRÓNICA,MASCULINO,NO,3,19
AREQUIPA,INGENIERÍA CIVIL,FEMENINO,NO,6,22
LIMA,INGENIERÍA ECONÓMICA,MASCULINO,NO,2,18
ÁNCASH,INGENIERÍA CIVIL,MASCULINO,NO,1,20
LIMA,INGENIERÍA CIVIL,MASCULINO,NO,1,17
LIMA,INGENIERÍA DE MINAS,MASCULINO,NO,1,18
PUNO,INGENIERÍA CIVIL,MASCULINO,NO,2,19
CUSCO,INGENIERÍA AMBIENTAL,MASCULINO,NO,2,18
LIMA,INGENIERÍA DE SISTEMAS,MASCULINO,NO,2,18
HUÁNUCO,INGENIERÍA CIVIL,MASCULINO,NO,1,17
CAJAMARCA,INGENIERÍA CIVIL,FEMENINO,NO,1,18
LIMA,ARQUITECTURA,FEMENINO,NO,1,18
LIMA,INGENIERÍA AMBIENTAL,FEMENINO,NO,2,18
CALLAO,ARQUITECTURA,MASCULINO,NO,1,17
CAJAMARCA,INGENIERÍA CIVIL,MASCULINO,NO,1,17
LIMA,INGENIERÍA DE SISTEMAS,FEMENINO,NO,2,18
LIMA,INGENIERÍA INDUSTRIAL,FEMENINO,NO,4,20
JUNÍN,INGENIERÍA DE SISTEMAS,MASCULINO,NO,2,19
LIMA,INGENIERÍA CIVIL,MASCULINO,NO,2,18
ÁNCASH,INGENIERÍA DE SISTEMAS,MASCULINO,NO,3,19
PIURA,INGENIERÍA MECÁNICA-ELÉCTRICA,MASCULINO,NO,1,17
LIMA,INGENIERÍA DE SISTEMAS,MASCULINO,NO,1,17
CAJAMARCA,INGENIERÍA QUÍMICA,FEMENINO,NO,1,17
LIMA,INGENIERÍA DE SISTEMAS,MASCULINO,NO,1,17
AYACUCHO,INGENIERÍA MECATRÓNICA,MASCULINO,NO,2,18
CUSCO,INGENIERÍA CIVIL,MASCULINO,NO,3,20
LIMA,INGENIERÍA CIVIL,FEMENINO,NO,1,17
LIMA,INGENIERÍA DE MINAS,MASCULINO,NO,4,20
LIMA,INGENIERÍA AMBIENTAL,FEMENINO,NO,3,19
HUÁNUCO,INGENIERÍA INDUSTRIAL,FEMENINO,NO,2,18
LAMBAYEQUE,INGENIERÍA INDUSTRIAL,FEMENINO,NO,2,18
CALLAO,INGENIERÍA INDUSTRIAL,FEMENINO,NO,2,18
UCAYALI,INGENIERÍA INDUSTRIAL,MASCULINO,NO,1,18
LIMA,INGENIERÍA INDUSTRIAL,FEMENINO,NO,3,19
LIMA,INGENIERÍA CIVIL,MASCULINO,NO,2,19
CALLAO,CIENCIA DE LA COMPUTACIÓN,FEMENINO,NO,5,21
LIMA,ARQUITECTURA,FEMENINO,NO,1,17
PASCO,INGENIERÍA INDUSTRIAL,MASCULINO,NO,3,19
AREQUIPA,INGENIERÍA DE MINAS,MASCULINO,NO,5,22
ÁNCASH,INGENIERÍA DE MINAS,MASCULINO,NO,3,19
LIMA,INGENIERÍA MECÁNICA,MASCULINO,NO,7,24
LIMA,CIENCIA DE LA COMPUTACIÓN,FEMENINO,NO,4,20
LIMA,INGENIERÍA QUÍMICA,MASCULINO,NO,2,19
LIMA,ARQUITECTURA,MASCULINO,SI,4,20
LIMA,ARQUITECTURA,FEMENINO,NO,2,18
LIMA,ARQUITECTURA,FEMENINO,NO,1,19
LIMA,INGENIERÍA DE SISTEMAS,MASCULINO,NO,3,19
LIMA,INGENIERÍA QUÍMICA,FEMENINO,NO,2,18
LIMA,INGENIERÍA ELÉCTRICA,FEMENINO,NO,3,20
LIMA,INGENIERÍA NAVAL,MASCULINO,NO,5,22
LIMA,INGENIERÍA ECONÓMICA,MASCULINO,NO,3,19
LIMA,INGENIERÍA CIVIL,MASCULINO,NO,1,18
LIMA,INGENIERÍA DE SISTEMAS,MASCULINO,NO,1,17
LIMA,INGENIERÍA ELECTRÓNICA,MASCULINO,NO,3,19
LIMA,INGENIERÍA ELECTRÓNICA,MASCULINO,SI,2,18
LIMA,INGENIERÍA CIVIL,MASCULINO,SI,5,21
LAMBAYEQUE,INGENIERÍA MECÁNICA-ELÉCTRICA,MASCULINO,NO,1,17
LIMA,INGENIERÍA DE SISTEMAS,MASCULINO,NO,3,20
LIMA,MATEMÁTICA,MASCULINO,NO,2,18
LIMA,INGENIERÍA PETROQUÍMICA,MASCULINO,NO,3,19
LIMA,INGENIERÍA SANITARIA,MASCULINO,NO,2,19
LIMA,INGENIERÍA QUÍMICA,FEMENINO,NO,1,18
AREQUIPA,INGENIERÍA MECÁNICA,MASCULINO,NO,1,18
LIMA,INGENIERÍA CIVIL,MASCULINO,SI,1,17
LAMBAYEQUE,FÍSICA,MASCULINO,NO,7,24
UCAYALI,ARQUITECTURA,FEMENINO,NO,3,20
JUNIN,INGENIERÍA MECATRÓNICA,MASCULINO,SI,2,18
CALLAO,INGENIERÍA ECONÓMICA,MASCULINO,NO,2,18
LIMA,INGENIERÍA QUÍMICA,MASCULINO,NO,4,20
ANCASH,INGENIERÍA DE SISTEMAS,MASCULINO,NO,3,19
LIMA,INGENIERÍA ELECTRÓNICA,MASCULINO,SI,1,18
LIMA,ARQUITECTURA,MASCULINO,NO,3,19
LIMA,INGENIERÍA INDUSTRIAL,MASCULINO,NO,3,19
LIMA,ARQUITECTURA,FEMENINO,NO,2,19
CALLAO,INGENIERÍA DE SISTEMAS,MASCULINO,SI,1,18
LIMA,INGENIERÍA CIVIL,MASCULINO,NO,1,17
LIMA,INGENIERÍA CIVIL,MASCULINO,SI,3,20
LIMA,INGENIERÍA INDUSTRIAL,MASCULINO,NO,1,18
LIMA,INGENIERÍA INDUSTRIAL,FEMENINO,NO,1,18
LIMA,INGENIERÍA DE MINAS,MASCULINO,NO,1,18
LIMA,INGENIERÍA FÍSICA,MASCULINO,NO,5,22
JUNIN,INGENIERÍA MECÁNICA,MASCULINO,NO,1,18
LIMA,INGENIERÍA INDUSTRIAL,MASCULINO,NO,4,20
LIMA,INGENIERÍA MECATRÓNICA,MASCULINO,NO,4,20
LIMA,INGENIERÍA DE MINAS,MASCULINO,NO,3,19
LIMA,INGENIERÍA ECONÓMICA,FEMENINO,NO,4,21
CALLAO,INGENIERÍA DE MINAS,MASCULINO,NO,3,20
PUNO,CIENCIA DE LA COMPUTACIÓN,MASCULINO,NO,4,21
LIMA,INGENIERÍA CIVIL,MASCULINO,NO,5,21
LIMA,ARQUITECTURA,MASCULINO,NO,2,19
LIMA,QUÍMICA,FEMENINO,NO,4,20
LIMA,INGENIERÍA DE SISTEMAS,MASCULINO,NO,3,19
CAJAMARCA,INGENIERÍA MECATRÓNICA,MASCULINO,NO,2,19
LIMA,INGENIERÍA DE SOFTWARE,MASCULINO,NO,2,18
LIMA,INGENIERÍA DE SISTEMAS,MASCULINO,NO,3,20
ANCASH,INGENIERÍA INDUSTRIAL,MASCULINO,SI,1,17
LIMA,INGENIERÍA CIVIL,MASCULINO,NO,2,18
LIMA,INGENIERÍA AMBIENTAL,MASCULINO,NO,2,18
LIMA,INGENIERÍA CIVIL,MASCULINO,NO,1,18
LIMA,ARQUITECTURA,FEMENINO,NO,1,18
LIMA,INGENIERÍA CIVIL,MASCULINO,NO,1,17
AYACUCHO,INGENIERÍA CIVIL,FEMENINO,NO,1,17
CALLAO,ARQUITECTURA,MASCULINO,NO,3,20
LIMA,ARQUITECTURA,FEMENINO,NO,3,19
LIMA,INGENIERÍA DE MINAS,MASCULINO,NO,4,20
LIMA,INGENIERÍA MECATRÓNICA,MASCULINO,NO,2,18
LIMA,INGENIERÍA DE SISTEMAS,FEMENINO,NO,3,20
LIMA,INGENIERÍA MECATRÓNICA,MASCULINO,SI,2,18
PUNO,INGENIERÍA CIVIL,MASCULINO,NO,3,19
LIMA,ARQUITECTURA,MASCULINO,NO,3,20
LIMA,INGENIERÍA MECATRÓNICA,MASCULINO,NO,1,18
LIMA,FÍSICA,MASCULINO,NO,4,20
LIMA,ARQUITECTURA,FEMENINO,NO,5,22
LIMA,INGENIERÍA DE SISTEMAS,MASCULINO,NO,1,18
LIMA,INGENIERÍA MECÁNICA,MASCULINO,NO,5,21
LIMA,INGENIERÍA AMBIENTAL,FEMENINO,SI,4,20
LIMA,INGENIERÍA CIVIL,MASCULINO,NO,4,21
LIMA,INGENIERÍA INDUSTRIAL,MASCULINO,NO,2,18
LIMA,INGENIERÍA CIVIL,MASCULINO,NO,3,20
ÁNCASH,INGENIERÍA GEOLÓGICA,MASCULINO,NO,2,18
LIMA,INGENIERÍA DE SISTEMAS,MASCULINO,SI,2,19
LIMA,INGENIERÍA DE PETRÓLEO Y GAS NATURAL,MASCULINO,NO,4,20
HUÁNUCO,INGENIERÍA MECATRÓNICA,MASCULINO,NO,2,18
LIMA,INGENIERÍA MECATRÓNICA,MASCULINO,NO,3,19
ÁNCASH,INGENIERÍA MECÁNICA,MASCULINO,SI,6,22
LIMA,INGENIERÍA CIVIL,MASCULINO,NO,1,17
CALLAO,INGENIERÍA CIVIL,MASCULINO,NO,4,21
LIMA,INGENIERÍA CIVIL,FEMENINO,SI,1,17
LIMA,ARQUITECTURA,FEMENINO,NO,2,18
SAN MARTIN,INGENIERÍA CIVIL,MASCULINO,NO,1,18
LIMA,INGENIERÍA INDUSTRIAL,MASCULINO,NO,3,20
LIMA,QUÍMICA,FEMENINO,NO,5,22
LIMA,INGENIERÍA DE TELECOMUNICACIONES,MASCULINO,NO,1,18
LIMA,INGENIERÍA DE SISTEMAS,MASCULINO,NO,4,21
CALLAO,INGENIERÍA CIVIL,MASCULINO,NO,4,21
LIMA,INGENIERÍA DE SISTEMAS,MASCULINO,NO,1,17
LIMA,CIENCIA DE LA COMPUTACIÓN,MASCULINO,NO,1,17
LIMA,INGENIERÍA MECATRÓNICA,MASCULINO,NO,2,19
LIMA,INGENIERÍA CIVIL,MASCULINO,SI,1,18
LIMA,CIENCIA DE LA COMPUTACIÓN,MASCULINO,NO,2,18
HUANCAVELICA,INGENIERÍA CIVIL,MASCULINO,NO,6,22
LIMA,INGENIERÍA DE SISTEMAS,MASCULINO,NO,3,20
LIMA,INGENIERÍA AMBIENTAL,FEMENINO,NO,2,19
LIMA,INGENIERÍA MECATRÓNICA,MASCULINO,NO,1,17
LIMA,INGENIERÍA DE SISTEMAS,MASCULINO,NO,2,19
LIMA,INGENIERÍA MECATRÓNICA,MASCULINO,NO,2,18
AYACUCHO,INGENIERÍA INDUSTRIAL,FEMENINO,NO,3,20
LIMA,INGENIERÍA DE SISTEMAS,MASCULINO,NO,7,24
LIMA,INGENIERÍA MECATRÓNICA,FEMENINO,NO,1,17
LIMA,INGENIERÍA MECATRÓNICA,MASCULINO,SI,3,19
LIMA,INGENIERÍA DE SISTEMAS,MASCULINO,NO,1,17
LIMA,INGENIERÍA DE SISTEMAS,MASCULINO,NO,1,18
LIMA,INGENIERÍA INDUSTRIAL,FEMENINO,NO,1,17
LIMA,ARQUITECTURA,FEMENINO,NO,1,17
LIMA,CIENCIA DE LA COMPUTACIÓN,MASCULINO,NO,3,20
JUNÍN,INGENIERÍA ECONÓMICA,FEMENINO,NO,1,17
LIMA,FÍSICA,MASCULINO,NO,1,17
LIMA,ARQUITECTURA,FEMENINO,NO,1,18
CAJAMARCA,INGENIERÍA CIVIL,MASCULINO,NO,3,20
LIMA,INGENIERÍA ELÉCTRICA,MASCULINO,NO,3,20
LIMA,INGENIERÍA ECONÓMICA,FEMENINO,NO,3,20
LIMA,INGENIERÍA DE SISTEMAS,MASCULINO,SI,7,24
LIMA,INGENIERÍA SANITARIA,MASCULINO,NO,2,18
ICA,INGENIERÍA DE MINAS,MASCULINO,NO,2,18
LIMA,INGENIERÍA CIVIL,MASCULINO,NO,2,19
LIMA,INGENIERÍA ESTADÍSTICA,MASCULINO,NO,2,19
ANCASH,INGENIERÍA CIVIL,MASCULINO,NO,2,18
LIMA,INGENIERÍA DE SISTEMAS,MASCULINO,NO,2,18
LIMA,INGENIERÍA ELECTRÓNICA,FEMENINO,NO,5,22
LIMA,ARQUITECTURA,FEMENINO,NO,1,18
LIMA,ARQUITECTURA,FEMENINO,NO,3,20
AYACUCHO,INGENIERÍA CIVIL,MASCULINO,NO,1,18
LIMA,INGENIERÍA INDUSTRIAL,MASCULINO,NO,3,19
CALLAO,INGENIERÍA MECATRÓNICA,MASCULINO,NO,3,19
LIMA,INGENIERÍA MECÁNICA,MASCULINO,NO,2,20
LIMA,INGENIERÍA INDUSTRIAL,MASCULINO,NO,1,18
LIMA,INGENIERÍA ELECTRÓNICA,MASCULINO,NO,3,20
LIMA,INGENIERÍA ELECTRÓNICA,MASCULINO,NO,6,22
LIMA,INGENIERÍA CIVIL,FEMENINO,NO,2,19
LIMA,INGENIERÍA INDUSTRIAL,FEMENINO,NO,2,18
APURIMAC,INGENIERÍA CIVIL,MASCULINO,NO,6,22
LIMA,INGENIERÍA INDUSTRIAL,MASCULINO,SI,2,18
LIMA,INGENIERÍA DE SOFTWARE,MASCULINO,NO,4,20
LIMA,INGENIERÍA DE SISTEMAS,MASCULINO,SI,4,19
LIMA,INGENIERÍA CIVIL,MASCULINO,NO,5,21
APURIMAC,ARQUITECTURA,MASCULINO,NO,3,19
LIMA,INGENIERÍA INDUSTRIAL,FEMENINO,NO,2,19
LIMA,INGENIERÍA ECONÓMICA,FEMENINO,SI,3,19
LIMA,INGENIERÍA DE MINAS,MASCULINO,NO,1,18
LIMA,INGENIERÍA INDUSTRIAL,MASCULINO,NO,9,29
LIMA,INGENIERÍA NAVAL,MASCULINO,NO,1,18
LIMA,INGENIERÍA CIVIL,MASCULINO,SI,2,18
LIMA,INGENIERÍA INDUSTRIAL,MASCULINO,NO,2,18
LIMA,INGENIERÍA INDUSTRIAL,MASCULINO,NO,2,18
LIMA,INGENIERÍA CIVIL,MASCULINO,NO,3,20
LIMA,INGENIERÍA DE SISTEMAS,MASCULINO,NO,1,18
LIMA,INGENIERÍA INDUSTRIAL,FEMENINO,NO,2,18
LAMBAYEQUE,INGENIERÍA MECÁNICA,MASCULINO,NO,2,18
LIMA,ARQUITECTURA,MASCULINO,NO,3,19
LIMA,INGENIERÍA CIVIL,MASCULINO,NO,4,20
JUNÍN,INGENIERÍA MECATRÓNICA,MASCULINO,NO,3,20
LIMA,INGENIERÍA DE MINAS,MASCULINO,NO,2,19
LIMA,ARQUITECTURA,FEMENINO,SI,3,19
LIMA,INGENIERÍA TEXTIL,MASCULINO,NO,3,19
LIMA,ARQUITECTURA,FEMENINO,NO,3,20
LIMA,INGENIERÍA DE SISTEMAS,MASCULINO,NO,1,18
LIMA,INGENIERÍA MECATRÓNICA,MASCULINO,NO,2,18
ÁNCASH,CIENCIA DE LA COMPUTACIÓN,FEMENINO,NO,1,17
LIMA,INGENIERÍA CIVIL,MASCULINO,NO,2,18
LIMA,INGENIERÍA GEOLÓGICA,FEMENINO,NO,3,20
LIMA,INGENIERÍA DE SISTEMAS,FEMENINO,NO,3,20
LIMA,INGENIERÍA INDUSTRIAL,MASCULINO,SI,2,19
LIMA,INGENIERÍA CIVIL,MASCULINO,NO,1,17
LIMA,INGENIERÍA ELECTRÓNICA,MASCULINO,NO,5,22
LIMA,ARQUITECTURA,MASCULINO,NO,1,17
LIMA,INGENIERÍA INDUSTRIAL,MASCULINO,NO,4,20
LIMA,INGENIERÍA CIVIL,FEMENINO,NO,2,18
ÁNCASH,INGENIERÍA MECATRÓNICA,MASCULINO,NO,1,17
LIMA,INGENIERÍA DE SISTEMAS,MASCULINO,NO,2,18
LIMA,ARQUITECTURA,FEMENINO,NO,1,18
LIMA,INGENIERÍA AMBIENTAL,MASCULINO,NO,1,17
LIMA,INGENIERÍA INDUSTRIAL,MASCULINO,NO,2,18
LIMA,INGENIERÍA CIVIL,MASCULINO,NO,2,18
LIMA,INGENIERÍA DE SISTEMAS,MASCULINO,NO,1,18
CALLAO,INGENIERÍA DE SISTEMAS,MASCULINO,NO,5,21
LIMA,INGENIERÍA FÍSICA,MASCULINO,SI,8,24
LIMA,INGENIERÍA MECATRÓNICA,MASCULINO,NO,3,19
LIMA,INGENIERÍA DE SISTEMAS,MASCULINO,NO,2,19
LIMA,MATEMÁTICA,MASCULINO,NO,3,19
CALLAO,INGENIERÍA CIVIL,FEMENINO,NO,3,19
AMAZONAS,INGENIERÍA DE TELECOMUNICACIONES,MASCULINO,SI,2,18
LIMA,INGENIERÍA CIVIL,FEMENINO,NO,4,20
LIMA,INGENIERÍA MECATRÓNICA,MASCULINO,NO,1,19
ANCASH,INGENIERÍA GEOLÓGICA,MASCULINO,NO,1,17
LIMA,INGENIERÍA DE SISTEMAS,MASCULINO,NO,2,18
LIMA,INGENIERÍA QUÍMICA,MASCULINO,NO,1,18
LIMA,INGENIERÍA MECATRÓNICA,MASCULINO,SI,1,18
LIMA,INGENIERÍA INDUSTRIAL,MASCULINO,NO,3,20
LIMA,INGENIERÍA DE MINAS,MASCULINO,NO,2,18
LIMA,INGENIERÍA CIVIL,MASCULINO,NO,3,19
LAMBAYEQUE,INGENIERÍA DE SISTEMAS,MASCULINO,NO,1,17
LIMA,INGENIERÍA MECÁNICA-ELÉCTRICA,MASCULINO,NO,4,20
LIMA,ARQUITECTURA,FEMENINO,NO,1,17
LIMA,INGENIERÍA DE SISTEMAS,MASCULINO,SI,1,17
LIMA,INGENIERÍA DE TELECOMUNICACIONES,FEMENINO,NO,3,19
LIMA,INGENIERÍA DE PETRÓLEO Y GAS NATURAL,MASCULINO,NO,2,18
LIMA,INGENIERÍA ELECTRÓNICA,MASCULINO,SI,5,22
LIMA,INGENIERÍA CIVIL,MASCULINO,NO,2,19
ANCASH,INGENIERÍA MECATRÓNICA,MASCULINO,NO,0,17
LIMA,INGENIERÍA DE SISTEMAS,MASCULINO,NO,3,21
JUNIN,INGENIERÍA CIVIL,MASCULINO,NO,2,19
LIMA,INGENIERÍA DE CIBERSEGURIDAD,MASCULINO,SI,2,18
LIMA,MATEMÁTICA,MASCULINO,NO,4,19
LIMA,INGENIERÍA MECATRÓNICA,MASCULINO,NO,3,19
LIMA,INGENIERÍA CIVIL,MASCULINO,NO,8,26
LIMA,INGENIERÍA INDUSTRIAL,MASCULINO,NO,1,18
LIMA,INGENIERÍA DE TELECOMUNICACIONES,MASCULINO,SI,1,19
JUNIN,INGENIERÍA MECATRÓNICA,MASCULINO,NO,4,20
CALLAO,INGENIERÍA MECÁNICA,MASCULINO,SI,4,20
LIMA,INGENIERÍA MECÁNICA,MASCULINO,SI,1,17
LIMA,INGENIERÍA MECATRÓNICA,MASCULINO,NO,2,18
JUNIN,INGENIERÍA DE CIBERSEGURIDAD,MASCULINO,NO,4,21
LIMA,INGENIERÍA CIVIL,MASCULINO,NO,3,19
LIMA,INGENIERÍA CIVIL,MASCULINO,NO,2,20
LIMA,ARQUITECTURA,FEMENINO,NO,2,18
LIMA,INGENIERÍA DE SISTEMAS,MASCULINO,NO,1,18
LIMA,INGENIERÍA MECATRÓNICA,MASCULINO,NO,2,18
LIMA,ARQUITECTURA,MASCULINO,NO,4,20
LIMA,INGENIERÍA DE MINAS,MASCULINO,NO,2,19
LIMA,INGENIERÍA CIVIL,MASCULINO,NO,1,18
LIMA,INGENIERÍA MECATRÓNICA,MASCULINO,NO,2,18
JUNIN,INGENIERÍA ELÉCTRICA,MASCULINO,NO,5,24
LIMA,INGENIERÍA MECÁNICA,MASCULINO,NO,4,20
CUSCO,INGENIERÍA INDUSTRIAL,MASCULINO,NO,2,18
LORETO,INGENIERÍA MECATRÓNICA,MASCULINO,NO,6,23
ICA,INGENIERÍA MECATRÓNICA,MASCULINO,NO,2,18
LIMA,INGENIERÍA ELECTRÓNICA,MASCULINO,NO,3,19
CALLAO,INGENIERÍA METALÚRGICA,MASCULINO,NO,2,18
LIMA,INGENIERÍA INDUSTRIAL,MASCULINO,NO,1,18
LIMA,ARQUITECTURA,FEMENINO,NO,4,20
LIMA,INGENIERÍA QUÍMICA,MASCULINO,NO,3,20
LIMA,INGENIERÍA CIVIL,FEMENINO,NO,7,23
LIMA,INGENIERÍA ELÉCTRICA,MASCULINO,SI,3,19
LIMA,INGENIERÍA DE SISTEMAS,MASCULINO,SI,7,23
LIMA,INGENIERÍA DE TELECOMUNICACIONES,MASCULINO,NO,4,20
LIMA,INGENIERÍA DE CIBERSEGURIDAD,FEMENINO,SI,5,21
ANCASH,INGENIERÍA MECATRÓNICA,MASCULINO,SI,2,18
LIMA,INGENIERÍA CIVIL,MASCULINO,NO,3,19
LIMA,INGENIERÍA CIVIL,MASCULINO,NO,3,19
LIMA,INGENIERÍA MECATRÓNICA,MASCULINO,NO,3,20
LIMA,ARQUITECTURA,MASCULINO,NO,3,19
LIMA,INGENIERÍA DE MINAS,MASCULINO,SI,3,19
AYACUCHO,INGENIERÍA MECÁNICA,MASCULINO,NO,1,17
LIMA,INGENIERÍA DE TELECOMUNICACIONES,MASCULINO,NO,2,18
LIMA,INGENIERÍA DE SISTEMAS,MASCULINO,NO,2,19
LIMA,ARQUITECTURA,FEMENINO,NO,3,19
LIMA,INGENIERÍA METALÚRGICA,MASCULINO,NO,11,27
LIMA,MATEMÁTICA,MASCULINO,SI,5,22
APURIMAC,INGENIERÍA CIVIL,MASCULINO,NO,4,20
LIMA,INGENIERÍA ESTADÍSTICA,MASCULINO,SI,2,19
LIMA,INGENIERÍA ECONÓMICA,MASCULINO,NO,4,21
LIMA,INGENIERÍA INDUSTRIAL,MASCULINO,NO,2,18
CALLAO,MATEMÁTICA,FEMENINO,NO,5,22
AYACUCHO,INGENIERÍA CIVIL,MASCULINO,NO,3,19
LIMA,INGENIERÍA INDUSTRIAL,FEMENINO,NO,2,19
LIMA,INGENIERÍA DE SISTEMAS,MASCULINO,NO,1,17
LIMA,INGENIERÍA DE SISTEMAS,MASCULINO,NO,2,18
LIMA,INGENIERÍA DE SISTEMAS,MASCULINO,SI,1,17
PUNO,INGENIERÍA ECONÓMICA,MASCULINO,NO,3,19
ANCASH,INGENIERÍA CIVIL,MASCULINO,NO,4,20
LIMA,INGENIERÍA DE SISTEMAS,MASCULINO,NO,1,17
LIMA,INGENIERÍA CIVIL,MASCULINO,NO,5,21
AYACUCHO,INGENIERÍA ELÉCTRICA,MASCULINO,NO,5,21
LIMA,INGENIERÍA INDUSTRIAL,FEMENINO,NO,2,18
LIMA,ARQUITECTURA,FEMENINO,NO,2,18
LIMA,INGENIERÍA CIVIL,MASCULINO,NO,3,20
HUANCAVELICA,INGENIERÍA ELECTRÓNICA,MASCULINO,NO,2,19
LIMA,INGENIERÍA AMBIENTAL,FEMENINO,NO,1,18
LIMA,INGENIERÍA DE MINAS,MASCULINO,NO,2,19
LIMA,ARQUITECTURA,FEMENINO,NO,3,19
LIMA,INGENIERÍA INDUSTRIAL,FEMENINO,NO,1,18
CALLAO,ARQUITECTURA,MASCULINO,NO,2,19
LIMA,INGENIERÍA MECATRÓNICA,MASCULINO,SI,3,20
LIMA,INGENIERÍA DE MINAS,MASCULINO,NO,3,19
LIMA,INGENIERÍA ECONÓMICA,MASCULINO,NO,2,19
LIMA,ARQUITECTURA,FEMENINO,NO,1,17
ANCASH,INGENIERÍA CIVIL,FEMENINO,NO,2,18
LIMA,INGENIERÍA DE SISTEMAS,MASCULINO,NO,3,19
LIMA,INGENIERÍA CIVIL,MASCULINO,NO,4,20
LIMA,INGENIERÍA DE SISTEMAS,MASCULINO,NO,3,19
LIMA,INGENIERÍA CIVIL,MASCULINO,NO,0,18
LIMA,INGENIERÍA MECÁNICA,MASCULINO,NO,1,18
MADRE DE DIOS,INGENIERÍA DE HIGIENE Y SEGURIDAD INDUSTRIAL,MASCULINO,NO,14,32
LIMA,ARQUITECTURA,FEMENINO,NO,1,18
LIMA,INGENIERÍA SANITARIA,MASCULINO,SI,1,17
LIMA,INGENIERÍA ELECTRÓNICA,MASCULINO,NO,2,18
LIMA,ARQUITECTURA,FEMENINO,NO,1,18
LIMA,INGENIERÍA CIVIL,MASCULINO,NO,2,19
SAN MARTIN,INGENIERÍA DE MINAS,MASCULINO,NO,2,18
LIMA,INGENIERÍA MECATRÓNICA,MASCULINO,NO,1,17
LIMA,INGENIERÍA MECATRÓNICA,MASCULINO,NO,2,18
LIMA,INGENIERÍA QUÍMICA,MASCULINO,NO,3,19
LIMA,INGENIERÍA GEOLÓGICA,MASCULINO,NO,1,17
LIMA,INGENIERÍA DE SISTEMAS,FEMENINO,NO,1,18
LIMA,INGENIERÍA DE SISTEMAS,MASCULINO,NO,3,19
LIMA,INGENIERÍA AMBIENTAL,MASCULINO,NO,4,21
LIMA,INGENIERÍA ESTADÍSTICA,MASCULINO,NO,1,17
LIMA,ARQUITECTURA,FEMENINO,NO,3,19
LIMA,INGENIERÍA INDUSTRIAL,MASCULINO,SI,3,20
LIMA,INGENIERÍA DE SISTEMAS,MASCULINO,NO,1,17
LIMA,INGENIERÍA AMBIENTAL,MASCULINO,SI,4,21
LIMA,INGENIERÍA PETROQUÍMICA,FEMENINO,NO,3,20
CUSCO,ARQUITECTURA,FEMENINO,NO,2,18
LIMA,INGENIERÍA CIVIL,MASCULINO,NO,2,18
LIMA,INGENIERÍA MECATRÓNICA,FEMENINO,NO,3,20
LIMA,INGENIERÍA INDUSTRIAL,FEMENINO,NO,3,20
LIMA,INGENIERÍA MECÁNICA,MASCULINO,NO,3,20
LIMA,INGENIERÍA ELECTRÓNICA,MASCULINO,NO,1,18
UCAYALI,INGENIERÍA CIVIL,MASCULINO,SI,3,19
LIMA,INGENIERÍA MECÁNICA-ELÉCTRICA,MASCULINO,SI,1,18
CALLAO,ARQUITECTURA,FEMENINO,NO,3,20
LIMA,CIENCIA DE LA COMPUTACIÓN,MASCULINO,NO,2,19
LIMA,INGENIERÍA MECÁNICA,MASCULINO,NO,2,19
LIMA,INGENIERÍA DE SISTEMAS,MASCULINO,NO,2,19
ANCASH,INGENIERÍA CIVIL,MASCULINO,NO,3,19
LIMA,INGENIERÍA DE SISTEMAS,FEMENINO,NO,2,18
LIMA,INGENIERÍA MECÁNICA,MASCULINO,NO,5,21
LIMA,INGENIERÍA INDUSTRIAL,MASCULINO,NO,1,18
LIMA,INGENIERÍA DE SOFTWARE,MASCULINO,NO,3,20
APURIMAC,INGENIERÍA CIVIL,MASCULINO,NO,2,18
LIMA,INGENIERÍA DE SISTEMAS,MASCULINO,NO,2,19
LIMA,INGENIERÍA DE SISTEMAS,MASCULINO,SI,1,17
LIMA,INGENIERÍA ELÉCTRICA,MASCULINO,SI,1,18
LIMA,INGENIERÍA QUÍMICA,MASCULINO,NO,2,19
LIMA,INGENIERÍA DE SISTEMAS,MASCULINO,NO,4,20
LIMA,INGENIERÍA DE SISTEMAS,MASCULINO,NO,1,17
LIMA,INGENIERÍA DE SISTEMAS,MASCULINO,NO,1,18
LIMA,ARQUITECTURA,MASCULINO,NO,2,18
LIMA,INGENIERÍA DE SISTEMAS,MASCULINO,SI,2,19
LIMA,INGENIERÍA SANITARIA,MASCULINO,NO,3,19
HUANCAVELICA,INGENIERÍA AMBIENTAL,MASCULINO,SI,1,17
LIMA,INGENIERÍA DE CIBERSEGURIDAD,MASCULINO,NO,2,19
LIMA,INGENIERÍA MECÁNICA,MASCULINO,NO,2,18
JUNIN,INGENIERÍA METALÚRGICA,FEMENINO,NO,1,17
LIMA,INGENIERÍA CIVIL,MASCULINO,NO,2,22
LIMA,INGENIERÍA MECATRÓNICA,MASCULINO,NO,1,17
HUANUCO,INGENIERÍA DE SISTEMAS,MASCULINO,NO,3,20
CALLAO,INGENIERÍA DE SOFTWARE,MASCULINO,NO,2,18
LIMA,INGENIERÍA AMBIENTAL,FEMENINO,NO,4,20
CALLAO,ARQUITECTURA,FEMENINO,NO,3,19
LIMA,INGENIERÍA DE SISTEMAS,MASCULINO,NO,3,20
LIMA,INGENIERÍA DE SOFTWARE,MASCULINO,NO,2,19
LIMA,INGENIERÍA MECÁNICA,MASCULINO,NO,1,18
LIMA,INGENIERÍA ELÉCTRICA,MASCULINO,NO,5,22
LIMA,INGENIERÍA DE SOFTWARE,MASCULINO,NO,2,18
LIMA,INGENIERÍA QUÍMICA,MASCULINO,SI,3,20
LIMA,INGENIERÍA INDUSTRIAL,FEMENINO,NO,2,18
LIMA,INGENIERÍA QUÍMICA,FEMENINO,NO,1,18
LIMA,INGENIERÍA MECATRÓNICA,MASCULINO,NO,2,18
LIMA,INGENIERÍA CIVIL,MASCULINO,NO,4,20
LIMA,INGENIERÍA DE SISTEMAS,MASCULINO,NO,2,19
LIMA,INGENIERÍA CIVIL,MASCULINO,NO,1,18
LIMA,INGENIERÍA FÍSICA,MASCULINO,SI,1,18
LIMA,INGENIERÍA ECONÓMICA,FEMENINO,NO,2,19
LIMA,INGENIERÍA MECATRÓNICA,MASCULINO,NO,1,17
LIMA,INGENIERÍA DE SISTEMAS,MASCULINO,NO,2,19
LIMA,INGENIERÍA INDUSTRIAL,MASCULINO,NO,2,18
AREQUIPA,INGENIERÍA MECÁNICA,MASCULINO,NO,1,17
LAMBAYEQUE,INGENIERÍA MECATRÓNICA,MASCULINO,SI,3,19
LIMA,INGENIERÍA DE SISTEMAS,MASCULINO,NO,2,18
LIMA,INGENIERÍA DE SISTEMAS,MASCULINO,NO,2,19
LIMA,ARQUITECTURA,MASCULINO,NO,1,17
LIMA,INGENIERÍA CIVIL,MASCULINO,NO,5,22
LIMA,INGENIERÍA INDUSTRIAL,MASCULINO,NO,1,18
LIMA,INGENIERÍA DE TELECOMUNICACIONES,MASCULINO,NO,3,19
LIMA,INGENIERÍA CIVIL,FEMENINO,NO,3,19
LIMA,FÍSICA,MASCULINO,SI,1,18
LIMA,INGENIERÍA ELÉCTRICA,MASCULINO,SI,2,18
LIMA,INGENIERÍA AMBIENTAL,FEMENINO,NO,2,18
LAMBAYEQUE,INGENIERÍA ELECTRÓNICA,MASCULINO,NO,3,19
ANCASH,INGENIERÍA CIVIL,MASCULINO,NO,2,18
LIMA,INGENIERÍA INDUSTRIAL,MASCULINO,NO,3,19
LIMA,INGENIERÍA DE MINAS,MASCULINO,NO,2,19
CUSCO,CIENCIA DE LA COMPUTACIÓN,MASCULINO,NO,2,19
LIMA,INGENIERÍA DE MINAS,MASCULINO,NO,4,20
LIMA,INGENIERÍA CIVIL,MASCULINO,NO,3,20
LIMA,INGENIERÍA DE MINAS,MASCULINO,NO,2,19
LIMA,INGENIERÍA DE SOFTWARE,MASCULINO,NO,2,19
AYACUCHO,INGENIERÍA INDUSTRIAL,FEMENINO,NO,2,19
LIMA,INGENIERÍA MECATRÓNICA,MASCULINO,NO,2,19
LIMA,INGENIERÍA DE MINAS,MASCULINO,NO,3,19
LIMA,INGENIERÍA CIVIL,MASCULINO,NO,2,18
LIMA,INGENIERÍA SANITARIA,MASCULINO,NO,1,18
LIMA,ARQUITECTURA,MASCULINO,SI,1,18
LIMA,INGENIERÍA DE SISTEMAS,MASCULINO,NO,3,19
LIMA,ARQUITECTURA,FEMENINO,NO,6,22
LIMA,INGENIERÍA DE SISTEMAS,MASCULINO,NO,2,18
LIMA,CIENCIA DE LA COMPUTACIÓN,MASCULINO,NO,3,19
LA LIBERTAD,INGENIERÍA CIVIL,MASCULINO,NO,2,19
LIMA,INGENIERÍA MECATRÓNICA,MASCULINO,NO,3,21
LAMBAYEQUE,INGENIERÍA MECÁNICA-ELÉCTRICA,MASCULINO,NO,4,20
LIMA,INGENIERÍA AMBIENTAL,MASCULINO,NO,2,19
LIMA,ARQUITECTURA,FEMENINO,NO,3,18
LIMA,CIENCIA DE LA COMPUTACIÓN,MASCULINO,NO,1,17
LIMA,INGENIERÍA DE SISTEMAS,MASCULINO,NO,2,18
LIMA,INGENIERÍA CIVIL,FEMENINO,NO,6,22
ICA,INGENIERÍA INDUSTRIAL,FEMENINO,NO,3,20
LIMA,INGENIERÍA DE TELECOMUNICACIONES,MASCULINO,NO,2,19
LIMA,INGENIERÍA DE PETRÓLEO Y GAS NATURAL,FEMENINO,NO,2,19
LIMA,INGENIERÍA ELECTRÓNICA,MASCULINO,SI,1,18
LIMA,ARQUITECTURA,MASCULINO,NO,6,22
LIMA,INGENIERÍA DE SISTEMAS,MASCULINO,NO,2,18
LIMA,INGENIERÍA DE MINAS,MASCULINO,NO,1,18
LIMA,INGENIERÍA INDUSTRIAL,MASCULINO,NO,3,19
LIMA,INGENIERÍA DE SISTEMAS,MASCULINO,NO,2,18
ANCASH,FÍSICA,FEMENINO,NO,2,19
LIMA,INGENIERÍA INDUSTRIAL,MASCULINO,NO,3,20
CALLAO,CIENCIA DE LA COMPUTACIÓN,MASCULINO,NO,5,20
ANCASH,INGENIERÍA INDUSTRIAL,FEMENINO,NO,1,17
LIMA,INGENIERÍA CIVIL,MASCULINO,NO,3,20
LIMA,INGENIERÍA INDUSTRIAL,FEMENINO,NO,2,18
LIMA,INGENIERÍA DE SISTEMAS,MASCULINO,NO,3,21
LIMA,INGENIERÍA DE SISTEMAS,MASCULINO,NO,3,20
LIMA,ARQUITECTURA,FEMENINO,NO,1,17
CAJAMARCA,INGENIERÍA DE SISTEMAS,MASCULINO,SI,3,20
LIMA,INGENIERÍA CIVIL,FEMENINO,NO,0,17
LIMA,INGENIERÍA CIVIL,MASCULINO,NO,3,20
LIMA,INGENIERÍA DE SISTEMAS,MASCULINO,NO,1,18
LIMA,INGENIERÍA ECONÓMICA,MASCULINO,NO,3,20
LIMA,INGENIERÍA DE SISTEMAS,MASCULINO,NO,3,19
PIURA,INGENIERÍA MECÁNICA,MASCULINO,NO,2,19
LIMA,INGENIERÍA ELECTRÓNICA,MASCULINO,NO,2,18
CALLAO,ARQUITECTURA,FEMENINO,NO,2,18
LIMA,INGENIERÍA DE MINAS,MASCULINO,SI,3,19
LIMA,INGENIERÍA CIVIL,MASCULINO,SI,3,19
LIMA,INGENIERÍA INDUSTRIAL,MASCULINO,NO,2,19
LIMA,INGENIERÍA CIVIL,MASCULINO,NO,4,20
LIMA,ARQUITECTURA,FEMENINO,NO,3,19
LIMA,INGENIERÍA DE CIBERSEGURIDAD,MASCULINO,NO,4,20
HUANUCO,INGENIERÍA ECONÓMICA,MASCULINO,NO,5,22
LIMA,INGENIERÍA MECATRÓNICA,MASCULINO,NO,2,18
LIMA,INGENIERÍA MECÁNICA,MASCULINO,NO,2,19
LIMA,INGENIERÍA DE SOFTWARE,MASCULINO,NO,3,19
LIMA,INGENIERÍA DE SISTEMAS,MASCULINO,NO,3,19
LIMA,INGENIERÍA INDUSTRIAL,MASCULINO,NO,2,18
LIMA,INGENIERÍA DE SISTEMAS,MASCULINO,NO,2,19
PASCO,ARQUITECTURA,MASCULINO,NO,3,20
LIMA,INGENIERÍA MECATRÓNICA,MASCULINO,NO,2,18
ANCASH,INGENIERÍA TEXTIL,FEMENINO,NO,3,19
LIMA,INGENIERÍA ELÉCTRICA,MASCULINO,NO,1,17
LIMA,INGENIERÍA DE SISTEMAS,MASCULINO,NO,1,18
LIMA,INGENIERÍA DE SOFTWARE,MASCULINO,NO,2,18
LIMA,INGENIERÍA ELECTRÓNICA,MASCULINO,NO,2,19
LIMA,CIENCIA DE LA COMPUTACIÓN,MASCULINO,NO,2,19
LIMA,INGENIERÍA ELECTRÓNICA,MASCULINO,NO,3,20
LIMA,INGENIERÍA MECÁNICA,MASCULINO,NO,2,18
LIMA,INGENIERÍA DE SISTEMAS,MASCULINO,NO,2,20
LIMA,INGENIERÍA ECONÓMICA,MASCULINO,NO,2,18
LIMA,ARQUITECTURA,MASCULINO,NO,5,21
ANCASH,INGENIERÍA MECATRÓNICA,MASCULINO,NO,1,17
LIMA,INGENIERÍA DE TELECOMUNICACIONES,MASCULINO,NO,1,17
LIMA,ARQUITECTURA,FEMENINO,SI,2,19
LIMA,INGENIERÍA MECATRÓNICA,MASCULINO,NO,2,19
LIMA,INGENIERÍA CIVIL,MASCULINO,NO,2,18
LIMA,INGENIERÍA INDUSTRIAL,MASCULINO,NO,2,18
LIMA,ARQUITECTURA,MASCULINO,NO,3,20
LIMA,ARQUITECTURA,FEMENINO,NO,2,18
LIMA,INGENIERÍA MECÁNICA,MASCULINO,SI,5,21
LIMA,INGENIERÍA QUÍMICA,MASCULINO,NO,3,19
AYACUCHO,INGENIERÍA AMBIENTAL,FEMENINO,SI,3,19
HUANCAVELICA,INGENIERÍA GEOLÓGICA,FEMENINO,NO,2,18
ÁNCASH,INGENIERÍA MECATRÓNICA,MASCULINO,NO,4,20
CUSCO,INGENIERÍA MECATRÓNICA,MASCULINO,NO,2,18
LIMA,INGENIERÍA DE SISTEMAS,MASCULINO,NO,1,17
LIMA,INGENIERÍA DE MINAS,FEMENINO,NO,2,18
AMAZONAS,INGENIERÍA CIVIL,MASCULINO,NO,2,18
LIMA,INGENIERÍA DE SISTEMAS,MASCULINO,NO,1,17
LIMA,INGENIERÍA MECATRÓNICA,MASCULINO,NO,6,22
LIMA,INGENIERÍA ECONÓMICA,FEMENINO,NO,8,23
LIMA,INGENIERÍA ELÉCTRICA,MASCULINO,SI,3,20
LIMA,INGENIERÍA MECATRÓNICA,MASCULINO,NO,2,18
LIMA,INGENIERÍA CIVIL,MASCULINO,NO,3,19
AREQUIPA,INGENIERÍA MECATRÓNICA,MASCULINO,NO,1,18
LIMA,ARQUITECTURA,FEMENINO,NO,4,20
LIMA,INGENIERÍA ELECTRÓNICA,FEMENINO,NO,2,18
LIMA,ARQUITECTURA,MASCULINO,NO,2,19
LIMA,INGENIERÍA DE SISTEMAS,MASCULINO,NO,1,18
SAN MARTÍN,INGENIERÍA DE SISTEMAS,MASCULINO,NO,1,17
LIMA,INGENIERÍA MECÁNICA,MASCULINO,NO,1,17
LIMA,INGENIERÍA MECÁNICA-ELÉCTRICA,MASCULINO,NO,6,22
LIMA,INGENIERÍA ECONÓMICA,MASCULINO,NO,3,18
LIMA,INGENIERÍA INDUSTRIAL,MASCULINO,NO,2,19
LIMA,INGENIERÍA AMBIENTAL,MASCULINO,NO,1,17
LIMA,ARQUITECTURA,MASCULINO,NO,1,17
LIMA,FÍSICA,MASCULINO,NO,1,17
LIMA,ARQUITECTURA,FEMENINO,NO,2,18
LIMA,INGENIERÍA MECATRÓNICA,FEMENINO,NO,3,19
CALLAO,ARQUITECTURA,MASCULINO,NO,2,19
LIMA,INGENIERÍA CIVIL,MASCULINO,NO,1,17
LIMA,INGENIERÍA ECONÓMICA,FEMENINO,NO,1,18
LIMA,INGENIERÍA ELECTRÓNICA,MASCULINO,NO,2,18
LIMA,INGENIERÍA MECATRÓNICA,MASCULINO,NO,3,20
LIMA,INGENIERÍA CIVIL,MASCULINO,NO,2,18
LIMA,ARQUITECTURA,FEMENINO,NO,5,21
LIMA,INGENIERÍA DE SISTEMAS,MASCULINO,NO,2,18
LIMA,INGENIERÍA DE SISTEMAS,MASCULINO,NO,2,19
LIMA,INGENIERÍA AMBIENTAL,MASCULINO,SI,3,19
LIMA,INGENIERÍA DE SOFTWARE,MASCULINO,NO,2,20
LIMA,INGENIERÍA GEOLÓGICA,MASCULINO,NO,2,19
HUANUCO,INGENIERÍA CIVIL,MASCULINO,NO,3,19
LIMA,INGENIERÍA DE SISTEMAS,MASCULINO,NO,1,18
LIMA,INGENIERÍA QUÍMICA,FEMENINO,SI,3,19
LIMA,ARQUITECTURA,FEMENINO,NO,2,19
LIMA,ARQUITECTURA,FEMENINO,NO,3,19
LIMA,INGENIERÍA CIVIL,MASCULINO,NO,9,22
LIMA,INGENIERÍA CIVIL,MASCULINO,NO,2,18
ANCASH,ARQUITECTURA,MASCULINO,NO,2,18
LIMA,INGENIERÍA DE SISTEMAS,MASCULINO,SI,3,19
LIMA,INGENIERÍA SANITARIA,MASCULINO,NO,29,46
LIMA,FÍSICA,MASCULINO,SI,4,20
LIMA,INGENIERÍA CIVIL,MASCULINO,NO,4,20
LIMA,INGENIERÍA AMBIENTAL,MASCULINO,SI,1,17
LIMA,INGENIERÍA DE SISTEMAS,MASCULINO,NO,2,18
LIMA,INGENIERÍA CIVIL,FEMENINO,NO,2,19
LIMA,INGENIERÍA ELECTRÓNICA,FEMENINO,NO,3,20
LIMA,INGENIERÍA INDUSTRIAL,MASCULINO,NO,2,18
LIMA,INGENIERÍA DE SISTEMAS,FEMENINO,NO,2,18
LIMA,INGENIERÍA ELÉCTRICA,MASCULINO,NO,3,19
LIMA,INGENIERÍA INDUSTRIAL,MASCULINO,NO,2,18
LIMA,INGENIERÍA INDUSTRIAL,MASCULINO,NO,1,17
ANCASH,INGENIERÍA CIVIL,MASCULINO,NO,2,18
LIMA,INGENIERÍA CIVIL,MASCULINO,NO,1,17
LIMA,INGENIERÍA ELÉCTRICA,MASCULINO,NO,35,51
LIMA,CIENCIA DE LA COMPUTACIÓN,MASCULINO,NO,6,22
JUNÍN,INGENIERÍA DE HIGIENE Y SEGURIDAD INDUSTRIAL,FEMENINO,SI,12,29
LIMA,INGENIERÍA AMBIENTAL,FEMENINO,NO,4,20
LIMA,CIENCIA DE LA COMPUTACIÓN,MASCULINO,NO,7,23
LIMA,INGENIERÍA DE SISTEMAS,MASCULINO,NO,2,18
LIMA,INGENIERÍA DE MINAS,FEMENINO,NO,2,18
CALLAO,INGENIERÍA DE SISTEMAS,MASCULINO,SI,3,19
LIMA,INGENIERÍA CIVIL,MASCULINO,NO,1,17
LIMA,ARQUITECTURA,FEMENINO,NO,2,19
LIMA,INGENIERÍA AMBIENTAL,FEMENINO,NO,3,19
LIMA,INGENIERÍA DE SISTEMAS,MASCULINO,NO,2,19
LIMA,INGENIERÍA FÍSICA,MASCULINO,NO,2,17
LIMA,INGENIERÍA QUÍMICA,FEMENINO,NO,9,26
HUÁNUCO,INGENIERÍA MECATRÓNICA,FEMENINO,NO,1,17
LIMA,INGENIERÍA INDUSTRIAL,MASCULINO,NO,3,19
LIMA,CIENCIA DE LA COMPUTACIÓN,MASCULINO,SI,3,19
LIMA,INGENIERÍA DE SISTEMAS,FEMENINO,NO,1,17
ICA,INGENIERÍA ELECTRÓNICA,MASCULINO,NO,1,18
LIMA,INGENIERÍA ECONÓMICA,MASCULINO,NO,1,18
LIMA,INGENIERÍA ECONÓMICA,MASCULINO,NO,1,17
CUSCO,INGENIERÍA DE SISTEMAS,FEMENINO,NO,2,18
LIMA,INGENIERÍA DE SISTEMAS,MASCULINO,NO,1,17
LIMA,INGENIERÍA INDUSTRIAL,MASCULINO,NO,2,18
LIMA,INGENIERÍA CIVIL,MASCULINO,NO,2,18
LIMA,INGENIERÍA INDUSTRIAL,MASCULINO,NO,1,17
LIMA,INGENIERÍA DE SISTEMAS,MASCULINO,NO,1,17
LIMA,QUÍMICA,FEMENINO,NO,5,22
LIMA,INGENIERÍA MECÁNICA,MASCULINO,NO,46,63
CALLAO,INGENIERÍA MECATRÓNICA,MASCULINO,NO,3,20
LIMA,INGENIERÍA DE SISTEMAS,MASCULINO,NO,5,21
LIMA,INGENIERÍA GEOLÓGICA,MASCULINO,NO,2,18
AYACUCHO,INGENIERÍA DE SISTEMAS,FEMENINO,NO,1,17
LIMA,INGENIERÍA DE SISTEMAS,MASCULINO,NO,2,19
LIMA,INGENIERÍA MECÁNICA,MASCULINO,NO,1,17
LIMA,INGENIERÍA DE SISTEMAS,MASCULINO,NO,2,18
LIMA,INGENIERÍA INDUSTRIAL,MASCULINO,NO,4,19
CALLAO,INGENIERÍA DE SISTEMAS,MASCULINO,NO,3,20
LIMA,INGENIERÍA INDUSTRIAL,FEMENINO,NO,4,21
LIMA,INGENIERÍA CIVIL,MASCULINO,NO,4,20
LIMA,INGENIERÍA INDUSTRIAL,FEMENINO,SI,6,22
LIMA,INGENIERÍA DE PETRÓLEO Y GAS NATURAL,MASCULINO,NO,4,20
LIMA,INGENIERÍA MECATRÓNICA,MASCULINO,NO,1,17
CALLAO,INGENIERÍA CIVIL,FEMENINO,NO,1,17
LIMA,INGENIERÍA DE SISTEMAS,MASCULINO,NO,6,22
LIMA,INGENIERÍA CIVIL,FEMENINO,NO,3,20
ÁNCASH,INGENIERÍA DE SISTEMAS,MASCULINO,SI,1,17
LIMA,INGENIERÍA MECATRÓNICA,MASCULINO,NO,1,17
AMAZONAS,INGENIERÍA DE HIGIENE Y SEGURIDAD INDUSTRIAL,MASCULINO,SI,7,23
LIMA,INGENIERÍA CIVIL,FEMENINO,NO,3,18
LIMA,INGENIERÍA DE MINAS,MASCULINO,NO,2,18
LIMA,INGENIERÍA CIVIL,MASCULINO,SI,3,19
LIMA,ARQUITECTURA,FEMENINO,NO,6,22
LIMA,INGENIERÍA CIVIL,MASCULINO,NO,4,19
CALLAO,INGENIERÍA DE TELECOMUNICACIONES,MASCULINO,NO,5,21
LIMA,INGENIERÍA CIVIL,MASCULINO,NO,1,18
LIMA,INGENIERÍA CIVIL,MASCULINO,NO,2,18
LIMA,INGENIERÍA ECONÓMICA,MASCULINO,NO,1,18
LIMA,INGENIERÍA ELECTRÓNICA,MASCULINO,NO,1,18
LIMA,INGENIERÍA MECÁNICA,MASCULINO,NO,2,19
LIMA,INGENIERÍA DE SISTEMAS,FEMENINO,NO,2,18
LIMA,INGENIERÍA CIVIL,FEMENINO,NO,2,18
LIMA,INGENIERÍA INDUSTRIAL,MASCULINO,NO,2,18
LIMA,INGENIERÍA DE MINAS,MASCULINO,NO,6,22
LIMA,INGENIERÍA ECONÓMICA,FEMENINO,NO,3,19
LIMA,INGENIERÍA CIVIL,MASCULINO,NO,3,19
LIMA,INGENIERÍA INDUSTRIAL,MASCULINO,NO,7,23
LIMA,INGENIERÍA ELECTRÓNICA,MASCULINO,NO,1,17
AMAZONAS,INGENIERÍA ELECTRÓNICA,MASCULINO,NO,2,18
HUANCAVELICA,INGENIERÍA CIVIL,MASCULINO,NO,4,21
LIMA,INGENIERÍA DE SISTEMAS,FEMENINO,NO,3,20
LIMA,INGENIERÍA ECONÓMICA,MASCULINO,NO,2,19
LIMA,INGENIERÍA INDUSTRIAL,FEMENINO,NO,2,18
LIMA,INGENIERÍA ELECTRÓNICA,MASCULINO,NO,2,19
LIMA,INGENIERÍA CIVIL,MASCULINO,NO,5,21
LIMA,INGENIERÍA DE SISTEMAS,MASCULINO,NO,3,20
LIMA,INGENIERÍA CIVIL,MASCULINO,NO,1,17
LIMA,INGENIERÍA ECONÓMICA,FEMENINO,NO,2,18
ARGENTINA,INGENIERÍA ELECTRÓNICA,MASCULINO,NO,3,21
LIMA,INGENIERÍA DE SISTEMAS,MASCULINO,NO,2,18
LIMA,INGENIERÍA SANITARIA,MASCULINO,NO,5,22
ANCASH,INGENIERÍA CIVIL,MASCULINO,NO,3,20
LIMA,INGENIERÍA DE SISTEMAS,MASCULINO,NO,1,18
LIMA,INGENIERÍA ELÉCTRICA,MASCULINO,NO,2,18
HUANCAVELICA,INGENIERÍA MECATRÓNICA,MASCULINO,NO,5,21
LIMA,INGENIERÍA ESTADÍSTICA,MASCULINO,NO,3,19
LIMA,INGENIERÍA CIVIL,MASCULINO,NO,0,17
TACNA,INGENIERÍA MECÁNICA,FEMENINO,NO,5,21
LIMA,INGENIERÍA CIVIL,MASCULINO,NO,2,18
LIMA,MATEMÁTICA,MASCULINO,NO,1,17
LIMA,INGENIERÍA ELÉCTRICA,MASCULINO,SI,1,17
JUNIN,INGENIERÍA DE CIBERSEGURIDAD,MASCULINO,NO,1,17
LIMA,INGENIERÍA MECÁNICA,FEMENINO,NO,3,19
LIMA,INGENIERÍA ELECTRÓNICA,MASCULINO,SI,2,18
LIMA,INGENIERÍA ECONÓMICA,FEMENINO,NO,4,21
PUNO,INGENIERÍA DE SISTEMAS,MASCULINO,NO,3,19
LAMBAYEQUE,INGENIERÍA CIVIL,MASCULINO,NO,1,18
LIMA,INGENIERÍA ELECTRÓNICA,MASCULINO,NO,7,22
LIMA,INGENIERÍA INDUSTRIAL,MASCULINO,NO,3,20
LIMA,INGENIERÍA DE TELECOMUNICACIONES,FEMENINO,NO,3,20
LIMA,INGENIERÍA QUÍMICA,FEMENINO,SI,4,20
LIMA,INGENIERÍA CIVIL,MASCULINO,NO,3,18
PASCO,INGENIERÍA ECONÓMICA,MASCULINO,NO,3,20
LIMA,INGENIERÍA QUÍMICA,MASCULINO,NO,2,19
LIMA,INGENIERÍA QUÍMICA,MASCULINO,NO,2,19
CALLAO,INGENIERÍA CIVIL,MASCULINO,NO,5,21
LIMA,INGENIERÍA DE TELECOMUNICACIONES,MASCULINO,NO,2,18
LIMA,INGENIERÍA DE MINAS,MASCULINO,NO,2,19
LIMA,ARQUITECTURA,MASCULINO,NO,5,21
LIMA,INGENIERÍA AMBIENTAL,FEMENINO,NO,2,18
LIMA,INGENIERÍA MECATRÓNICA,FEMENINO,NO,5,21
LIMA,INGENIERÍA DE SISTEMAS,MASCULINO,NO,3,19
LIMA,INGENIERÍA ECONÓMICA,FEMENINO,NO,3,18
AREQUIPA,INGENIERÍA PETROQUÍMICA,FEMENINO,NO,1,19
ICA,INGENIERÍA DE CIBERSEGURIDAD,MASCULINO,NO,2,19
LIMA,INGENIERÍA DE MINAS,FEMENINO,NO,2,18
LIMA,INGENIERÍA INDUSTRIAL,MASCULINO,NO,4,21
LIMA,INGENIERÍA MECÁNICA,MASCULINO,NO,3,19
LIMA,INGENIERÍA PETROQUÍMICA,MASCULINO,SI,2,18
LIMA,INGENIERÍA INDUSTRIAL,MASCULINO,NO,1,18
LIMA,INGENIERÍA CIVIL,MASCULINO,NO,3,19
LIMA,INGENIERÍA DE SISTEMAS,MASCULINO,NO,4,21
LIMA,INGENIERÍA CIVIL,FEMENINO,NO,2,18
LIMA,INGENIERÍA MECATRÓNICA,MASCULINO,NO,2,18
LIMA,INGENIERÍA INDUSTRIAL,MASCULINO,NO,3,20
LIMA,INGENIERÍA INDUSTRIAL,MASCULINO,SI,2,18
LIMA,INGENIERÍA DE SISTEMAS,FEMENINO,NO,2,19
LIMA,INGENIERÍA CIVIL,MASCULINO,NO,1,17
LIMA,INGENIERÍA FÍSICA,MASCULINO,SI,2,18
LIMA,INGENIERÍA CIVIL,MASCULINO,NO,2,18
LIMA,INGENIERÍA CIVIL,MASCULINO,NO,2,18
LIMA,INGENIERÍA DE SISTEMAS,MASCULINO,SI,1,17
LIMA,ARQUITECTURA,FEMENINO,NO,3,19
LIMA,INGENIERÍA GEOLÓGICA,MASCULINO,SI,2,20
LIMA,INGENIERÍA SANITARIA,FEMENINO,NO,2,19
LIMA,INGENIERÍA ELECTRÓNICA,MASCULINO,NO,2,18
LIMA,INGENIERÍA DE SISTEMAS,FEMENINO,NO,3,19
LIMA,INGENIERÍA MECATRÓNICA,MASCULINO,NO,2,19
AYACUCHO,INGENIERÍA AMBIENTAL,FEMENINO,NO,3,19
LIMA,INGENIERÍA INDUSTRIAL,MASCULINO,NO,2,18
LIMA,INGENIERÍA CIVIL,MASCULINO,NO,3,19
LIMA,INGENIERÍA DE CIBERSEGURIDAD,FEMENINO,NO,2,18
LIMA,INGENIERÍA DE SISTEMAS,MASCULINO,NO,3,19
LIMA,INGENIERÍA ELÉCTRICA,MASCULINO,NO,1,17
LIMA,INGENIERÍA ELÉCTRICA,MASCULINO,NO,3,20
LIMA,INGENIERÍA DE MINAS,MASCULINO,NO,6,22
LIMA,INGENIERÍA CIVIL,MASCULINO,NO,1,18
ANCASH,INGENIERÍA ELÉCTRICA,MASCULINO,NO,5,22
LIMA,INGENIERÍA INDUSTRIAL,MASCULINO,NO,7,24
LIMA,ARQUITECTURA,FEMENINO,NO,3,19
LIMA,INGENIERÍA PETROQUÍMICA,MASCULINO,NO,1,17
LIMA,ARQUITECTURA,MASCULINO,NO,2,19
LIMA,INGENIERÍA DE SISTEMAS,MASCULINO,NO,3,19
PASCO,INGENIERÍA CIVIL,MASCULINO,SI,1,17
LIMA,INGENIERÍA INDUSTRIAL,MASCULINO,NO,4,20
LIMA,INGENIERÍA DE SOFTWARE,MASCULINO,NO,3,19
AYACUCHO,INGENIERÍA CIVIL,MASCULINO,NO,3,20
LIMA,INGENIERÍA INDUSTRIAL,MASCULINO,NO,3,19
LIMA,INGENIERÍA DE SISTEMAS,MASCULINO,NO,3,20
LIMA,INGENIERÍA MECATRÓNICA,MASCULINO,NO,13,29
LIMA,INGENIERÍA DE CIBERSEGURIDAD,MASCULINO,NO,1,18
AMAZONAS,INGENIERÍA CIVIL,MASCULINO,NO,7,24
JUNIN,MATEMÁTICA,MASCULINO,NO,1,18
PUNO,INGENIERÍA ECONÓMICA,FEMENINO,NO,4,20
LA LIBERTAD,INGENIERÍA INDUSTRIAL,MASCULINO,NO,3,19
LIMA,INGENIERÍA AMBIENTAL,FEMENINO,NO,4,20
LIMA,INGENIERÍA DE MINAS,MASCULINO,NO,3,19
LIMA,ARQUITECTURA,FEMENINO,NO,3,19
LIMA,INGENIERÍA DE SISTEMAS,MASCULINO,NO,3,20
LIMA,INGENIERÍA CIVIL,MASCULINO,NO,1,18
LIMA,INGENIERÍA INDUSTRIAL,FEMENINO,NO,4,19
LIMA,INGENIERÍA DE SISTEMAS,MASCULINO,NO,1,17
LIMA,INGENIERÍA DE MINAS,MASCULINO,NO,1,18
LIMA,INGENIERÍA MECATRÓNICA,MASCULINO,NO,4,20
ANCASH,INGENIERÍA CIVIL,MASCULINO,NO,1,18
LIMA,INGENIERÍA DE TELECOMUNICACIONES,MASCULINO,NO,2,19
LIMA,INGENIERÍA CIVIL,MASCULINO,NO,3,20
CALLAO,INGENIERÍA DE MINAS,MASCULINO,NO,3,20
LIMA,INGENIERÍA ESTADÍSTICA,MASCULINO,SI,5,21
LIMA,INGENIERÍA DE SISTEMAS,MASCULINO,SI,5,22
HUANCAVELICA,INGENIERÍA DE SISTEMAS,MASCULINO,NO,2,19
PUNO,INGENIERÍA DE SOFTWARE,MASCULINO,NO,2,18
LIMA,INGENIERÍA DE SOFTWARE,MASCULINO,NO,6,23
LIMA,ARQUITECTURA,FEMENINO,NO,3,19
LIMA,INGENIERÍA ELÉCTRICA,MASCULINO,NO,3,19
LIMA,INGENIERÍA DE SISTEMAS,MASCULINO,NO,6,22
LIMA,ARQUITECTURA,FEMENINO,NO,3,19
HUANCAVELICA,INGENIERÍA INDUSTRIAL,FEMENINO,NO,1,17
CALLAO,INGENIERÍA CIVIL,MASCULINO,NO,3,20
LIMA,INGENIERÍA DE CIBERSEGURIDAD,MASCULINO,NO,12,30
LIMA,INGENIERÍA MECATRÓNICA,FEMENINO,NO,2,19
JUNIN,INGENIERÍA DE SISTEMAS,MASCULINO,NO,1,17
LIMA,INGENIERÍA DE TELECOMUNICACIONES,MASCULINO,NO,2,19
LIMA,FÍSICA,MASCULINO,SI,11,17
LIMA,INGENIERÍA DE SISTEMAS,MASCULINO,NO,1,17
CALLAO,INGENIERÍA SANITARIA,FEMENINO,SI,8,24
PUNO,INGENIERÍA CIVIL,MASCULINO,NO,1,18
LIMA,INGENIERÍA ECONÓMICA,FEMENINO,NO,2,19
LIMA,INGENIERÍA AMBIENTAL,MASCULINO,NO,3,19
LIMA,INGENIERÍA CIVIL,MASCULINO,NO,5,24
LIMA,INGENIERÍA PETROQUÍMICA,MASCULINO,NO,3,19
CAJAMARCA,INGENIERÍA CIVIL,MASCULINO,SI,1,17
LIMA,INGENIERÍA CIVIL,FEMENINO,NO,1,17
LIMA,INGENIERÍA DE SISTEMAS,MASCULINO,NO,1,18
LAMBAYEQUE,INGENIERÍA QUÍMICA,MASCULINO,NO,5,22
CALLAO,INGENIERÍA MECATRÓNICA,MASCULINO,NO,3,19
LIMA,INGENIERÍA MECATRÓNICA,FEMENINO,NO,2,19
LIMA,INGENIERÍA DE SOFTWARE,FEMENINO,NO,3,20
LIMA,INGENIERÍA DE MINAS,MASCULINO,NO,3,19
HUANUCO,INGENIERÍA QUÍMICA,MASCULINO,NO,3,19
CAJAMARCA,INGENIERÍA ECONÓMICA,MASCULINO,NO,1,18
LIMA,INGENIERÍA DE SISTEMAS,MASCULINO,NO,4,20
LIMA,INGENIERÍA DE TELECOMUNICACIONES,MASCULINO,NO,3,20
LIMA,CIENCIA DE LA COMPUTACIÓN,MASCULINO,NO,1,18
LIMA,INGENIERÍA CIVIL,MASCULINO,NO,2,19
LIMA,INGENIERÍA MECATRÓNICA,MASCULINO,NO,1,18
ICA,INGENIERÍA MECATRÓNICA,MASCULINO,SI,1,18
LIMA,ARQUITECTURA,FEMENINO,NO,1,17
LIMA,INGENIERÍA INDUSTRIAL,MASCULINO,NO,6,23
LIMA,ARQUITECTURA,FEMENINO,NO,1,18
LIMA,INGENIERÍA DE TELECOMUNICACIONES,MASCULINO,NO,3,20
LIMA,INGENIERÍA CIVIL,MASCULINO,NO,2,18
LIMA,ARQUITECTURA,FEMENINO,NO,5,21
LIMA,INGENIERÍA ELÉCTRICA,FEMENINO,NO,2,18
LIMA,INGENIERÍA DE SOFTWARE,MASCULINO,NO,1,18
LIMA,INGENIERÍA CIVIL,FEMENINO,NO,3,19
LIMA,INGENIERÍA ELECTRÓNICA,MASCULINO,SI,1,17
LIMA,INGENIERÍA MECÁNICA,MASCULINO,SI,1,17
LIMA,FÍSICA,MASCULINO,NO,2,19
LIMA,INGENIERÍA DE SOFTWARE,MASCULINO,NO,3,19
LIMA,INGENIERÍA NAVAL,MASCULINO,NO,22,18
LIMA,INGENIERÍA DE SISTEMAS,MASCULINO,NO,2,18
LIMA,INGENIERÍA MECATRÓNICA,MASCULINO,SI,1,18
PUNO,INGENIERÍA MECÁNICA,MASCULINO,NO,1,18
JUNIN,INGENIERÍA CIVIL,MASCULINO,NO,1,17
LIMA,INGENIERÍA CIVIL,MASCULINO,NO,4,20
LIMA,ARQUITECTURA,MASCULINO,NO,2,18
LIMA,INGENIERÍA DE TELECOMUNICACIONES,MASCULINO,NO,4,21
CALLAO,INGENIERÍA DE MINAS,FEMENINO,NO,6,21
LIMA,INGENIERÍA FÍSICA,MASCULINO,NO,10,26
LIMA,INGENIERÍA INDUSTRIAL,MASCULINO,NO,2,18
LIMA,INGENIERÍA MECÁNICA,MASCULINO,SI,5,21
LIMA,INGENIERÍA DE SISTEMAS,MASCULINO,NO,3,19
LIMA,INGENIERÍA QUÍMICA,MASCULINO,NO,4,21
LIMA,INGENIERÍA QUÍMICA,MASCULINO,NO,2,18
LIMA,INGENIERÍA DE SISTEMAS,MASCULINO,NO,1,17
LIMA,INGENIERÍA CIVIL,MASCULINO,SI,1,18
LIMA,INGENIERÍA DE SISTEMAS,MASCULINO,NO,2,19
LIMA,CIENCIA DE LA COMPUTACIÓN,MASCULINO,SI,1,17
LIMA,INGENIERÍA ELÉCTRICA,FEMENINO,NO,1,17
LIMA,INGENIERÍA INDUSTRIAL,FEMENINO,NO,1,17
LIMA,INGENIERÍA CIVIL,MASCULINO,NO,6,21
LIMA,INGENIERÍA DE SISTEMAS,MASCULINO,SI,1,17
LIMA,INGENIERÍA QUÍMICA,FEMENINO,NO,1,18
LIMA,INGENIERÍA DE SISTEMAS,MASCULINO,SI,5,21
LIMA,INGENIERÍA CIVIL,FEMENINO,NO,2,19
LIMA,INGENIERÍA DE SISTEMAS,MASCULINO,NO,2,19
APURIMAC,INGENIERÍA AMBIENTAL,MASCULINO,NO,6,22
LIMA,INGENIERÍA DE SISTEMAS,MASCULINO,NO,1,17
LIMA,QUÍMICA,FEMENINO,NO,7,24
LIMA,INGENIERÍA MECÁNICA-ELÉCTRICA,MASCULINO,NO,4,20
LIMA,INGENIERÍA DE SISTEMAS,MASCULINO,NO,2,18
LIMA,INGENIERÍA DE SISTEMAS,MASCULINO,NO,4,20
LIMA,INGENIERÍA MECATRÓNICA,MASCULINO,NO,1,18
LIMA,ARQUITECTURA,MASCULINO,NO,13,29
JUNIN,INGENIERÍA MECATRÓNICA,MASCULINO,SI,6,22
LIMA,INGENIERÍA SANITARIA,MASCULINO,NO,2,18
LIMA,INGENIERÍA INDUSTRIAL,FEMENINO,NO,3,19
LIMA,INGENIERÍA CIVIL,MASCULINO,NO,4,21
LIMA,INGENIERÍA INDUSTRIAL,MASCULINO,NO,3,20
JUNIN,INGENIERÍA DE MINAS,FEMENINO,NO,1,20
LIMA,INGENIERÍA DE MINAS,MASCULINO,NO,4,20
JUNIN,INGENIERÍA ELECTRÓNICA,MASCULINO,NO,3,20
CALLAO,INGENIERÍA DE SISTEMAS,MASCULINO,NO,1,17
LIMA,INGENIERÍA MECÁNICA,MASCULINO,NO,4,22
LIMA,INGENIERÍA INDUSTRIAL,MASCULINO,NO,2,19
LIMA,INGENIERÍA INDUSTRIAL,MASCULINO,SI,4,20
LORETO,INGENIERÍA ELÉCTRICA,MASCULINO,NO,2,19
APURIMAC,INGENIERÍA DE MINAS,MASCULINO,NO,3,19
LIMA,ARQUITECTURA,FEMENINO,NO,0,19
LIMA,INGENIERÍA QUÍMICA,MASCULINO,NO,3,18
LIMA,INGENIERÍA CIVIL,MASCULINO,NO,2,18
LIMA,ARQUITECTURA,MASCULINO,NO,3,19
LIMA,ARQUITECTURA,MASCULINO,NO,5,22
LIMA,MATEMÁTICA,MASCULINO,NO,3,18
LIMA,INGENIERÍA FÍSICA,MASCULINO,SI,1,17
LIMA,INGENIERÍA MECÁNICA,MASCULINO,NO,2,18
LIMA,INGENIERÍA DE SISTEMAS,MASCULINO,NO,4,20
LIMA,INGENIERÍA DE CIBERSEGURIDAD,MASCULINO,NO,1,17
AYACUCHO,INGENIERÍA DE SISTEMAS,MASCULINO,NO,2,19
LIMA,INGENIERÍA ELECTRÓNICA,MASCULINO,NO,1,17
LIMA,INGENIERÍA ECONÓMICA,FEMENINO,NO,4,20
LIMA,ARQUITECTURA,FEMENINO,NO,2,19
PASCO,INGENIERÍA AMBIENTAL,FEMENINO,NO,1,17
LIMA,INGENIERÍA CIVIL,MASCULINO,NO,3,19
LIMA,INGENIERÍA CIVIL,MASCULINO,NO,4,20
LIMA,INGENIERÍA GEOLÓGICA,MASCULINO,NO,2,18
LIMA,ARQUITECTURA,MASCULINO,NO,1,19
LIMA,INGENIERÍA ELÉCTRICA,MASCULINO,SI,2,19
LAMBAYEQUE,INGENIERÍA MECÁNICA-ELÉCTRICA,MASCULINO,NO,1,17
LIMA,INGENIERÍA DE SISTEMAS,MASCULINO,NO,1,19
LIMA,ARQUITECTURA,FEMENINO,NO,2,18
CAJAMARCA,ARQUITECTURA,FEMENINO,NO,3,19
CUSCO,INGENIERÍA DE SISTEMAS,MASCULINO,NO,10,26
LIMA,ARQUITECTURA,MASCULINO,NO,4,20
CALLAO,INGENIERÍA DE SISTEMAS,MASCULINO,NO,3,19
LIMA,INGENIERÍA DE SISTEMAS,MASCULINO,NO,3,20
LIMA,INGENIERÍA INDUSTRIAL,MASCULINO,SI,2,18
LIMA,INGENIERÍA ELÉCTRICA,MASCULINO,NO,5,21
LIMA,ARQUITECTURA,MASCULINO,NO,2,19
LIMA,INGENIERÍA CIVIL,MASCULINO,NO,3,19
CALLAO,INGENIERÍA DE MINAS,MASCULINO,SI,5,21
LIMA,INGENIERÍA DE CIBERSEGURIDAD,MASCULINO,NO,3,19
LIMA,INGENIERÍA AMBIENTAL,MASCULINO,NO,3,19
LIMA,INGENIERÍA CIVIL,MASCULINO,NO,11,28
LIMA,ARQUITECTURA,FEMENINO,NO,3,19
CALLAO,ARQUITECTURA,FEMENINO,NO,2,18
LIMA,INGENIERÍA MECATRÓNICA,FEMENINO,NO,4,20
CALLAO,INGENIERÍA INDUSTRIAL,MASCULINO,NO,1,17
CALLAO,INGENIERÍA ECONÓMICA,FEMENINO,NO,4,20
LIMA,INGENIERÍA DE SISTEMAS,MASCULINO,NO,2,18
LIMA,INGENIERÍA ELECTRÓNICA,FEMENINO,SI,5,22
LIMA,INGENIERÍA DE SISTEMAS,MASCULINO,NO,5,21
LIMA,INGENIERÍA INDUSTRIAL,MASCULINO,SI,1,18
LIMA,FÍSICA,MASCULINO,SI,5,20
APURIMAC,INGENIERÍA DE SISTEMAS,MASCULINO,NO,4,20
LIMA,INGENIERÍA MECÁNICA,MASCULINO,NO,8,24
LIMA,INGENIERÍA MECATRÓNICA,MASCULINO,SI,1,17
HUANUCO,INGENIERÍA CIVIL,MASCULINO,NO,1,18
LIMA,INGENIERÍA MECATRÓNICA,MASCULINO,SI,10,26
LIMA,INGENIERÍA ELECTRÓNICA,MASCULINO,NO,3,19
LIMA,INGENIERÍA CIVIL,MASCULINO,NO,2,18
LIMA,INGENIERÍA INDUSTRIAL,MASCULINO,NO,2,19
LIMA,INGENIERÍA CIVIL,MASCULINO,NO,4,21
LIMA,INGENIERÍA DE CIBERSEGURIDAD,MASCULINO,NO,4,20
LIMA,INGENIERÍA MECÁNICA,MASCULINO,NO,1,17
LIMA,INGENIERÍA AMBIENTAL,FEMENINO,NO,5,21
LIMA,INGENIERÍA ECONÓMICA,MASCULINO,NO,3,20
LIMA,INGENIERÍA DE TELECOMUNICACIONES,MASCULINO,NO,3,19
LIMA,INGENIERÍA INDUSTRIAL,MASCULINO,NO,1,18
LIMA,INGENIERÍA MECATRÓNICA,FEMENINO,NO,1,18
LIMA,INGENIERÍA ELÉCTRICA,MASCULINO,NO,3,20
ICA,INGENIERÍA MECATRÓNICA,MASCULINO,NO,1,18
LIMA,INGENIERÍA ELECTRÓNICA,MASCULINO,NO,2,18
LIMA,INGENIERÍA CIVIL,MASCULINO,NO,2,18
LIMA,ARQUITECTURA,MASCULINO,NO,1,18
ANCASH,INGENIERÍA CIVIL,MASCULINO,NO,3,18
LIMA,INGENIERÍA DE SISTEMAS,MASCULINO,NO,3,19
LIMA,INGENIERÍA MECATRÓNICA,FEMENINO,NO,1,17
LIMA,INGENIERÍA QUÍMICA,MASCULINO,SI,4,20
CUSCO,INGENIERÍA CIVIL,MASCULINO,NO,3,19
LIMA,INGENIERÍA MECATRÓNICA,MASCULINO,NO,3,19
LIMA,INGENIERÍA CIVIL,MASCULINO,NO,2,19
LIMA,INGENIERÍA MECATRÓNICA,MASCULINO,NO,3,19
LIMA,INGENIERÍA ELÉCTRICA,MASCULINO,NO,4,20
LIMA,ARQUITECTURA,MASCULINO,NO,2,18
LIMA,ARQUITECTURA,FEMENINO,NO,4,23
LIMA,INGENIERÍA CIVIL,MASCULINO,NO,1,17
LIMA,INGENIERÍA MECATRÓNICA,FEMENINO,NO,2,18
LIMA,INGENIERÍA DE SISTEMAS,MASCULINO,NO,2,18
LIMA,INGENIERÍA DE SISTEMAS,MASCULINO,NO,4,20
LIMA,INGENIERÍA DE SISTEMAS,MASCULINO,NO,3,20
LIMA,INGENIERÍA MECÁNICA,MASCULINO,SI,7,23
LIMA,INGENIERÍA DE TELECOMUNICACIONES,MASCULINO,NO,2,18
LAMBAYEQUE,INGENIERÍA MECATRÓNICA,MASCULINO,SI,1,17
JUNIN,ARQUITECTURA,FEMENINO,NO,2,19
LIMA,INGENIERÍA TEXTIL,MASCULINO,NO,5,20
MOQUEGUA,INGENIERÍA DE SISTEMAS,FEMENINO,NO,3,19
LIMA,INGENIERÍA AMBIENTAL,MASCULINO,NO,10,26
LIMA,INGENIERÍA ESTADÍSTICA,MASCULINO,NO,4,20
LIMA,INGENIERÍA CIVIL,FEMENINO,NO,2,18
AYACUCHO,INGENIERÍA CIVIL,MASCULINO,NO,2,19
LIMA,ARQUITECTURA,MASCULINO,NO,3,20
ANCASH,INGENIERÍA PETROQUÍMICA,MASCULINO,NO,2,19
LIMA,FÍSICA,MASCULINO,NO,2,19
LIMA,INGENIERÍA CIVIL,MASCULINO,NO,3,20
LIMA,INGENIERÍA MECATRÓNICA,MASCULINO,NO,2,19
LIMA,INGENIERÍA CIVIL,MASCULINO,NO,2,19
LIMA,ARQUITECTURA,FEMENINO,NO,1,18
LIMA,INGENIERÍA INDUSTRIAL,MASCULINO,SI,5,21
LIMA,INGENIERÍA CIVIL,MASCULINO,NO,2,18
LIMA,INGENIERÍA CIVIL,MASCULINO,NO,14,30
CALLAO,INGENIERÍA MECATRÓNICA,MASCULINO,NO,1,17
LIMA,INGENIERÍA AMBIENTAL,MASCULINO,NO,2,19
LIMA,INGENIERÍA DE SISTEMAS,MASCULINO,NO,2,19
LIMA,INGENIERÍA DE TELECOMUNICACIONES,MASCULINO,NO,2,19
PUNO,INGENIERÍA DE SISTEMAS,MASCULINO,NO,5,21
LIMA,INGENIERÍA ECONÓMICA,MASCULINO,SI,6,21
HUANUCO,INGENIERÍA MECATRÓNICA,MASCULINO,NO,2,18
LIMA,ARQUITECTURA,FEMENINO,NO,2,19
CALLAO,INGENIERÍA INDUSTRIAL,FEMENINO,NO,4,21
LIMA,INGENIERÍA CIVIL,FEMENINO,NO,1,17
LIMA,INGENIERÍA ELÉCTRICA,MASCULINO,SI,5,21
LIMA,INGENIERÍA AMBIENTAL,FEMENINO,NO,2,18
LIMA,INGENIERÍA CIVIL,MASCULINO,NO,7,23
LIMA,INGENIERÍA MECÁNICA-ELÉCTRICA,FEMENINO,NO,5,21
LIMA,INGENIERÍA MECATRÓNICA,MASCULINO,NO,1,17
LIMA,INGENIERÍA MECATRÓNICA,MASCULINO,NO,2,19
MADRE DE DIOS,INGENIERÍA MECATRÓNICA,MASCULINO,NO,2,18
LIMA,INGENIERÍA INDUSTRIAL,FEMENINO,NO,1,18
AMAZONAS,INGENIERÍA CIVIL,MASCULINO,NO,1,17
LIMA,INGENIERÍA SANITARIA,FEMENINO,NO,2,19
LIMA,INGENIERÍA MECÁNICA-ELÉCTRICA,MASCULINO,NO,3,19
LIMA,INGENIERÍA CIVIL,FEMENINO,NO,2,18
LIMA,INGENIERÍA CIVIL,MASCULINO,NO,4,20
LIMA,INGENIERÍA INDUSTRIAL,MASCULINO,NO,3,20
LIMA,INGENIERÍA CIVIL,MASCULINO,NO,1,17
LIMA,INGENIERÍA CIVIL,MASCULINO,SI,4,20
LIMA,INGENIERÍA CIVIL,MASCULINO,NO,1,17
LIMA,ARQUITECTURA,MASCULINO,NO,1,18
LIMA,INGENIERÍA DE SISTEMAS,MASCULINO,SI,3,19
LIMA,INGENIERÍA ECONÓMICA,MASCULINO,NO,2,18
JUNÍN,INGENIERÍA DE HIGIENE Y SEGURIDAD INDUSTRIAL,FEMENINO,NO,1,17
ICA,INGENIERÍA DE SISTEMAS,MASCULINO,NO,1,17
LIMA,INGENIERÍA CIVIL,MASCULINO,NO,1,17
CALLAO,INGENIERÍA CIVIL,MASCULINO,NO,1,18
LIMA,INGENIERÍA MECATRÓNICA,MASCULINO,NO,1,17
LIMA,CIENCIA DE LA COMPUTACIÓN,MASCULINO,SI,4,20
LIMA,INGENIERÍA INDUSTRIAL,MASCULINO,NO,1,17
LIMA,INGENIERÍA QUÍMICA,MASCULINO,SI,3,19
LIMA,INGENIERÍA CIVIL,MASCULINO,NO,3,19
ÁNCASH,INGENIERÍA MECATRÓNICA,MASCULINO,NO,2,19
LIMA,INGENIERÍA INDUSTRIAL,MASCULINO,NO,1,17
LIMA,INGENIERÍA DE SISTEMAS,MASCULINO,NO,2,19
LIMA,INGENIERÍA CIVIL,MASCULINO,NO,3,19
LIMA,ARQUITECTURA,FEMENINO,NO,9,25
LIMA,INGENIERÍA MECÁNICA,MASCULINO,NO,4,20
LIMA,INGENIERÍA AMBIENTAL,FEMENINO,NO,3,20
AYACUCHO,INGENIERÍA INDUSTRIAL,FEMENINO,NO,3,19
LAMBAYEQUE,INGENIERÍA CIVIL,MASCULINO,NO,1,18
AMAZONAS,INGENIERÍA DE SISTEMAS,MASCULINO,NO,2,18
CAJAMARCA,INGENIERÍA QUÍMICA,MASCULINO,NO,6,22
LIMA,INGENIERÍA QUÍMICA,FEMENINO,SI,6,22
PUNO,INGENIERÍA CIVIL,MASCULINO,NO,2,18
AYACUCHO,ARQUITECTURA,MASCULINO,NO,0,16
LIMA,INGENIERÍA CIVIL,MASCULINO,NO,2,18
LIMA,ARQUITECTURA,FEMENINO,NO,4,20
LIMA,INGENIERÍA ELECTRÓNICA,MASCULINO,NO,1,18
JUNÍN,INGENIERÍA DE SISTEMAS,MASCULINO,NO,22,18
LIMA,INGENIERÍA CIVIL,MASCULINO,NO,2,19
LIMA,INGENIERÍA INDUSTRIAL,FEMENINO,NO,1,18
LIMA,INGENIERÍA DE SISTEMAS,MASCULINO,NO,2,18
AYACUCHO,INGENIERÍA CIVIL,MASCULINO,NO,3,19
LIMA,INGENIERÍA CIVIL,MASCULINO,NO,1,18
ICA,INGENIERÍA MECATRÓNICA,MASCULINO,NO,6,24
LIMA,INGENIERÍA CIVIL,MASCULINO,NO,2,19
LIMA,INGENIERÍA DE SISTEMAS,MASCULINO,NO,1,17
LIMA,INGENIERÍA MECÁNICA,MASCULINO,NO,1,17
ICA,INGENIERÍA CIVIL,MASCULINO,NO,2,18
LIMA,INGENIERÍA DE SISTEMAS,MASCULINO,NO,6,23
ÁNCASH,INGENIERÍA PETROQUÍMICA,MASCULINO,NO,3,19
LA LIBERTAD,INGENIERÍA DE MINAS,MASCULINO,SI,12,29
LIMA,INGENIERÍA NAVAL,MASCULINO,NO,4,21
LIMA,INGENIERÍA MECATRÓNICA,MASCULINO,NO,1,18
LIMA,INGENIERÍA INDUSTRIAL,MASCULINO,NO,1,17
LIMA,CIENCIA DE LA COMPUTACIÓN,FEMENINO,NO,4,20
CALLAO,INGENIERÍA DE CIBERSEGURIDAD,FEMENINO,NO,1,18
CALLAO,INGENIERÍA INDUSTRIAL,FEMENINO,NO,5,20
LAMBAYEQUE,INGENIERÍA CIVIL,MASCULINO,NO,2,19
LIMA,INGENIERÍA CIVIL,MASCULINO,NO,1,18
LIMA,INGENIERÍA CIVIL,MASCULINO,SI,31,47
LIMA,INGENIERÍA DE SISTEMAS,MASCULINO,NO,2,18
LIMA,INGENIERÍA DE SISTEMAS,MASCULINO,NO,2,18
LIMA,INGENIERÍA MECÁNICA-ELÉCTRICA,MASCULINO,SI,3,19
LIMA,INGENIERÍA DE CIBERSEGURIDAD,FEMENINO,NO,4,21
LIMA,INGENIERÍA INDUSTRIAL,MASCULINO,NO,2,18
LIMA,INGENIERÍA FÍSICA,MASCULINO,SI,2,19
LIMA,INGENIERÍA DE CIBERSEGURIDAD,MASCULINO,NO,2,19
LIMA,INGENIERÍA DE SISTEMAS,MASCULINO,NO,2,19
LIMA,INGENIERÍA DE TELECOMUNICACIONES,MASCULINO,NO,1,17
PUNO,INGENIERÍA ELECTRÓNICA,MASCULINO,SI,9,25
LIMA,INGENIERÍA DE SISTEMAS,MASCULINO,NO,3,19
LIMA,CIENCIA DE LA COMPUTACIÓN,MASCULINO,NO,2,19
CALLAO,INGENIERÍA FÍSICA,MASCULINO,SI,8,24
CALLAO,INGENIERÍA CIVIL,FEMENINO,NO,2,18
LIMA,INGENIERÍA MECÁNICA-ELÉCTRICA,MASCULINO,NO,2,18
LIMA,INGENIERÍA DE SISTEMAS,MASCULINO,NO,2,18
LIMA,INGENIERÍA DE SISTEMAS,MASCULINO,NO,1,17
LIMA,INGENIERÍA DE SISTEMAS,MASCULINO,NO,1,17
LIMA,ARQUITECTURA,FEMENINO,NO,1,16
JUNÍN,INGENIERÍA GEOLÓGICA,FEMENINO,NO,4,20
LIMA,INGENIERÍA DE SISTEMAS,MASCULINO,NO,1,18
LIMA,INGENIERÍA ELECTRÓNICA,MASCULINO,NO,2,18
CAJAMARCA,INGENIERÍA AMBIENTAL,MASCULINO,NO,5,22
HUÁNUCO,INGENIERÍA DE SISTEMAS,MASCULINO,NO,1,17
LIMA,INGENIERÍA MECÁNICA,MASCULINO,NO,5,27
LIMA,ARQUITECTURA,FEMENINO,NO,3,20
LIMA,INGENIERÍA QUÍMICA,MASCULINO,NO,4,19
APURÍMAC,INGENIERÍA DE SISTEMAS,FEMENINO,NO,1,17
LIMA,INGENIERÍA MECATRÓNICA,MASCULINO,NO,4,20
LIMA,INGENIERÍA INDUSTRIAL,MASCULINO,NO,4,19
ÁNCASH,INGENIERÍA DE MINAS,MASCULINO,NO,1,18
JUNÍN,INGENIERÍA DE TELECOMUNICACIONES,MASCULINO,NO,2,18
LIMA,INGENIERÍA DE SISTEMAS,MASCULINO,NO,1,17
LIMA,INGENIERÍA DE SISTEMAS,MASCULINO,NO,1,17
LA LIBERTAD,INGENIERÍA ELECTRÓNICA,MASCULINO,NO,1,17
PUNO,INGENIERÍA INDUSTRIAL,MASCULINO,NO,3,19
LIMA,INGENIERÍA DE SISTEMAS,MASCULINO,NO,1,17
LIMA,ARQUITECTURA,FEMENINO,NO,3,19
SAN MARTÍN,ARQUITECTURA,MASCULINO,NO,1,17
AYACUCHO,INGENIERÍA CIVIL,MASCULINO,NO,5,21
LIMA,INGENIERÍA QUÍMICA,FEMENINO,NO,4,20
LIMA,ARQUITECTURA,FEMENINO,NO,1,17
LIMA,INGENIERÍA ESTADÍSTICA,MASCULINO,NO,4,20
ÁNCASH,INGENIERÍA DE SISTEMAS,MASCULINO,NO,2,18
LIMA,INGENIERÍA DE MINAS,FEMENINO,NO,1,18
LIMA,INGENIERÍA MECÁNICA,MASCULINO,SI,1,18
LIMA,INGENIERÍA GEOLÓGICA,MASCULINO,SI,1,18
ANCASH,INGENIERÍA CIVIL,MASCULINO,NO,1,18
LIMA,INGENIERÍA ELECTRÓNICA,MASCULINO,SI,2,18
HUANUCO,INGENIERÍA MECATRÓNICA,MASCULINO,SI,1,18
ANCASH,INGENIERÍA DE MINAS,MASCULINO,NO,2,19
AREQUIPA,INGENIERÍA MECATRÓNICA,FEMENINO,NO,1,18
LIMA,INGENIERÍA CIVIL,MASCULINO,NO,9,25
LIMA,INGENIERÍA DE SOFTWARE,MASCULINO,NO,2,18
LIMA,INGENIERÍA DE SOFTWARE,MASCULINO,NO,2,20
LIMA,INGENIERÍA QUÍMICA,MASCULINO,NO,2,19
LIMA,INGENIERÍA QUÍMICA,FEMENINO,NO,4,20
HUANUCO,INGENIERÍA DE SISTEMAS,MASCULINO,NO,1,17
LIMA,INGENIERÍA MECATRÓNICA,MASCULINO,NO,1,18
LIMA,INGENIERÍA DE SISTEMAS,MASCULINO,SI,2,18
LIMA,INGENIERÍA DE MINAS,MASCULINO,SI,1,17
CALLAO,INGENIERÍA MECATRÓNICA,MASCULINO,NO,0,16
LIMA,ARQUITECTURA,MASCULINO,NO,2,18
LIMA,INGENIERÍA DE SISTEMAS,FEMENINO,NO,2,19
LIMA,INGENIERÍA DE SISTEMAS,MASCULINO,SI,3,19
LIMA,INGENIERÍA DE SISTEMAS,MASCULINO,NO,1,17
LIMA,INGENIERÍA DE SISTEMAS,MASCULINO,NO,2,19
LIMA,INGENIERÍA MECÁNICA,MASCULINO,NO,1,18
LIMA,INGENIERÍA QUÍMICA,MASCULINO,SI,2,19
LIMA,INGENIERÍA DE MINAS,MASCULINO,NO,2,19
LIMA,INGENIERÍA MECATRÓNICA,MASCULINO,NO,2,18
LIMA,INGENIERÍA INDUSTRIAL,MASCULINO,NO,2,18
LIMA,ARQUITECTURA,FEMENINO,NO,2,19
LIMA,INGENIERÍA DE MINAS,MASCULINO,NO,2,19
ICA,INGENIERÍA QUÍMICA,MASCULINO,NO,4,21
CALLAO,FÍSICA,FEMENINO,NO,2,18
LIMA,INGENIERÍA CIVIL,MASCULINO,NO,1,17
CALLAO,INGENIERÍA INDUSTRIAL,MASCULINO,NO,4,21
LIMA,INGENIERÍA AMBIENTAL,FEMENINO,NO,2,17
LIMA,INGENIERÍA MECÁNICA,MASCULINO,NO,1,17
LIMA,INGENIERÍA GEOLÓGICA,FEMENINO,NO,1,17
LIMA,INGENIERÍA DE SISTEMAS,MASCULINO,NO,2,18
CAJAMARCA,INGENIERÍA CIVIL,MASCULINO,NO,1,18
LIMA,INGENIERÍA INDUSTRIAL,MASCULINO,SI,4,20
LIMA,FÍSICA,MASCULINO,NO,3,19
LIMA,INGENIERÍA DE SISTEMAS,MASCULINO,NO,1,17
LIMA,INGENIERÍA ELÉCTRICA,MASCULINO,NO,2,18
LIMA,ARQUITECTURA,FEMENINO,NO,3,19
LIMA,INGENIERÍA ECONÓMICA,MASCULINO,NO,4,20
LIMA,INGENIERÍA CIVIL,MASCULINO,NO,2,18
LIMA,INGENIERÍA MECATRÓNICA,MASCULINO,SI,1,17
LIMA,INGENIERÍA MECATRÓNICA,MASCULINO,NO,1,18
LIMA,INGENIERÍA MECATRÓNICA,MASCULINO,NO,4,20
ANCASH,INGENIERÍA MECÁNICA,MASCULINO,NO,1,18
LIMA,INGENIERÍA DE CIBERSEGURIDAD,MASCULINO,NO,5,22
LIMA,INGENIERÍA AMBIENTAL,MASCULINO,NO,4,20
LIMA,INGENIERÍA CIVIL,MASCULINO,NO,3,19
LIMA,CIENCIA DE LA COMPUTACIÓN,FEMENINO,NO,2,19
LIMA,INGENIERÍA DE SISTEMAS,MASCULINO,NO,7,24
LIMA,INGENIERÍA INDUSTRIAL,MASCULINO,NO,1,17
JUNIN,INGENIERÍA DE SOFTWARE,MASCULINO,NO,1,18
LIMA,INGENIERÍA MECÁNICA,MASCULINO,NO,2,19
LIMA,INGENIERÍA GEOLÓGICA,MASCULINO,NO,4,20
LIMA,MATEMÁTICA,MASCULINO,NO,3,19
LIMA,INGENIERÍA NAVAL,MASCULINO,NO,4,19
LIMA,INGENIERÍA GEOLÓGICA,MASCULINO,NO,2,18
LIMA,ARQUITECTURA,FEMENINO,NO,3,19
HUANUCO,INGENIERÍA QUÍMICA,MASCULINO,NO,1,18
SAN MARTIN,INGENIERÍA MECATRÓNICA,MASCULINO,NO,3,20
LIMA,INGENIERÍA DE SISTEMAS,MASCULINO,NO,1,17
LIMA,INGENIERÍA DE SOFTWARE,MASCULINO,NO,1,17
CALLAO,INGENIERÍA NAVAL,MASCULINO,NO,1,17
LIMA,INGENIERÍA DE SISTEMAS,MASCULINO,NO,3,20
LA LIBERTAD,ARQUITECTURA,FEMENINO,NO,3,19
LIMA,INGENIERÍA CIVIL,MASCULINO,SI,5,22
LIMA,INGENIERÍA DE SISTEMAS,MASCULINO,NO,2,18
LIMA,INGENIERÍA DE CIBERSEGURIDAD,MASCULINO,NO,5,21
LIMA,ARQUITECTURA,FEMENINO,NO,2,18
LIMA,CIENCIA DE LA COMPUTACIÓN,MASCULINO,SI,1,17
LIMA,INGENIERÍA DE TELECOMUNICACIONES,FEMENINO,NO,2,19
HUANCAVELICA,INGENIERÍA DE MINAS,MASCULINO,NO,1,17
LIMA,INGENIERÍA DE SISTEMAS,MASCULINO,NO,1,17
APURIMAC,INGENIERÍA MECÁNICA,MASCULINO,NO,6,22
LIMA,INGENIERÍA CIVIL,MASCULINO,NO,2,18
LIMA,INGENIERÍA INDUSTRIAL,MASCULINO,NO,2,19
LIMA,INGENIERÍA QUÍMICA,MASCULINO,NO,2,19
LIMA,INGENIERÍA DE MINAS,MASCULINO,NO,2,18
LIMA,INGENIERÍA INDUSTRIAL,FEMENINO,NO,2,18
LIMA,INGENIERÍA MECATRÓNICA,MASCULINO,NO,0,18
LIMA,ARQUITECTURA,MASCULINO,NO,3,19
LIMA,INGENIERÍA MECÁNICA,MASCULINO,NO,2,19
LIMA,INGENIERÍA DE CIBERSEGURIDAD,MASCULINO,NO,6,22
LIMA,INGENIERÍA DE SISTEMAS,MASCULINO,NO,2,18
LIMA,INGENIERÍA QUÍMICA,FEMENINO,NO,2,18
LIMA,INGENIERÍA ELÉCTRICA,MASCULINO,NO,5,21
JUNIN,INGENIERÍA DE SISTEMAS,MASCULINO,NO,1,18
LIMA,INGENIERÍA ELÉCTRICA,MASCULINO,NO,2,18
LIMA,INGENIERÍA QUÍMICA,MASCULINO,NO,2,19
LIMA,INGENIERÍA PETROQUÍMICA,MASCULINO,NO,4,21
HUANUCO,INGENIERÍA CIVIL,MASCULINO,NO,4,20
LIMA,INGENIERÍA DE SOFTWARE,MASCULINO,NO,1,18
LIMA,INGENIERÍA ELECTRÓNICA,MASCULINO,NO,3,19
LIMA,CIENCIA DE LA COMPUTACIÓN,MASCULINO,NO,2,18
LIMA,INGENIERÍA CIVIL,FEMENINO,NO,2,18
SAN MARTIN,INGENIERÍA CIVIL,MASCULINO,NO,2,18
LIMA,INGENIERÍA MECÁNICA,MASCULINO,SI,1,18
LIMA,INGENIERÍA INDUSTRIAL,MASCULINO,NO,4,21
JUNIN,INGENIERÍA ELÉCTRICA,MASCULINO,NO,0,17
SAN MARTIN,INGENIERÍA MECÁNICA,MASCULINO,NO,4,20
CALLAO,INGENIERÍA ELÉCTRICA,MASCULINO,SI,2,19
LIMA,INGENIERÍA MECATRÓNICA,MASCULINO,NO,2,19
LIMA,INGENIERÍA INDUSTRIAL,FEMENINO,SI,2,18
LIMA,INGENIERÍA MECÁNICA,MASCULINO,NO,2,18
LIMA,INGENIERÍA DE SOFTWARE,FEMENINO,NO,2,19
LIMA,INGENIERÍA DE SISTEMAS,MASCULINO,NO,2,18
LIMA,INGENIERÍA DE PETRÓLEO Y GAS NATURAL,MASCULINO,NO,2,19
LIMA,INGENIERÍA CIVIL,MASCULINO,NO,3,20
LIMA,INGENIERÍA INDUSTRIAL,MASCULINO,NO,2,18
LIMA,INGENIERÍA ELÉCTRICA,MASCULINO,SI,3,19
LIMA,INGENIERÍA ELECTRÓNICA,MASCULINO,SI,3,19
LIMA,INGENIERÍA QUÍMICA,MASCULINO,NO,1,17
LIMA,INGENIERÍA ELECTRÓNICA,MASCULINO,NO,4,20
LIMA,ARQUITECTURA,FEMENINO,NO,5,20
LIMA,INGENIERÍA DE SISTEMAS,MASCULINO,NO,1,17
LIMA,INGENIERÍA CIVIL,MASCULINO,NO,4,21
LIMA,INGENIERÍA DE MINAS,MASCULINO,NO,1,17
LIMA,INGENIERÍA DE SISTEMAS,FEMENINO,NO,2,19
LIMA,ARQUITECTURA,FEMENINO,NO,2,19
HUANCAVELICA,INGENIERÍA CIVIL,MASCULINO,NO,4,20
LIMA,ARQUITECTURA,MASCULINO,NO,3,19
LIMA,INGENIERÍA DE SISTEMAS,MASCULINO,NO,2,19
LIMA,INGENIERÍA CIVIL,MASCULINO,NO,3,19
LIMA,INGENIERÍA MECÁNICA,MASCULINO,NO,2,19
CALLAO,INGENIERÍA ELECTRÓNICA,MASCULINO,NO,5,22
LIMA,INGENIERÍA CIVIL,MASCULINO,NO,3,19
AYACUCHO,INGENIERÍA DE SISTEMAS,MASCULINO,NO,1,18
LIMA,ARQUITECTURA,MASCULINO,NO,1,17
CALLAO,INGENIERÍA MECATRÓNICA,FEMENINO,NO,1,17
AYACUCHO,INGENIERÍA CIVIL,MASCULINO,NO,1,18
LIMA,ARQUITECTURA,FEMENINO,NO,7,23
LIMA,INGENIERÍA DE SISTEMAS,FEMENINO,NO,1,18
LIMA,INGENIERÍA MECATRÓNICA,FEMENINO,NO,3,19
LIMA,INGENIERÍA INDUSTRIAL,MASCULINO,NO,1,18
LIMA,INGENIERÍA INDUSTRIAL,MASCULINO,NO,2,19
JUNÍN,INGENIERÍA CIVIL,MASCULINO,NO,4,21
LIMA,INGENIERÍA DE SISTEMAS,FEMENINO,NO,1,17
LIMA,INGENIERÍA DE SISTEMAS,MASCULINO,NO,1,18
LIMA,INGENIERÍA CIVIL,MASCULINO,NO,2,19
LIMA,INGENIERÍA ELÉCTRICA,MASCULINO,NO,3,20
LIMA,INGENIERÍA ECONÓMICA,FEMENINO,NO,3,18
LIMA,ARQUITECTURA,FEMENINO,NO,1,17
LIMA,INGENIERÍA AMBIENTAL,FEMENINO,NO,2,18
JUNÍN,INGENIERÍA MECÁNICA,MASCULINO,NO,1,18
LA LIBERTAD,INGENIERÍA DE SISTEMAS,MASCULINO,NO,4,21
LIMA,INGENIERÍA QUÍMICA,MASCULINO,NO,9,25
LIMA,INGENIERÍA DE SISTEMAS,MASCULINO,NO,2,18
LIMA,INGENIERÍA METALÚRGICA,FEMENINO,NO,1,16
LIMA,ARQUITECTURA,MASCULINO,NO,3,18
LIMA,INGENIERÍA MECÁNICA,MASCULINO,NO,2,19
LIMA,INGENIERÍA MECÁNICA,MASCULINO,SI,5,21
LIMA,INGENIERÍA DE MINAS,FEMENINO,NO,2,19
LIMA,INGENIERÍA CIVIL,MASCULINO,NO,4,20
LIMA,INGENIERÍA DE SISTEMAS,MASCULINO,NO,4,20
LIMA,INGENIERÍA MECATRÓNICA,MASCULINO,SI,1,18
LIMA,INGENIERÍA NAVAL,MASCULINO,SI,7,23
LIMA,INGENIERÍA DE SISTEMAS,MASCULINO,NO,2,18
LIMA,INGENIERÍA INDUSTRIAL,MASCULINO,NO,1,17
LIMA,CIENCIA DE LA COMPUTACIÓN,MASCULINO,SI,2,18
LIMA,INGENIERÍA INDUSTRIAL,MASCULINO,NO,2,19
LIMA,INGENIERÍA MECATRÓNICA,MASCULINO,NO,1,18
PUNO,INGENIERÍA DE SISTEMAS,MASCULINO,SI,2,18
LIMA,INGENIERÍA CIVIL,MASCULINO,NO,4,20
LIMA,INGENIERÍA TEXTIL,FEMENINO,NO,10,27
LIMA,ARQUITECTURA,FEMENINO,NO,5,21
HUANCAVELICA,INGENIERÍA MECATRÓNICA,MASCULINO,NO,6,23
LIMA,CIENCIA DE LA COMPUTACIÓN,MASCULINO,NO,2,19
JUNIN,INGENIERÍA AMBIENTAL,MASCULINO,NO,3,19
CALLAO,INGENIERÍA INDUSTRIAL,FEMENINO,SI,2,19
LIMA,INGENIERÍA DE SOFTWARE,MASCULINO,NO,2,18
ANCASH,INGENIERÍA MECATRÓNICA,MASCULINO,NO,1,17
ANCASH,INGENIERÍA ECONÓMICA,MASCULINO,NO,2,19
LIMA,INGENIERÍA CIVIL,MASCULINO,NO,1,18
LIMA,CIENCIA DE LA COMPUTACIÓN,MASCULINO,NO,1,18
LIMA,INGENIERÍA CIVIL,FEMENINO,NO,1,17
LIMA,INGENIERÍA MECÁNICA,MASCULINO,NO,1,17
LIMA,INGENIERÍA INDUSTRIAL,FEMENINO,NO,2,19
LIMA,INGENIERÍA DE SISTEMAS,MASCULINO,NO,2,19
LIMA,INGENIERÍA DE SISTEMAS,MASCULINO,SI,2,18
LIMA,INGENIERÍA CIVIL,MASCULINO,NO,5,22
AYACUCHO,ARQUITECTURA,FEMENINO,NO,4,20
LIMA,QUÍMICA,MASCULINO,NO,3,20
LIMA,INGENIERÍA DE SOFTWARE,FEMENINO,NO,1,18
LIMA,CIENCIA DE LA COMPUTACIÓN,MASCULINO,NO,3,20
LIMA,INGENIERÍA DE SISTEMAS,MASCULINO,NO,2,18
LIMA,INGENIERÍA QUÍMICA,FEMENINO,NO,3,19
AMAZONAS,ARQUITECTURA,FEMENINO,NO,1,18
LIMA,INGENIERÍA DE MINAS,MASCULINO,SI,1,18
LIMA,INGENIERÍA DE TELECOMUNICACIONES,MASCULINO,NO,1,17
LIMA,INGENIERÍA CIVIL,MASCULINO,NO,2,18
LIMA,INGENIERÍA CIVIL,MASCULINO,NO,3,20
LIMA,INGENIERÍA MECÁNICA,MASCULINO,SI,2,18
LIMA,ARQUITECTURA,FEMENINO,NO,5,21
LIMA,INGENIERÍA DE SISTEMAS,MASCULINO,NO,1,17
LIMA,INGENIERÍA DE SISTEMAS,MASCULINO,NO,1,17
UCAYALI,ARQUITECTURA,FEMENINO,NO,3,19
LIMA,INGENIERÍA DE SISTEMAS,FEMENINO,NO,1,17
LIMA,INGENIERÍA CIVIL,MASCULINO,NO,4,20
LAMBAYEQUE,INGENIERÍA DE SISTEMAS,MASCULINO,SI,1,17
AYACUCHO,INGENIERÍA MECATRÓNICA,MASCULINO,NO,3,19
LIMA,INGENIERÍA NAVAL,MASCULINO,NO,2,18
LIMA,INGENIERÍA INDUSTRIAL,FEMENINO,NO,1,18
PUNO,INGENIERÍA SANITARIA,MASCULINO,NO,6,22
LIMA,INGENIERÍA INDUSTRIAL,FEMENINO,NO,1,17
LIMA,INGENIERÍA DE MINAS,MASCULINO,NO,5,21
PIURA,INGENIERÍA MECÁNICA-ELÉCTRICA,MASCULINO,NO,5,21
LIMA,INGENIERÍA AMBIENTAL,MASCULINO,NO,2,19
LIMA,QUÍMICA,MASCULINO,NO,3,20
LIMA,INGENIERÍA GEOLÓGICA,FEMENINO,NO,2,19
JUNÍN,INGENIERÍA MECÁNICA-ELÉCTRICA,MASCULINO,NO,1,18
LIMA,INGENIERÍA MECATRÓNICA,MASCULINO,NO,5,21
LIMA,INGENIERÍA MECATRÓNICA,MASCULINO,SI,1,17
LIMA,INGENIERÍA DE CIBERSEGURIDAD,MASCULINO,SI,5,20
LIMA,INGENIERÍA MECATRÓNICA,MASCULINO,NO,4,21
LIMA,INGENIERÍA CIVIL,MASCULINO,SI,3,20
LIMA,INGENIERÍA CIVIL,FEMENINO,NO,1,18
LIMA,CIENCIA DE LA COMPUTACIÓN,FEMENINO,NO,0,17
LIMA,INGENIERÍA DE HIGIENE Y SEGURIDAD INDUSTRIAL,MASCULINO,NO,2,19
LIMA,ARQUITECTURA,FEMENINO,NO,2,19
CALLAO,INGENIERÍA GEOLÓGICA,FEMENINO,NO,8,25
LIMA,INGENIERÍA DE SISTEMAS,MASCULINO,NO,1,18
LIMA,INGENIERÍA MECATRÓNICA,MASCULINO,NO,3,20
LIMA,INGENIERÍA CIVIL,MASCULINO,NO,3,20
LIMA,INGENIERÍA MECATRÓNICA,MASCULINO,NO,1,18
LIMA,INGENIERÍA MECATRÓNICA,MASCULINO,NO,3,19
LIMA,INGENIERÍA INDUSTRIAL,MASCULINO,NO,4,20
LIMA,INGENIERÍA INDUSTRIAL,MASCULINO,NO,2,18
LIMA,INGENIERÍA CIVIL,MASCULINO,NO,1,17
CALLAO,INGENIERÍA DE SISTEMAS,MASCULINO,NO,2,18
LIMA,INGENIERÍA DE SISTEMAS,MASCULINO,NO,3,19
LIMA,INGENIERÍA QUÍMICA,MASCULINO,SI,1,17
LIMA,ARQUITECTURA,FEMENINO,NO,2,18
LIMA,INGENIERÍA ECONÓMICA,FEMENINO,NO,1,17
LIMA,INGENIERÍA INDUSTRIAL,FEMENINO,NO,3,20
LIMA,INGENIERÍA QUÍMICA,MASCULINO,NO,1,18
LIMA,INGENIERÍA DE SISTEMAS,MASCULINO,NO,4,21
LIMA,INGENIERÍA MECÁNICA,MASCULINO,NO,2,19
LIMA,INGENIERÍA DE SISTEMAS,MASCULINO,NO,13,28
LIMA,INGENIERÍA ECONÓMICA,FEMENINO,NO,1,17
LIMA,INGENIERÍA DE SISTEMAS,MASCULINO,NO,1,17
LIMA,INGENIERÍA INDUSTRIAL,FEMENINO,NO,1,18
APURIMAC,INGENIERÍA MECÁNICA,MASCULINO,NO,2,18
LAMBAYEQUE,INGENIERÍA SANITARIA,MASCULINO,NO,1,18
SAN MARTIN,INGENIERÍA DE SISTEMAS,MASCULINO,NO,1,18
LIMA,INGENIERÍA MECÁNICA,MASCULINO,NO,2,19
ICA,INGENIERÍA MECATRÓNICA,MASCULINO,NO,3,19
PUNO,INGENIERÍA CIVIL,MASCULINO,NO,1,18
LIMA,INGENIERÍA MECATRÓNICA,FEMENINO,SI,2,18
LIMA,INGENIERÍA CIVIL,FEMENINO,NO,2,19
LIMA,INGENIERÍA DE SISTEMAS,MASCULINO,NO,3,20
LIMA,INGENIERÍA MECÁNICA,MASCULINO,SI,3,19
LIMA,INGENIERÍA ECONÓMICA,MASCULINO,SI,6,23
LIMA,INGENIERÍA CIVIL,MASCULINO,NO,2,18
LIMA,INGENIERÍA DE PETRÓLEO Y GAS NATURAL,MASCULINO,NO,2,18
LIMA,INGENIERÍA DE SISTEMAS,MASCULINO,NO,1,18
LIMA,INGENIERÍA INDUSTRIAL,FEMENINO,NO,2,18
CALLAO,INGENIERÍA DE MINAS,MASCULINO,NO,1,19
LIMA,ARQUITECTURA,FEMENINO,NO,2,19
CALLAO,INGENIERÍA DE SISTEMAS,MASCULINO,NO,1,17
JUNÍN,INGENIERÍA MECATRÓNICA,MASCULINO,NO,1,17
AYACUCHO,ARQUITECTURA,FEMENINO,NO,2,18
JUNÍN,ARQUITECTURA,MASCULINO,NO,1,18
AYACUCHO,INGENIERÍA DE SISTEMAS,MASCULINO,NO,2,18
LIMA,INGENIERÍA INDUSTRIAL,MASCULINO,NO,2,18
LIMA,INGENIERÍA CIVIL,MASCULINO,NO,4,20
LIMA,INGENIERÍA AMBIENTAL,MASCULINO,NO,2,19
LIMA,INGENIERÍA AMBIENTAL,FEMENINO,NO,2,18
PIURA,INGENIERÍA MECÁNICA-ELÉCTRICA,FEMENINO,NO,1,18
JUNÍN,INGENIERÍA DE MINAS,MASCULINO,NO,1,18
LIMA,INGENIERÍA AMBIENTAL,FEMENINO,NO,1,18
LIMA,INGENIERÍA DE SISTEMAS,MASCULINO,NO,2,19
CALLAO,INGENIERÍA DE SISTEMAS,MASCULINO,NO,1,18
LIMA,INGENIERÍA MECÁNICA,MASCULINO,NO,4,21
LIMA,INGENIERÍA GEOLÓGICA,MASCULINO,NO,2,19
LIMA,INGENIERÍA GEOLÓGICA,FEMENINO,SI,5,21
LIMA,ARQUITECTURA,FEMENINO,NO,3,20
HUANUCO,INGENIERÍA CIVIL,MASCULINO,NO,2,19
ANCASH,INGENIERÍA DE SISTEMAS,MASCULINO,NO,1,18
LIMA,INGENIERÍA DE SISTEMAS,MASCULINO,NO,2,19
LIMA,INGENIERÍA MECATRÓNICA,FEMENINO,NO,4,21
LIMA,INGENIERÍA ESTADÍSTICA,MASCULINO,NO,3,19
LIMA,INGENIERÍA QUÍMICA,FEMENINO,NO,1,17
LIMA,INGENIERÍA INDUSTRIAL,FEMENINO,NO,3,20
LIMA,INGENIERÍA CIVIL,MASCULINO,NO,3,20
LIMA,ARQUITECTURA,MASCULINO,NO,3,19
LIMA,INGENIERÍA CIVIL,FEMENINO,NO,2,18
LIMA,INGENIERÍA INDUSTRIAL,MASCULINO,NO,1,17
MADRE DE DIOS,INGENIERÍA CIVIL,MASCULINO,NO,1,17
LIMA,ARQUITECTURA,FEMENINO,NO,1,17
APURÍMAC,INGENIERÍA CIVIL,MASCULINO,NO,1,17
LIMA,INGENIERÍA DE SISTEMAS,MASCULINO,NO,2,19
APURÍMAC,INGENIERÍA DE SISTEMAS,MASCULINO,NO,3,19
LIMA,QUÍMICA,MASCULINO,NO,1,17
LIMA,INGENIERÍA DE SISTEMAS,MASCULINO,NO,1,17
LIMA,INGENIERÍA ECONÓMICA,FEMENINO,NO,2,18
LIMA,INGENIERÍA MECATRÓNICA,FEMENINO,NO,1,17
LIMA,CIENCIA DE LA COMPUTACIÓN,MASCULINO,NO,2,18
LIMA,INGENIERÍA CIVIL,MASCULINO,SI,2,18
LIMA,INGENIERÍA CIVIL,MASCULINO,NO,1,18
PUNO,INGENIERÍA INDUSTRIAL,FEMENINO,NO,10,26
LIMA,INGENIERÍA QUÍMICA,FEMENINO,NO,3,19
LIMA,INGENIERÍA CIVIL,MASCULINO,NO,5,22
LIMA,INGENIERÍA CIVIL,MASCULINO,NO,1,18
LIMA,INGENIERÍA DE SISTEMAS,MASCULINO,NO,1,17
LIMA,INGENIERÍA CIVIL,MASCULINO,NO,1,18
AYACUCHO,INGENIERÍA CIVIL,MASCULINO,NO,4,20
LIMA,INGENIERÍA DE SISTEMAS,FEMENINO,NO,3,19
LIMA,INGENIERÍA CIVIL,FEMENINO,NO,2,19
LIMA,INGENIERÍA MECÁNICA-ELÉCTRICA,MASCULINO,NO,2,19
LIMA,ARQUITECTURA,FEMENINO,NO,1,17
LIMA,INGENIERÍA MECATRÓNICA,MASCULINO,NO,4,20
LIMA,INGENIERÍA ELÉCTRICA,MASCULINO,SI,6,22
LIMA,INGENIERÍA MECÁNICA,MASCULINO,NO,2,18
JUNÍN,INGENIERÍA MECATRÓNICA,MASCULINO,NO,5,21
CAJAMARCA,INGENIERÍA MECÁNICA,MASCULINO,NO,3,19
PUNO,INGENIERÍA CIVIL,MASCULINO,NO,3,18
LIMA,INGENIERÍA GEOLÓGICA,MASCULINO,NO,3,19
CALLAO,INGENIERÍA DE SISTEMAS,MASCULINO,NO,1,17
LIMA,INGENIERÍA INDUSTRIAL,FEMENINO,NO,4,20
ICA,INGENIERÍA CIVIL,FEMENINO,NO,1,17
LIMA,ARQUITECTURA,FEMENINO,NO,4,20
LIMA,INGENIERÍA INDUSTRIAL,FEMENINO,NO,2,18
ICA,INGENIERÍA AMBIENTAL,FEMENINO,NO,3,19
LIMA,ARQUITECTURA,FEMENINO,NO,3,19
LIMA,ARQUITECTURA,MASCULINO,NO,1,18
LIMA,INGENIERÍA INDUSTRIAL,FEMENINO,NO,1,17
LIMA,INGENIERÍA DE SISTEMAS,MASCULINO,NO,1,18
LIMA,INGENIERÍA DE MINAS,FEMENINO,NO,1,17
LIMA,INGENIERÍA DE SISTEMAS,MASCULINO,NO,2,18
LIMA,INGENIERÍA INDUSTRIAL,MASCULINO,SI,2,19
ÁNCASH,INGENIERÍA CIVIL,MASCULINO,NO,3,20
JUNÍN,INGENIERÍA MECATRÓNICA,MASCULINO,NO,1,17
LIMA,INGENIERÍA QUÍMICA,FEMENINO,NO,2,19
CALLAO,INGENIERÍA INDUSTRIAL,MASCULINO,NO,6,23
LIMA,INGENIERÍA INDUSTRIAL,MASCULINO,NO,2,19
JUNIN,INGENIERÍA ELÉCTRICA,MASCULINO,NO,3,20
LIMA,INGENIERÍA DE SOFTWARE,FEMENINO,NO,2,18
LIMA,INGENIERÍA CIVIL,MASCULINO,NO,2,19
LIMA,INGENIERÍA DE SISTEMAS,MASCULINO,NO,3,19
LIMA,INGENIERÍA PETROQUÍMICA,FEMENINO,SI,4,19
LIMA,INGENIERÍA ELECTRÓNICA,FEMENINO,NO,5,22
LIMA,INGENIERÍA CIVIL,MASCULINO,NO,2,19
LIMA,INGENIERÍA ELÉCTRICA,MASCULINO,NO,2,18
LIMA,INGENIERÍA INDUSTRIAL,FEMENINO,SI,2,18
LIMA,QUÍMICA,MASCULINO,SI,6,23
LIMA,INGENIERÍA INDUSTRIAL,MASCULINO,NO,2,18
LIMA,INGENIERÍA MECÁNICA,MASCULINO,NO,7,23
LIMA,INGENIERÍA MECATRÓNICA,MASCULINO,NO,4,21
LIMA,INGENIERÍA DE MINAS,MASCULINO,NO,3,19
ICA,INGENIERÍA DE TELECOMUNICACIONES,MASCULINO,NO,3,19
LIMA,INGENIERÍA DE SISTEMAS,MASCULINO,NO,2,19
LIMA,INGENIERÍA CIVIL,FEMENINO,SI,6,22
LIMA,INGENIERÍA CIVIL,FEMENINO,SI,4,20
LIMA,INGENIERÍA CIVIL,MASCULINO,NO,1,18
CALLAO,ARQUITECTURA,MASCULINO,NO,2,19
LIMA,INGENIERÍA QUÍMICA,MASCULINO,SI,1,18
LA LIBERTAD,INGENIERÍA FÍSICA,MASCULINO,SI,3,19
LIMA,INGENIERÍA ELECTRÓNICA,MASCULINO,NO,4,20
ÁNCASH,INGENIERÍA SANITARIA,MASCULINO,NO,3,20
ICA,INGENIERÍA DE SISTEMAS,MASCULINO,NO,1,18
LIMA,INGENIERÍA ECONÓMICA,MASCULINO,NO,2,18
LIMA,INGENIERÍA CIVIL,MASCULINO,NO,4,22
LIMA,INGENIERÍA CIVIL,MASCULINO,NO,3,19
LIMA,INGENIERÍA DE SISTEMAS,MASCULINO,NO,2,19
LIMA,INGENIERÍA AMBIENTAL,MASCULINO,NO,4,20
LIMA,INGENIERÍA CIVIL,MASCULINO,SI,2,18
LIMA,ARQUITECTURA,MASCULINO,NO,2,19
LIMA,ARQUITECTURA,FEMENINO,NO,3,20
LIMA,ARQUITECTURA,FEMENINO,NO,1,17
LIMA,INGENIERÍA CIVIL,FEMENINO,NO,3,19
ICA,INGENIERÍA CIVIL,FEMENINO,NO,1,17
LIMA,ARQUITECTURA,FEMENINO,NO,3,19
LIMA,INGENIERÍA QUÍMICA,MASCULINO,SI,3,19
LIMA,INGENIERÍA ECONÓMICA,MASCULINO,NO,2,18
LIMA,INGENIERÍA ELECTRÓNICA,MASCULINO,NO,3,19
LIMA,INGENIERÍA DE SISTEMAS,MASCULINO,NO,2,19
LIMA,INGENIERÍA ELECTRÓNICA,MASCULINO,NO,2,19
LIMA,INGENIERÍA AMBIENTAL,FEMENINO,NO,4,20
LIMA,INGENIERÍA METALÚRGICA,MASCULINO,NO,6,22
LIMA,ARQUITECTURA,FEMENINO,SI,5,21
LIMA,INGENIERÍA CIVIL,MASCULINO,NO,1,18
LIMA,INGENIERÍA CIVIL,MASCULINO,NO,1,18
LIMA,INGENIERÍA ECONÓMICA,MASCULINO,SI,2,19
CALLAO,INGENIERÍA MECÁNICA,MASCULINO,NO,3,19
ANCASH,INGENIERÍA ECONÓMICA,MASCULINO,NO,1,18
LIMA,INGENIERÍA DE SISTEMAS,MASCULINO,NO,5,22
LIMA,INGENIERÍA MECÁNICA,MASCULINO,NO,1,18
LIMA,INGENIERÍA INDUSTRIAL,MASCULINO,NO,3,19
LIMA,INGENIERÍA ECONÓMICA,MASCULINO,SI,1,17
CALLAO,INGENIERÍA ELÉCTRICA,MASCULINO,NO,15,31
HUANCAVELICA,INGENIERÍA MECÁNICA,MASCULINO,SI,11,27
LIMA,ARQUITECTURA,MASCULINO,NO,3,20
LIMA,INGENIERÍA DE SISTEMAS,MASCULINO,NO,2,18
LIMA,INGENIERÍA MECATRÓNICA,MASCULINO,NO,2,19
LIMA,INGENIERÍA MECATRÓNICA,MASCULINO,SI,1,18
CALLAO,INGENIERÍA MECATRÓNICA,MASCULINO,NO,2,19
CAJAMARCA,INGENIERÍA QUÍMICA,FEMENINO,NO,4,20
LIMA,INGENIERÍA DE TELECOMUNICACIONES,MASCULINO,SI,2,18
LIMA,INGENIERÍA ELECTRÓNICA,MASCULINO,NO,3,19
LIMA,INGENIERÍA DE SISTEMAS,MASCULINO,NO,1,18
LIMA,INGENIERÍA DE SISTEMAS,MASCULINO,NO,2,18
LIMA,INGENIERÍA MECATRÓNICA,MASCULINO,NO,2,18
LIMA,INGENIERÍA DE SOFTWARE,MASCULINO,NO,2,18
LIMA,INGENIERÍA CIVIL,MASCULINO,NO,2,19
LIMA,INGENIERÍA MECÁNICA,MASCULINO,NO,5,21
LIMA,INGENIERÍA DE SISTEMAS,MASCULINO,NO,2,18
LIMA,INGENIERÍA MECATRÓNICA,MASCULINO,NO,3,20
LIMA,INGENIERÍA INDUSTRIAL,MASCULINO,NO,5,21
LIMA,INGENIERÍA CIVIL,MASCULINO,SI,1,18
LIMA,INGENIERÍA DE SISTEMAS,MASCULINO,NO,2,18
LIMA,INGENIERÍA ESTADÍSTICA,MASCULINO,NO,2,19
LIMA,INGENIERÍA SANITARIA,MASCULINO,NO,6,23
LIMA,INGENIERÍA CIVIL,FEMENINO,NO,4,20
LIMA,INGENIERÍA INDUSTRIAL,MASCULINO,NO,4,22
LIMA,INGENIERÍA MECATRÓNICA,MASCULINO,SI,1,17
LIMA,INGENIERÍA DE MINAS,MASCULINO,NO,2,19
LIMA,INGENIERÍA INDUSTRIAL,MASCULINO,NO,3,19
LIMA,INGENIERÍA MECÁNICA-ELÉCTRICA,MASCULINO,NO,3,19
LIMA,INGENIERÍA AMBIENTAL,MASCULINO,NO,1,17
LIMA,ARQUITECTURA,MASCULINO,NO,4,21
LIMA,INGENIERÍA MECATRÓNICA,MASCULINO,NO,3,20
LIMA,INGENIERÍA DE SISTEMAS,MASCULINO,NO,5,21
LIMA,ARQUITECTURA,MASCULINO,NO,2,19
LIMA,INGENIERÍA CIVIL,MASCULINO,NO,4,20
LIMA,INGENIERÍA DE SISTEMAS,MASCULINO,NO,1,17
PIURA,INGENIERÍA CIVIL,MASCULINO,NO,4,21
LIMA,FÍSICA,MASCULINO,NO,2,19
LIMA,INGENIERÍA DE MINAS,MASCULINO,NO,2,18
AREQUIPA,INGENIERÍA MECATRÓNICA,MASCULINO,SI,1,17
LIMA,INGENIERÍA ECONÓMICA,MASCULINO,SI,14,30
ÁNCASH,INGENIERÍA INDUSTRIAL,MASCULINO,NO,5,21
LIMA,INGENIERÍA DE SISTEMAS,MASCULINO,NO,1,17
HUANCAVELICA,INGENIERÍA CIVIL,MASCULINO,NO,4,21
CALLAO,INGENIERÍA DE SISTEMAS,FEMENINO,NO,2,18
LIMA,INGENIERÍA ECONÓMICA,FEMENINO,NO,1,18
SAN MARTÍN,INGENIERÍA CIVIL,MASCULINO,NO,1,17
LIMA,INGENIERÍA DE SISTEMAS,MASCULINO,NO,1,18
LIMA,INGENIERÍA MECÁNICA,MASCULINO,NO,4,19
LIMA,ARQUITECTURA,FEMENINO,SI,4,20
LIMA,INGENIERÍA ECONÓMICA,MASCULINO,SI,4,20
LIMA,INGENIERÍA ECONÓMICA,MASCULINO,NO,5,22
LIMA,INGENIERÍA DE MINAS,MASCULINO,NO,3,19
LIMA,INGENIERÍA INDUSTRIAL,MASCULINO,SI,1,18
HUÁNUCO,INGENIERÍA CIVIL,FEMENINO,NO,2,18
LIMA,INGENIERÍA ELECTRÓNICA,MASCULINO,NO,4,21
LIMA,INGENIERÍA DE TELECOMUNICACIONES,MASCULINO,NO,3,20
LIMA,ARQUITECTURA,FEMENINO,NO,3,20
LIMA,CIENCIA DE LA COMPUTACIÓN,FEMENINO,NO,1,17
LIMA,INGENIERÍA CIVIL,FEMENINO,NO,2,18
LIMA,FÍSICA,MASCULINO,NO,4,20
LIMA,ARQUITECTURA,FEMENINO,NO,3,20
AMAZONAS,INGENIERÍA CIVIL,MASCULINO,NO,2,19
LIMA,INGENIERÍA DE HIGIENE Y SEGURIDAD INDUSTRIAL,FEMENINO,SI,1,17
LIMA,INGENIERÍA INDUSTRIAL,MASCULINO,NO,2,18
APURÍMAC,INGENIERÍA INDUSTRIAL,MASCULINO,NO,1,18
LIMA,INGENIERÍA DE HIGIENE Y SEGURIDAD INDUSTRIAL,FEMENINO,SI,2,19
LIMA,INGENIERÍA DE MINAS,MASCULINO,SI,4,20
LIMA,INGENIERÍA CIVIL,MASCULINO,NO,1,18
LIMA,INGENIERÍA DE SISTEMAS,MASCULINO,NO,1,17
LIMA,INGENIERÍA INDUSTRIAL,FEMENINO,NO,3,19
LIMA,INGENIERÍA DE SISTEMAS,FEMENINO,NO,2,18
LIMA,INGENIERÍA GEOLÓGICA,MASCULINO,NO,3,19
LIMA,INGENIERÍA MECÁNICA,MASCULINO,NO,6,22
LIMA,INGENIERÍA MECATRÓNICA,MASCULINO,NO,1,17
LIMA,INGENIERÍA MECATRÓNICA,MASCULINO,SI,1,17
LIMA,INGENIERÍA MECATRÓNICA,MASCULINO,NO,1,17
AYACUCHO,INGENIERÍA CIVIL,MASCULINO,NO,1,18
LIMA,INGENIERÍA INDUSTRIAL,MASCULINO,NO,3,19
LIMA,INGENIERÍA AMBIENTAL,MASCULINO,NO,5,21
LIMA,INGENIERÍA MECATRÓNICA,MASCULINO,NO,2,18
AYACUCHO,INGENIERÍA CIVIL,MASCULINO,NO,8,24
LIMA,INGENIERÍA ELECTRÓNICA,MASCULINO,NO,1,18
LIMA,INGENIERÍA DE SISTEMAS,MASCULINO,NO,3,20
LIMA,INGENIERÍA DE SISTEMAS,MASCULINO,NO,2,18
LIMA,INGENIERÍA ELECTRÓNICA,MASCULINO,NO,4,20
LAMBAYEQUE,INGENIERÍA DE MINAS,MASCULINO,SI,1,18
LIMA,INGENIERÍA INDUSTRIAL,FEMENINO,SI,2,19
LIMA,INGENIERÍA MECATRÓNICA,FEMENINO,NO,2,18
LIMA,INGENIERÍA ESTADÍSTICA,MASCULINO,NO,2,19
LIMA,INGENIERÍA DE CIBERSEGURIDAD,MASCULINO,NO,2,18
LIMA,INGENIERÍA ECONÓMICA,MASCULINO,NO,1,17
LIMA,INGENIERÍA DE SISTEMAS,MASCULINO,NO,2,18
LIMA,INGENIERÍA DE MINAS,FEMENINO,NO,1,17
LIMA,INGENIERÍA CIVIL,FEMENINO,NO,3,19
LIMA,INGENIERÍA CIVIL,FEMENINO,NO,2,19
CALLAO,QUÍMICA,MASCULINO,NO,2,18
CAJAMARCA,INGENIERÍA MECATRÓNICA,MASCULINO,NO,2,19
AMAZONAS,INGENIERÍA DE CIBERSEGURIDAD,MASCULINO,NO,3,20
LIMA,INGENIERÍA MECATRÓNICA,MASCULINO,NO,3,20
LIMA,INGENIERÍA DE SISTEMAS,MASCULINO,NO,3,19
LIMA,INGENIERÍA CIVIL,MASCULINO,NO,1,18
LIMA,INGENIERÍA DE SISTEMAS,MASCULINO,NO,4,20
LIMA,INGENIERÍA AMBIENTAL,MASCULINO,NO,5,21
LIMA,MATEMÁTICA,MASCULINO,NO,2,19
LIMA,INGENIERÍA DE SOFTWARE,MASCULINO,NO,2,19
LIMA,INGENIERÍA CIVIL,MASCULINO,NO,2,18
LIMA,INGENIERÍA GEOLÓGICA,MASCULINO,NO,2,18
LIMA,INGENIERÍA ELECTRÓNICA,MASCULINO,NO,2,19
LIMA,ARQUITECTURA,FEMENINO,NO,2,18
ICA,INGENIERÍA DE SOFTWARE,MASCULINO,NO,1,18
LIMA,ARQUITECTURA,FEMENINO,NO,2,19
LIMA,ARQUITECTURA,MASCULINO,NO,2,18
LIMA,INGENIERÍA NAVAL,MASCULINO,NO,1,18
LORETO,INGENIERÍA TEXTIL,FEMENINO,NO,5,21
LIMA,INGENIERÍA CIVIL,MASCULINO,NO,2,18
LIMA,INGENIERÍA AMBIENTAL,MASCULINO,SI,2,19
LIMA,INGENIERÍA DE PETRÓLEO Y GAS NATURAL,FEMENINO,NO,2,18
SAN MARTIN,INGENIERÍA DE SISTEMAS,MASCULINO,NO,2,19
ANCASH,ARQUITECTURA,FEMENINO,NO,6,22
LIMA,MATEMÁTICA,FEMENINO,NO,2,18
LIMA,INGENIERÍA DE SISTEMAS,MASCULINO,NO,3,19
LIMA,ARQUITECTURA,MASCULINO,NO,2,19
LIMA,INGENIERÍA CIVIL,MASCULINO,NO,3,19
LIMA,ARQUITECTURA,MASCULINO,NO,3,20
LIMA,INGENIERÍA ELECTRÓNICA,MASCULINO,NO,2,19
LIMA,INGENIERÍA DE SISTEMAS,MASCULINO,SI,3,19
LIMA,INGENIERÍA ELECTRÓNICA,MASCULINO,NO,2,19
LIMA,INGENIERÍA GEOLÓGICA,FEMENINO,NO,2,19
LIMA,INGENIERÍA MECÁNICA-ELÉCTRICA,MASCULINO,NO,3,20
LIMA,INGENIERÍA CIVIL,MASCULINO,NO,1,17
LIMA,INGENIERÍA DE SISTEMAS,MASCULINO,NO,1,18
LIMA,INGENIERÍA CIVIL,MASCULINO,NO,0,17
LIMA,INGENIERÍA INDUSTRIAL,MASCULINO,NO,2,18
LA LIBERTAD,INGENIERÍA ELÉCTRICA,MASCULINO,NO,1,17
LIMA,CIENCIA DE LA COMPUTACIÓN,MASCULINO,SI,4,20
LIMA,INGENIERÍA CIVIL,MASCULINO,NO,2,19
LIMA,INGENIERÍA ECONÓMICA,MASCULINO,NO,3,20
LIMA,INGENIERÍA CIVIL,MASCULINO,NO,2,19
AYACUCHO,INGENIERÍA CIVIL,MASCULINO,NO,3,20
LIMA,ARQUITECTURA,MASCULINO,SI,3,19
AYACUCHO,INGENIERÍA CIVIL,MASCULINO,NO,1,17
LIMA,INGENIERÍA CIVIL,MASCULINO,NO,1,18
LIMA,INGENIERÍA DE SISTEMAS,MASCULINO,NO,2,18
LIMA,ARQUITECTURA,MASCULINO,SI,2,18
LIMA,INGENIERÍA CIVIL,FEMENINO,NO,2,19
LIMA,INGENIERÍA QUÍMICA,FEMENINO,NO,3,20
LAMBAYEQUE,INGENIERÍA CIVIL,MASCULINO,NO,1,17
LIMA,INGENIERÍA DE MINAS,MASCULINO,SI,2,18
ANCASH,INGENIERÍA CIVIL,MASCULINO,NO,2,18
CAJAMARCA,INGENIERÍA DE MINAS,MASCULINO,NO,2,20
LIMA,INGENIERÍA DE SISTEMAS,MASCULINO,NO,3,20
LIMA,INGENIERÍA DE SISTEMAS,FEMENINO,NO,1,18
LIMA,INGENIERÍA DE CIBERSEGURIDAD,MASCULINO,NO,2,19
LIMA,INGENIERÍA PETROQUÍMICA,MASCULINO,SI,4,20
LIMA,ARQUITECTURA,MASCULINO,NO,1,17
LIMA,INGENIERÍA CIVIL,MASCULINO,NO,3,19
LIMA,INGENIERÍA INDUSTRIAL,MASCULINO,NO,1,18
LIMA,INGENIERÍA ELECTRÓNICA,MASCULINO,NO,4,20
LIMA,INGENIERÍA GEOLÓGICA,FEMENINO,NO,3,19
LIMA,INGENIERÍA ECONÓMICA,MASCULINO,NO,4,21
LIMA,INGENIERÍA DE SISTEMAS,MASCULINO,NO,3,20
LIMA,FÍSICA,MASCULINO,NO,2,18
LIMA,INGENIERÍA MECATRÓNICA,MASCULINO,NO,4,21
LIMA,INGENIERÍA DE CIBERSEGURIDAD,MASCULINO,NO,2,18
LIMA,INGENIERÍA CIVIL,MASCULINO,NO,5,23
LIMA,INGENIERÍA AMBIENTAL,MASCULINO,NO,1,17
CALLAO,INGENIERÍA DE SISTEMAS,FEMENINO,NO,4,19
LIMA,ARQUITECTURA,FEMENINO,NO,1,18
LIMA,INGENIERÍA DE SISTEMAS,FEMENINO,NO,3,18
LIMA,ARQUITECTURA,MASCULINO,NO,4,20
ICA,INGENIERÍA INDUSTRIAL,MASCULINO,NO,1,17
LIMA,INGENIERÍA QUÍMICA,FEMENINO,NO,4,20
LIMA,INGENIERÍA MECÁNICA-ELÉCTRICA,MASCULINO,NO,3,19
CAJAMARCA,ARQUITECTURA,MASCULINO,NO,4,20
JUNÍN,INGENIERÍA ELÉCTRICA,MASCULINO,NO,1,18
LIMA,CIENCIA DE LA COMPUTACIÓN,MASCULINO,SI,3,20
LIMA,INGENIERÍA QUÍMICA,FEMENINO,NO,3,19
LIMA,INGENIERÍA DE SISTEMAS,MASCULINO,NO,2,18
HUÁNUCO,INGENIERÍA INDUSTRIAL,FEMENINO,NO,2,18
LIMA,INGENIERÍA MECATRÓNICA,MASCULINO,NO,1,17
LIMA,INGENIERÍA CIVIL,MASCULINO,NO,2,18
LIMA,INGENIERÍA AMBIENTAL,FEMENINO,NO,1,17
LIMA,ARQUITECTURA,FEMENINO,NO,4,20
LIMA,INGENIERÍA CIVIL,MASCULINO,NO,2,18
LIMA,INGENIERÍA MECATRÓNICA,MASCULINO,NO,2,19
LIMA,CIENCIA DE LA COMPUTACIÓN,MASCULINO,SI,4,20
LIMA,INGENIERÍA MECATRÓNICA,MASCULINO,SI,3,19
JUNÍN,ARQUITECTURA,FEMENINO,NO,3,19
LIMA,INGENIERÍA MECÁNICA,MASCULINO,SI,3,20
LIMA,INGENIERÍA SANITARIA,FEMENINO,NO,4,21
LIMA,INGENIERÍA CIVIL,MASCULINO,NO,1,18
LIMA,INGENIERÍA INDUSTRIAL,MASCULINO,SI,3,19
LIMA,INGENIERÍA ELECTRÓNICA,FEMENINO,NO,1,18
LIMA,INGENIERÍA DE SISTEMAS,MASCULINO,SI,1,18
ICA,INGENIERÍA MECATRÓNICA,MASCULINO,NO,1,18
AYACUCHO,INGENIERÍA CIVIL,MASCULINO,NO,2,18
LIMA,FÍSICA,MASCULINO,NO,9,25
LIMA,INGENIERÍA INDUSTRIAL,MASCULINO,NO,4,21
AYACUCHO,INGENIERÍA ELECTRÓNICA,MASCULINO,NO,1,17
TACNA,INGENIERÍA DE SISTEMAS,FEMENINO,NO,1,18
CALLAO,INGENIERÍA QUÍMICA,MASCULINO,NO,2,18
LIMA,ARQUITECTURA,FEMENINO,NO,3,19
LIMA,INGENIERÍA DE SISTEMAS,MASCULINO,SI,2,18
LIMA,INGENIERÍA DE MINAS,MASCULINO,NO,2,19
LIMA,INGENIERÍA INDUSTRIAL,MASCULINO,NO,1,17
LIMA,INGENIERÍA ELECTRÓNICA,MASCULINO,NO,2,18
LIMA,INGENIERÍA DE SISTEMAS,MASCULINO,NO,1,17
LIMA,ARQUITECTURA,MASCULINO,NO,2,18
ÁNCASH,INGENIERÍA DE TELECOMUNICACIONES,MASCULINO,NO,2,19
CALLAO,ARQUITECTURA,MASCULINO,NO,1,18
CALLAO,INGENIERÍA MECÁNICA-ELÉCTRICA,MASCULINO,NO,3,19
LIMA,CIENCIA DE LA COMPUTACIÓN,MASCULINO,NO,4,20
LIMA,INGENIERÍA CIVIL,MASCULINO,NO,7,24
LIMA,INGENIERÍA ECONÓMICA,MASCULINO,NO,2,19
APURÍMAC,INGENIERÍA ELECTRÓNICA,MASCULINO,NO,2,18
LIMA,ARQUITECTURA,MASCULINO,SI,3,20
LIMA,INGENIERÍA CIVIL,MASCULINO,SI,4,19
LIMA,INGENIERÍA MECATRÓNICA,MASCULINO,NO,2,19
LIMA,INGENIERÍA DE SISTEMAS,MASCULINO,NO,3,19
LAMBAYEQUE,INGENIERÍA MECATRÓNICA,MASCULINO,NO,2,19
LIMA,INGENIERÍA DE SISTEMAS,MASCULINO,NO,2,19
LIMA,ARQUITECTURA,FEMENINO,NO,1,17
LIMA,INGENIERÍA CIVIL,MASCULINO,NO,2,18
LIMA,INGENIERÍA ECONÓMICA,MASCULINO,SI,1,17
LIMA,INGENIERÍA CIVIL,MASCULINO,NO,2,18
LIMA,INGENIERÍA DE SISTEMAS,MASCULINO,NO,2,18
JUNIN,INGENIERÍA CIVIL,MASCULINO,NO,1,17
LIMA,INGENIERÍA ELECTRÓNICA,MASCULINO,SI,2,18
LIMA,INGENIERÍA ECONÓMICA,FEMENINO,NO,1,17
LIMA,INGENIERÍA INDUSTRIAL,MASCULINO,NO,3,19
LIMA,INGENIERÍA DE MINAS,FEMENINO,NO,1,18
LIMA,INGENIERÍA CIVIL,MASCULINO,SI,2,19
LIMA,INGENIERÍA AMBIENTAL,MASCULINO,SI,7,23
LIMA,INGENIERÍA CIVIL,MASCULINO,NO,2,18
LIMA,INGENIERÍA CIVIL,MASCULINO,NO,4,20
LIMA,INGENIERÍA INDUSTRIAL,MASCULINO,NO,3,19
LIMA,ARQUITECTURA,MASCULINO,NO,1,17
UCAYALI,INGENIERÍA DE SISTEMAS,MASCULINO,NO,1,18
LIMA,INGENIERÍA ELÉCTRICA,MASCULINO,NO,3,20
LIMA,INGENIERÍA ELECTRÓNICA,MASCULINO,SI,3,19
LIMA,INGENIERÍA DE TELECOMUNICACIONES,MASCULINO,NO,2,18
LIMA,INGENIERÍA ECONÓMICA,MASCULINO,NO,4,21
LIMA,INGENIERÍA MECÁNICA-ELÉCTRICA,MASCULINO,NO,4,20
CALLAO,INGENIERÍA MECÁNICA-ELÉCTRICA,MASCULINO,NO,4,20
LIMA,INGENIERÍA CIVIL,MASCULINO,NO,4,20
LIMA,INGENIERÍA DE SISTEMAS,MASCULINO,NO,2,18
LIMA,INGENIERÍA CIVIL,FEMENINO,NO,3,20
LIMA,ARQUITECTURA,FEMENINO,NO,3,19
CALLAO,ARQUITECTURA,FEMENINO,NO,3,20
LIMA,INGENIERÍA MECATRÓNICA,MASCULINO,NO,3,20
LIMA,ARQUITECTURA,FEMENINO,NO,4,21
LIMA,INGENIERÍA DE SISTEMAS,MASCULINO,NO,4,20
CALLAO,ARQUITECTURA,MASCULINO,NO,2,18
LIMA,INGENIERÍA MECATRÓNICA,MASCULINO,NO,1,17
LIMA,INGENIERÍA MECATRÓNICA,FEMENINO,NO,3,19
LIMA,INGENIERÍA DE SISTEMAS,MASCULINO,NO,9,25
LIMA,INGENIERÍA DE SISTEMAS,MASCULINO,NO,1,18
CALLAO,INGENIERÍA DE SISTEMAS,MASCULINO,NO,2,18
APURÍMAC,INGENIERÍA MECATRÓNICA,MASCULINO,NO,2,18
LIMA,INGENIERÍA DE SISTEMAS,MASCULINO,NO,2,18
LIMA,INGENIERÍA TEXTIL,FEMENINO,NO,2,20
LIMA,INGENIERÍA ECONÓMICA,FEMENINO,NO,2,19
LIMA,INGENIERÍA DE SISTEMAS,MASCULINO,NO,1,17
LIMA,ARQUITECTURA,MASCULINO,NO,1,17
HUANCAVELICA,INGENIERÍA MECATRÓNICA,MASCULINO,NO,5,22
ICA,INGENIERÍA CIVIL,MASCULINO,NO,1,18
ICA,INGENIERÍA MECATRÓNICA,MASCULINO,SI,2,18
LIMA,ARQUITECTURA,MASCULINO,NO,12,28
LIMA,INGENIERÍA DE SISTEMAS,MASCULINO,NO,3,20
LIMA,INGENIERÍA DE MINAS,MASCULINO,NO,1,18
LIMA,INGENIERÍA DE SISTEMAS,MASCULINO,NO,3,18
LIMA,INGENIERÍA DE SISTEMAS,MASCULINO,NO,2,19
JUNÍN,INGENIERÍA CIVIL,MASCULINO,NO,2,18
LIMA,INGENIERÍA MECATRÓNICA,MASCULINO,NO,1,18
UCAYALI,INGENIERÍA CIVIL,MASCULINO,NO,2,19
LIMA,ARQUITECTURA,FEMENINO,NO,1,17
JUNIN,INGENIERÍA ELÉCTRICA,MASCULINO,NO,1,18
LIMA,INGENIERÍA INDUSTRIAL,MASCULINO,NO,4,20
LIMA,INGENIERÍA DE SISTEMAS,MASCULINO,NO,2,18
LIMA,FÍSICA,MASCULINO,SI,3,20
CALLAO,INGENIERÍA DE SISTEMAS,MASCULINO,NO,4,20
LIMA,ARQUITECTURA,FEMENINO,NO,1,18
LIMA,INGENIERÍA MECATRÓNICA,MASCULINO,NO,2,18
LIMA,ARQUITECTURA,FEMENINO,NO,2,18
LIMA,INGENIERÍA DE MINAS,MASCULINO,NO,2,19
LIMA,INGENIERÍA DE MINAS,MASCULINO,NO,2,18
LIMA,ARQUITECTURA,MASCULINO,NO,2,18
LIMA,INGENIERÍA ELECTRÓNICA,MASCULINO,NO,2,18
LIMA,INGENIERÍA DE SISTEMAS,MASCULINO,NO,3,20
LIMA,INGENIERÍA GEOLÓGICA,MASCULINO,NO,2,19
SAN MARTIN,INGENIERÍA ELECTRÓNICA,MASCULINO,NO,1,18
LIMA,INGENIERÍA AMBIENTAL,MASCULINO,NO,5,21
CALLAO,INGENIERÍA DE SISTEMAS,MASCULINO,NO,2,18
LIMA,ARQUITECTURA,MASCULINO,SI,2,19
LIMA,INGENIERÍA CIVIL,FEMENINO,NO,1,17
LIMA,INGENIERÍA CIVIL,MASCULINO,NO,6,22
LIMA,INGENIERÍA DE SISTEMAS,MASCULINO,NO,0,16
LIMA,INGENIERÍA CIVIL,MASCULINO,NO,1,18
TACNA,INGENIERÍA DE MINAS,MASCULINO,NO,1,17
LIMA,MATEMÁTICA,MASCULINO,NO,11,29
ÁNCASH,INGENIERÍA DE SISTEMAS,MASCULINO,NO,2,18
LIMA,INGENIERÍA MECATRÓNICA,MASCULINO,NO,2,18
LIMA,INGENIERÍA DE SISTEMAS,MASCULINO,NO,3,19
LIMA,INGENIERÍA MECATRÓNICA,MASCULINO,NO,2,18
JUNÍN,INGENIERÍA MECATRÓNICA,MASCULINO,SI,1,17
LIMA,INGENIERÍA QUÍMICA,FEMENINO,NO,4,19
LIMA,INGENIERÍA INDUSTRIAL,FEMENINO,NO,2,18
LIMA,INGENIERÍA DE SISTEMAS,MASCULINO,NO,2,19
LIMA,INGENIERÍA TEXTIL,FEMENINO,NO,2,18
LIMA,INGENIERÍA ECONÓMICA,MASCULINO,SI,6,22
LIMA,INGENIERÍA ELECTRÓNICA,MASCULINO,SI,3,19
LIMA,ARQUITECTURA,MASCULINO,NO,1,18
LIMA,INGENIERÍA ECONÓMICA,MASCULINO,SI,4,20
LIMA,INGENIERÍA MECATRÓNICA,MASCULINO,SI,2,19
LIMA,INGENIERÍA SANITARIA,MASCULINO,SI,8,24
LIMA,INGENIERÍA MECÁNICA,MASCULINO,NO,2,18
JUNÍN,ARQUITECTURA,MASCULINO,NO,3,21
CALLAO,INGENIERÍA INDUSTRIAL,MASCULINO,NO,3,19
ÁNCASH,INGENIERÍA CIVIL,MASCULINO,NO,2,18
LIMA,INGENIERÍA DE SISTEMAS,MASCULINO,NO,1,17
LIMA,INGENIERÍA DE TELECOMUNICACIONES,MASCULINO,NO,2,18
LIMA,INGENIERÍA DE SISTEMAS,FEMENINO,NO,2,18
LIMA,INGENIERÍA DE SISTEMAS,MASCULINO,NO,4,20
LIMA,INGENIERÍA AMBIENTAL,MASCULINO,NO,1,18
ICA,INGENIERÍA INDUSTRIAL,FEMENINO,NO,1,18
LIMA,INGENIERÍA CIVIL,MASCULINO,NO,1,17
CALLAO,INGENIERÍA MECÁNICA,MASCULINO,NO,5,21
LIMA,INGENIERÍA ELÉCTRICA,MASCULINO,NO,3,20
LIMA,INGENIERÍA MECATRÓNICA,MASCULINO,SI,6,22
LIMA,INGENIERÍA SANITARIA,FEMENINO,NO,4,21
LIMA,INGENIERÍA ECONÓMICA,MASCULINO,SI,3,19
LIMA,INGENIERÍA ESTADÍSTICA,MASCULINO,SI,1,17
LIMA,ARQUITECTURA,FEMENINO,NO,4,20
LIMA,INGENIERÍA INDUSTRIAL,MASCULINO,NO,3,20
AREQUIPA,INGENIERÍA MECÁNICA,MASCULINO,SI,3,20
LIMA,CIENCIA DE LA COMPUTACIÓN,MASCULINO,NO,5,22
LIMA,INGENIERÍA DE SISTEMAS,MASCULINO,NO,2,18
LIMA,FÍSICA,MASCULINO,NO,5,21
LIMA,INGENIERÍA DE SISTEMAS,FEMENINO,NO,2,19
LIMA,INGENIERÍA CIVIL,MASCULINO,NO,3,19
LIMA,INGENIERÍA DE SISTEMAS,MASCULINO,NO,2,18
LIMA,INGENIERÍA DE SISTEMAS,MASCULINO,NO,2,19
LIMA,ARQUITECTURA,MASCULINO,NO,3,19
LIMA,INGENIERÍA DE SISTEMAS,MASCULINO,NO,3,19
LIMA,INGENIERÍA CIVIL,FEMENINO,NO,7,23
ANCASH,INGENIERÍA CIVIL,MASCULINO,NO,1,17
LIMA,INGENIERÍA CIVIL,MASCULINO,NO,3,19
LIMA,ARQUITECTURA,FEMENINO,NO,1,17
LIMA,INGENIERÍA MECATRÓNICA,MASCULINO,NO,7,23
LIMA,INGENIERÍA FÍSICA,MASCULINO,SI,4,20
ICA,INGENIERÍA QUÍMICA,FEMENINO,NO,1,18
LIMA,INGENIERÍA DE TELECOMUNICACIONES,MASCULINO,NO,3,19
LIMA,INGENIERÍA DE SISTEMAS,MASCULINO,NO,1,17
LIMA,INGENIERÍA DE SISTEMAS,MASCULINO,NO,1,18
LIMA,INGENIERÍA DE SISTEMAS,MASCULINO,NO,3,18
LIMA,ARQUITECTURA,FEMENINO,SI,1,17
LIMA,ARQUITECTURA,FEMENINO,NO,2,18
LIMA,INGENIERÍA CIVIL,MASCULINO,SI,5,21
LIMA,INGENIERÍA DE SISTEMAS,MASCULINO,NO,2,18
LIMA,INGENIERÍA DE SISTEMAS,MASCULINO,SI,6,22
LIMA,INGENIERÍA MECATRÓNICA,MASCULINO,NO,2,18
LIMA,INGENIERÍA CIVIL,MASCULINO,NO,4,20
LIMA,ARQUITECTURA,FEMENINO,NO,2,18
LIMA,INGENIERÍA CIVIL,MASCULINO,NO,1,18
LIMA,INGENIERÍA FÍSICA,MASCULINO,NO,3,20
LIMA,INGENIERÍA INDUSTRIAL,MASCULINO,NO,1,17
ÁNCASH,INGENIERÍA DE SISTEMAS,MASCULINO,NO,2,19
LIMA,INGENIERÍA DE SISTEMAS,MASCULINO,NO,2,19
LIMA,INGENIERÍA CIVIL,MASCULINO,NO,2,18
LIMA,ARQUITECTURA,FEMENINO,NO,3,19
LIMA,INGENIERÍA CIVIL,MASCULINO,NO,4,20
LIMA,INGENIERÍA MECATRÓNICA,MASCULINO,NO,5,21
LIMA,ARQUITECTURA,MASCULINO,NO,3,19
LIMA,INGENIERÍA DE CIBERSEGURIDAD,MASCULINO,NO,1,17
LIMA,INGENIERÍA DE SISTEMAS,MASCULINO,NO,2,18
ANCASH,INGENIERÍA CIVIL,MASCULINO,NO,1,18
LIMA,INGENIERÍA DE SISTEMAS,MASCULINO,NO,2,18
LIMA,INGENIERÍA DE SISTEMAS,MASCULINO,NO,2,19
LIMA,INGENIERÍA ELÉCTRICA,MASCULINO,NO,1,17
LIMA,ARQUITECTURA,FEMENINO,NO,2,18
LIMA,INGENIERÍA MECATRÓNICA,MASCULINO,NO,2,18
LIMA,MATEMÁTICA,FEMENINO,SI,3,19
LIMA,INGENIERÍA CIVIL,MASCULINO,NO,1,17
LIMA,INGENIERÍA DE SISTEMAS,MASCULINO,NO,3,19
CAJAMARCA,INGENIERÍA MECATRÓNICA,MASCULINO,NO,2,18
LIMA,INGENIERÍA MECATRÓNICA,MASCULINO,NO,2,18
LIMA,INGENIERÍA DE SISTEMAS,MASCULINO,NO,4,21
CAJAMARCA,INGENIERÍA GEOLÓGICA,FEMENINO,NO,5,23
LIMA,ARQUITECTURA,FEMENINO,NO,2,18
LIMA,INGENIERÍA INDUSTRIAL,MASCULINO,NO,3,19
CAJAMARCA,INGENIERÍA ELECTRÓNICA,MASCULINO,NO,2,18
LIMA,INGENIERÍA MECATRÓNICA,MASCULINO,NO,1,17
LIMA,INGENIERÍA CIVIL,MASCULINO,NO,4,20
LIMA,INGENIERÍA DE SISTEMAS,MASCULINO,NO,3,19
ANCASH,INGENIERÍA DE SISTEMAS,MASCULINO,NO,3,19
JUNIN,INGENIERÍA ECONÓMICA,MASCULINO,NO,1,17
ANCASH,INGENIERÍA INDUSTRIAL,MASCULINO,NO,2,18
ANCASH,INGENIERÍA CIVIL,FEMENINO,NO,4,20
LIMA,INGENIERÍA DE SISTEMAS,FEMENINO,NO,4,20
LIMA,INGENIERÍA CIVIL,MASCULINO,NO,2,18
LIMA,ARQUITECTURA,MASCULINO,NO,2,18
LIMA,INGENIERÍA MECÁNICA-ELÉCTRICA,MASCULINO,NO,8,24
LIMA,INGENIERÍA CIVIL,MASCULINO,NO,2,19
LIMA,INGENIERÍA CIVIL,MASCULINO,NO,2,18
LIMA,INGENIERÍA INDUSTRIAL,MASCULINO,NO,2,19
LIMA,INGENIERÍA DE SISTEMAS,MASCULINO,SI,1,18
LIMA,INGENIERÍA SANITARIA,MASCULINO,SI,3,19
LIMA,INGENIERÍA DE TELECOMUNICACIONES,MASCULINO,NO,2,19
LIMA,INGENIERÍA ELECTRÓNICA,MASCULINO,NO,4,21
LIMA,INGENIERÍA AMBIENTAL,FEMENINO,NO,4,20
LIMA,INGENIERÍA CIVIL,MASCULINO,NO,0,17
LIMA,INGENIERÍA DE SISTEMAS,MASCULINO,NO,1,18
AYACUCHO,INGENIERÍA CIVIL,MASCULINO,NO,16,34
UCAYALI,INGENIERÍA CIVIL,MASCULINO,NO,2,18
LIMA,CIENCIA DE LA COMPUTACIÓN,FEMENINO,NO,1,17
LIMA,INGENIERÍA MECÁNICA,MASCULINO,NO,1,18
LIMA,INGENIERÍA DE SISTEMAS,MASCULINO,NO,6,22
JUNIN,INGENIERÍA AMBIENTAL,MASCULINO,NO,2,18
LIMA,INGENIERÍA INDUSTRIAL,MASCULINO,NO,3,19
LIMA,INGENIERÍA DE SISTEMAS,MASCULINO,NO,2,19
LIMA,INGENIERÍA CIVIL,FEMENINO,NO,1,17
LIMA,INGENIERÍA DE MINAS,FEMENINO,NO,3,21
LIMA,INGENIERÍA ELECTRÓNICA,MASCULINO,NO,3,20
LIMA,QUÍMICA,FEMENINO,NO,4,22
LIMA,INGENIERÍA CIVIL,MASCULINO,NO,4,20
LIMA,INGENIERÍA ELECTRÓNICA,MASCULINO,NO,2,18
LIMA,INGENIERÍA ESTADÍSTICA,MASCULINO,NO,3,19
LIMA,INGENIERÍA DE SOFTWARE,MASCULINO,NO,1,17
LIMA,INGENIERÍA DE SISTEMAS,MASCULINO,NO,2,19
LIMA,INGENIERÍA INDUSTRIAL,FEMENINO,NO,5,22
LIMA,INGENIERÍA MECÁNICA-ELÉCTRICA,MASCULINO,NO,4,20
LIMA,ARQUITECTURA,FEMENINO,NO,2,18
LIMA,INGENIERÍA ELECTRÓNICA,MASCULINO,NO,2,18
APURIMAC,INGENIERÍA MECATRÓNICA,MASCULINO,SI,4,20
LIMA,INGENIERÍA DE SISTEMAS,MASCULINO,SI,3,19
LIMA,INGENIERÍA ESTADÍSTICA,MASCULINO,SI,5,21
LIMA,INGENIERÍA ESTADÍSTICA,MASCULINO,NO,2,19
LIMA,INGENIERÍA MECATRÓNICA,MASCULINO,NO,1,18
LIMA,INGENIERÍA FÍSICA,MASCULINO,NO,2,19
LIMA,INGENIERÍA MECÁNICA,MASCULINO,NO,2,18
JUNIN,INGENIERÍA ELECTRÓNICA,FEMENINO,NO,2,19
LIMA,INGENIERÍA INDUSTRIAL,FEMENINO,NO,3,20
LIMA,ARQUITECTURA,FEMENINO,NO,1,17
LIMA,INGENIERÍA DE SISTEMAS,MASCULINO,NO,2,18
LIMA,INGENIERÍA CIVIL,MASCULINO,NO,5,21
LIMA,INGENIERÍA DE SISTEMAS,MASCULINO,NO,2,19
LIMA,INGENIERÍA ELECTRÓNICA,MASCULINO,SI,2,19
LIMA,INGENIERÍA INDUSTRIAL,FEMENINO,NO,3,20
LIMA,ARQUITECTURA,FEMENINO,NO,3,19
LIMA,INGENIERÍA DE SISTEMAS,MASCULINO,NO,3,19
LIMA,INGENIERÍA INDUSTRIAL,FEMENINO,NO,2,19
LIMA,INGENIERÍA DE CIBERSEGURIDAD,MASCULINO,SI,8,25
LIMA,CIENCIA DE LA COMPUTACIÓN,MASCULINO,SI,2,18
LIMA,INGENIERÍA INDUSTRIAL,MASCULINO,NO,2,18
LIMA,INGENIERÍA ELECTRÓNICA,MASCULINO,NO,3,20
LIMA,INGENIERÍA CIVIL,MASCULINO,NO,4,21
LIMA,ARQUITECTURA,FEMENINO,NO,2,18
LIMA,INGENIERÍA MECÁNICA-ELÉCTRICA,MASCULINO,NO,2,18
CUSCO,CIENCIA DE LA COMPUTACIÓN,MASCULINO,NO,8,25
LIMA,ARQUITECTURA,MASCULINO,NO,1,18
LIMA,ARQUITECTURA,FEMENINO,NO,2,18
LIMA,CIENCIA DE LA COMPUTACIÓN,FEMENINO,NO,2,18
LIMA,INGENIERÍA ESTADÍSTICA,MASCULINO,NO,1,18
CALLAO,INGENIERÍA INDUSTRIAL,MASCULINO,NO,4,20
LIMA,INGENIERÍA DE SOFTWARE,MASCULINO,SI,1,17
LIMA,INGENIERÍA ECONÓMICA,MASCULINO,NO,0,17
LIMA,INGENIERÍA MECATRÓNICA,MASCULINO,NO,2,18
LIMA,INGENIERÍA DE TELECOMUNICACIONES,MASCULINO,NO,3,20
SAN MARTIN,INGENIERÍA CIVIL,FEMENINO,NO,5,21
LIMA,INGENIERÍA CIVIL,MASCULINO,NO,3,20
LIMA,INGENIERÍA ECONÓMICA,MASCULINO,NO,3,19
AYACUCHO,INGENIERÍA CIVIL,MASCULINO,NO,1,18
LIMA,INGENIERÍA INDUSTRIAL,MASCULINO,NO,2,18
LIMA,INGENIERÍA MECÁNICA-ELÉCTRICA,MASCULINO,SI,3,19
LAMBAYEQUE,INGENIERÍA AMBIENTAL,MASCULINO,NO,5,21
LIMA,INGENIERÍA DE MINAS,MASCULINO,NO,3,19
LIMA,INGENIERÍA INDUSTRIAL,FEMENINO,NO,5,22
AYACUCHO,INGENIERÍA MECATRÓNICA,MASCULINO,NO,1,18
LIMA,ARQUITECTURA,FEMENINO,NO,2,19
LIMA,INGENIERÍA MECATRÓNICA,MASCULINO,NO,1,17
LIMA,INGENIERÍA CIVIL,MASCULINO,NO,1,17
LIMA,ARQUITECTURA,FEMENINO,NO,3,19
LIMA,ARQUITECTURA,MASCULINO,NO,2,19
LIMA,INGENIERÍA DE SOFTWARE,MASCULINO,NO,3,20
LIMA,INGENIERÍA DE MINAS,MASCULINO,NO,3,19
LIMA,ARQUITECTURA,FEMENINO,NO,7,23
LIMA,INGENIERÍA GEOLÓGICA,MASCULINO,NO,4,21
LIMA,INGENIERÍA CIVIL,MASCULINO,NO,2,18
LIMA,INGENIERÍA ELÉCTRICA,MASCULINO,NO,2,18
LIMA,INGENIERÍA CIVIL,MASCULINO,NO,2,19
LAMBAYEQUE,INGENIERÍA ELÉCTRICA,MASCULINO,NO,1,18
LIMA,INGENIERÍA CIVIL,FEMENINO,NO,1,18
LIMA,INGENIERÍA CIVIL,MASCULINO,NO,2,19
LIMA,INGENIERÍA MECATRÓNICA,MASCULINO,NO,1,17
LIMA,INGENIERÍA ELÉCTRICA,MASCULINO,NO,1,18
LIMA,INGENIERÍA DE SISTEMAS,MASCULINO,NO,1,18
LIMA,INGENIERÍA INDUSTRIAL,MASCULINO,NO,1,18
JUNÍN,INGENIERÍA MECÁNICA-ELÉCTRICA,MASCULINO,NO,1,17
JUNÍN,INGENIERÍA MECATRÓNICA,MASCULINO,NO,1,17
LIMA,INGENIERÍA DE SISTEMAS,FEMENINO,NO,3,20
CAJAMARCA,FÍSICA,MASCULINO,NO,6,22
LIMA,INGENIERÍA DE SISTEMAS,MASCULINO,NO,3,19
MADRE DE DIOS,INGENIERÍA CIVIL,MASCULINO,NO,2,18
LIMA,INGENIERÍA INDUSTRIAL,MASCULINO,NO,5,21
PASCO,INGENIERÍA MECÁNICA,MASCULINO,NO,3,19
AMAZONAS,INGENIERÍA DE SISTEMAS,MASCULINO,NO,2,20
LIMA,INGENIERÍA ELÉCTRICA,MASCULINO,SI,3,19
CALLAO,INGENIERÍA DE SISTEMAS,MASCULINO,NO,1,18
ICA,ARQUITECTURA,MASCULINO,NO,1,17
LIMA,INGENIERÍA ECONÓMICA,FEMENINO,NO,4,20
LIMA,INGENIERÍA INDUSTRIAL,MASCULINO,NO,2,18
LIMA,INGENIERÍA AMBIENTAL,MASCULINO,NO,6,22
LIMA,INGENIERÍA CIVIL,MASCULINO,NO,3,20
CUSCO,INGENIERÍA ELÉCTRICA,MASCULINO,NO,1,18
TUMBES,INGENIERÍA PETROQUÍMICA,MASCULINO,NO,1,17
LIMA,INGENIERÍA MECATRÓNICA,MASCULINO,NO,4,20
LIMA,INGENIERÍA ELECTRÓNICA,MASCULINO,NO,1,17
LIMA,INGENIERÍA MECATRÓNICA,FEMENINO,NO,3,18
AYACUCHO,INGENIERÍA ELECTRÓNICA,MASCULINO,NO,1,18
LIMA,ARQUITECTURA,FEMENINO,NO,1,17
LIMA,INGENIERÍA DE SISTEMAS,MASCULINO,NO,3,19
LIMA,INGENIERÍA ECONÓMICA,MASCULINO,NO,2,18
CALLAO,INGENIERÍA INDUSTRIAL,MASCULINO,NO,1,17
LIMA,INGENIERÍA INDUSTRIAL,MASCULINO,NO,4,22
JUNÍN,INGENIERÍA QUÍMICA,MASCULINO,NO,1,17
LIMA,INGENIERÍA CIVIL,MASCULINO,NO,5,21
LIMA,INGENIERÍA DE SISTEMAS,MASCULINO,NO,3,20
LIMA,INGENIERÍA INDUSTRIAL,MASCULINO,NO,2,18
LIMA,INGENIERÍA DE MINAS,MASCULINO,NO,2,18
LIMA,INGENIERÍA ECONÓMICA,MASCULINO,SI,3,19
LIMA,FÍSICA,MASCULINO,NO,2,18
LIMA,INGENIERÍA CIVIL,MASCULINO,SI,1,17
ÁNCASH,INGENIERÍA FÍSICA,MASCULINO,NO,5,21
CAJAMARCA,INGENIERÍA ESTADÍSTICA,MASCULINO,NO,8,27
LIMA,INGENIERÍA CIVIL,MASCULINO,NO,3,19
LIMA,FÍSICA,FEMENINO,NO,6,22
LIMA,INGENIERÍA PETROQUÍMICA,MASCULINO,NO,3,19
LIMA,INGENIERÍA MECÁNICA,MASCULINO,NO,3,20
LIMA,INGENIERÍA CIVIL,MASCULINO,NO,2,18
ÁNCASH,INGENIERÍA MECÁNICA,MASCULINO,NO,3,20
LIMA,INGENIERÍA ELÉCTRICA,MASCULINO,NO,1,18
MOQUEGUA,FÍSICA,MASCULINO,NO,25,41
LIMA,FÍSICA,MASCULINO,NO,7,24
LIMA,INGENIERÍA CIVIL,MASCULINO,SI,1,17
LIMA,INGENIERÍA DE SISTEMAS,MASCULINO,NO,1,18
LIMA,INGENIERÍA ELECTRÓNICA,MASCULINO,NO,4,20
LIMA,INGENIERÍA MECATRÓNICA,MASCULINO,NO,2,19
LIMA,ARQUITECTURA,MASCULINO,NO,3,19
LIMA,CIENCIA DE LA COMPUTACIÓN,MASCULINO,NO,2,19
ÁNCASH,INGENIERÍA CIVIL,MASCULINO,SI,1,18
CAJAMARCA,INGENIERÍA MECATRÓNICA,MASCULINO,NO,2,18
LIMA,INGENIERÍA CIVIL,MASCULINO,NO,5,22
LIMA,INGENIERÍA DE SISTEMAS,MASCULINO,NO,2,18
LIMA,ARQUITECTURA,FEMENINO,NO,4,21
LIMA,INGENIERÍA DE SISTEMAS,FEMENINO,NO,3,18
LIMA,INGENIERÍA DE HIGIENE Y SEGURIDAD INDUSTRIAL,FEMENINO,SI,4,21
LIMA,INGENIERÍA INDUSTRIAL,FEMENINO,SI,1,17
LIMA,INGENIERÍA DE SISTEMAS,MASCULINO,NO,4,21
PUNO,INGENIERÍA MECATRÓNICA,MASCULINO,NO,2,18
JUNÍN,INGENIERÍA INDUSTRIAL,MASCULINO,NO,1,17
JUNÍN,INGENIERÍA DE TELECOMUNICACIONES,MASCULINO,NO,3,19
JUNÍN,INGENIERÍA MECATRÓNICA,MASCULINO,NO,1,17
LIMA,INGENIERÍA DE SISTEMAS,MASCULINO,NO,2,18
CALLAO,MATEMÁTICA,MASCULINO,NO,2,19
LIMA,INGENIERÍA CIVIL,MASCULINO,NO,2,17
LIMA,INGENIERÍA METALÚRGICA,MASCULINO,NO,2,19
LIMA,INGENIERÍA SANITARIA,MASCULINO,SI,10,26
LIMA,ARQUITECTURA,FEMENINO,NO,1,17
ICA,INGENIERÍA CIVIL,MASCULINO,NO,2,18
LIMA,INGENIERÍA FÍSICA,MASCULINO,SI,5,22
AREQUIPA,INGENIERÍA DE SISTEMAS,MASCULINO,NO,8,24
LIMA,INGENIERÍA GEOLÓGICA,MASCULINO,SI,4,20
LIMA,INGENIERÍA DE SISTEMAS,MASCULINO,NO,1,17
LIMA,CIENCIA DE LA COMPUTACIÓN,MASCULINO,SI,5,22
LIMA,INGENIERÍA INDUSTRIAL,MASCULINO,SI,6,22
LIMA,INGENIERÍA CIVIL,MASCULINO,NO,3,19
LIMA,ARQUITECTURA,FEMENINO,NO,2,18
LAMBAYEQUE,INGENIERÍA DE MINAS,MASCULINO,NO,1,18
APURIMAC,INGENIERÍA MECATRÓNICA,MASCULINO,NO,4,20
LIMA,INGENIERÍA AMBIENTAL,MASCULINO,NO,2,18
CALLAO,INGENIERÍA MECÁNICA,MASCULINO,NO,2,20
LIMA,INGENIERÍA DE SISTEMAS,MASCULINO,NO,2,18
JUNIN,INGENIERÍA DE CIBERSEGURIDAD,MASCULINO,NO,1,17
LIMA,INGENIERÍA INDUSTRIAL,MASCULINO,SI,2,19
LIMA,INGENIERÍA DE CIBERSEGURIDAD,MASCULINO,SI,5,22
CAJAMARCA,INGENIERÍA CIVIL,MASCULINO,SI,3,19
LIMA,CIENCIA DE LA COMPUTACIÓN,MASCULINO,NO,2,18
LIMA,INGENIERÍA DE SISTEMAS,MASCULINO,NO,2,19
LIMA,INGENIERÍA MECATRÓNICA,MASCULINO,NO,2,18
LIMA,INGENIERÍA DE SISTEMAS,MASCULINO,NO,1,18
LIMA,INGENIERÍA DE HIGIENE Y SEGURIDAD INDUSTRIAL,MASCULINO,NO,2,18
JUNIN,INGENIERÍA INDUSTRIAL,MASCULINO,SI,6,24
LIMA,CIENCIA DE LA COMPUTACIÓN,MASCULINO,NO,2,18
LIMA,INGENIERÍA INDUSTRIAL,FEMENINO,NO,3,20
LIMA,INGENIERÍA CIVIL,MASCULINO,NO,3,20
LIMA,INGENIERÍA MECÁNICA,MASCULINO,NO,3,19
HUANUCO,ARQUITECTURA,MASCULINO,NO,1,17
LIMA,INGENIERÍA DE SISTEMAS,MASCULINO,NO,2,18
CALLAO,INGENIERÍA DE SISTEMAS,FEMENINO,NO,2,19
LIMA,ARQUITECTURA,FEMENINO,NO,2,18
JUNIN,INGENIERÍA DE MINAS,MASCULINO,SI,5,21
LIMA,INGENIERÍA MECATRÓNICA,MASCULINO,NO,2,18
LIMA,QUÍMICA,MASCULINO,SI,2,19
CAJAMARCA,INGENIERÍA CIVIL,MASCULINO,NO,1,18
AREQUIPA,INGENIERÍA MECATRÓNICA,MASCULINO,NO,3,20
LIMA,ARQUITECTURA,FEMENINO,NO,9,25
LIMA,INGENIERÍA QUÍMICA,FEMENINO,NO,2,19
LIMA,INGENIERÍA TEXTIL,FEMENINO,NO,2,20
LIMA,INGENIERÍA CIVIL,MASCULINO,NO,7,23
LIMA,INGENIERÍA CIVIL,FEMENINO,NO,1,18
LIMA,ARQUITECTURA,MASCULINO,NO,8,25
LIMA,INGENIERÍA CIVIL,MASCULINO,NO,1,17
LIMA,ARQUITECTURA,MASCULINO,NO,2,18
CALLAO,INGENIERÍA CIVIL,FEMENINO,NO,4,20
LIMA,INGENIERÍA DE SISTEMAS,MASCULINO,NO,5,22
JUNIN,INGENIERÍA CIVIL,MASCULINO,NO,1,17
LIMA,INGENIERÍA INDUSTRIAL,MASCULINO,NO,1,19
LIMA,INGENIERÍA QUÍMICA,FEMENINO,NO,1,18
LIMA,INGENIERÍA AMBIENTAL,FEMENINO,NO,2,18
LIMA,INGENIERÍA ELÉCTRICA,MASCULINO,NO,4,21
CALLAO,INGENIERÍA CIVIL,FEMENINO,NO,4,20
LIMA,INGENIERÍA NAVAL,MASCULINO,NO,5,21
LIMA,INGENIERÍA CIVIL,MASCULINO,NO,4,21
AYACUCHO,INGENIERÍA CIVIL,MASCULINO,NO,3,18
LIMA,INGENIERÍA INDUSTRIAL,FEMENINO,NO,1,18
LIMA,CIENCIA DE LA COMPUTACIÓN,MASCULINO,NO,3,19
LIMA,ARQUITECTURA,MASCULINO,NO,2,18
LIMA,INGENIERÍA DE SISTEMAS,FEMENINO,NO,2,18
LIMA,ARQUITECTURA,MASCULINO,NO,1,17
LIMA,INGENIERÍA SANITARIA,MASCULINO,NO,1,18
LIMA,INGENIERÍA DE CIBERSEGURIDAD,MASCULINO,NO,2,19
LIMA,ARQUITECTURA,FEMENINO,NO,3,19
LIMA,INGENIERÍA CIVIL,MASCULINO,NO,2,18
LIMA,INGENIERÍA DE CIBERSEGURIDAD,MASCULINO,NO,3,19
LIMA,INGENIERÍA DE SISTEMAS,FEMENINO,NO,2,18
LIMA,INGENIERÍA QUÍMICA,MASCULINO,NO,4,20
LIMA,INGENIERÍA MECATRÓNICA,MASCULINO,SI,1,18
LIMA,INGENIERÍA METALÚRGICA,FEMENINO,SI,1,18
LIMA,INGENIERÍA DE SISTEMAS,MASCULINO,NO,5,21
LIMA,INGENIERÍA INDUSTRIAL,FEMENINO,NO,3,19
LIMA,INGENIERÍA GEOLÓGICA,FEMENINO,NO,6,22
LIMA,INGENIERÍA MECATRÓNICA,MASCULINO,NO,2,18
LIMA,INGENIERÍA ESTADÍSTICA,MASCULINO,NO,3,20
LIMA,INGENIERÍA CIVIL,MASCULINO,NO,4,21
LIMA,INGENIERÍA INDUSTRIAL,MASCULINO,NO,4,20
LIMA,INGENIERÍA QUÍMICA,FEMENINO,NO,2,18
LIMA,INGENIERÍA ELÉCTRICA,FEMENINO,NO,1,17
LIMA,ARQUITECTURA,FEMENINO,NO,7,23
LIMA,INGENIERÍA MECATRÓNICA,MASCULINO,NO,1,18
PUNO,INGENIERÍA DE SISTEMAS,FEMENINO,NO,3,19
LIMA,INGENIERÍA AMBIENTAL,FEMENINO,NO,4,21
LIMA,INGENIERÍA DE SISTEMAS,MASCULINO,NO,2,19
MOQUEGUA,INGENIERÍA INDUSTRIAL,MASCULINO,NO,4,20
LIMA,INGENIERÍA INDUSTRIAL,MASCULINO,SI,2,18
LIMA,INGENIERÍA DE SISTEMAS,MASCULINO,SI,3,21
LIMA,CIENCIA DE LA COMPUTACIÓN,FEMENINO,NO,4,19
LIMA,INGENIERÍA DE SISTEMAS,MASCULINO,NO,2,18
CALLAO,ARQUITECTURA,MASCULINO,NO,3,19
LIMA,INGENIERÍA CIVIL,MASCULINO,NO,2,19
LIMA,MATEMÁTICA,MASCULINO,NO,1,18
LIMA,INGENIERÍA QUÍMICA,MASCULINO,NO,1,18
LIMA,INGENIERÍA DE TELECOMUNICACIONES,FEMENINO,NO,3,20
LIMA,INGENIERÍA GEOLÓGICA,MASCULINO,NO,2,19
LIMA,INGENIERÍA ELECTRÓNICA,FEMENINO,NO,3,20
ICA,INGENIERÍA GEOLÓGICA,MASCULINO,NO,1,17
LIMA,INGENIERÍA ECONÓMICA,MASCULINO,NO,3,19
AREQUIPA,INGENIERÍA MECÁNICA,MASCULINO,SI,3,20
JUNÍN,INGENIERÍA CIVIL,MASCULINO,NO,1,17
CALLAO,INGENIERÍA MECÁNICA,MASCULINO,SI,4,21
LIMA,INGENIERÍA DE MINAS,MASCULINO,NO,4,21
LIMA,ARQUITECTURA,MASCULINO,SI,2,18
LIMA,INGENIERÍA ESTADÍSTICA,FEMENINO,NO,4,21
LIMA,INGENIERÍA NAVAL,MASCULINO,NO,2,18
CALLAO,INGENIERÍA INDUSTRIAL,FEMENINO,NO,1,18
LIMA,INGENIERÍA MECATRÓNICA,MASCULINO,NO,1,17
LA LIBERTAD,INGENIERÍA DE SISTEMAS,MASCULINO,NO,1,17
CALLAO,ARQUITECTURA,FEMENINO,NO,1,18
LIMA,ARQUITECTURA,MASCULINO,NO,2,20
LIMA,INGENIERÍA MECATRÓNICA,MASCULINO,NO,3,19
LIMA,INGENIERÍA AMBIENTAL,MASCULINO,NO,4,21
LIMA,INGENIERÍA MECÁNICA-ELÉCTRICA,MASCULINO,NO,4,21
JUNÍN,INGENIERÍA DE SISTEMAS,MASCULINO,NO,11,27
LIMA,INGENIERÍA MECÁNICA,FEMENINO,NO,2,18
LIMA,INGENIERÍA DE SISTEMAS,MASCULINO,NO,2,19
ANCASH,INGENIERÍA DE SOFTWARE,FEMENINO,NO,2,19
LIMA,INGENIERÍA QUÍMICA,FEMENINO,NO,3,20
LIMA,ARQUITECTURA,FEMENINO,NO,4,21
LIMA,INGENIERÍA SANITARIA,MASCULINO,NO,4,23
LIMA,INGENIERÍA DE SOFTWARE,MASCULINO,NO,1,18
LIMA,INGENIERÍA CIVIL,MASCULINO,NO,3,19
LIMA,INGENIERÍA INDUSTRIAL,MASCULINO,SI,8,24
LIMA,INGENIERÍA ELECTRÓNICA,MASCULINO,NO,2,19
LIMA,INGENIERÍA ECONÓMICA,MASCULINO,NO,4,20
LIMA,INGENIERÍA QUÍMICA,FEMENINO,SI,3,20
LIMA,INGENIERÍA DE SISTEMAS,MASCULINO,NO,2,19
LIMA,INGENIERÍA MECÁNICA,MASCULINO,NO,2,18
LIMA,INGENIERÍA ECONÓMICA,FEMENINO,NO,2,18
LIMA,INGENIERÍA MECÁNICA,MASCULINO,SI,2,18
LIMA,INGENIERÍA INDUSTRIAL,MASCULINO,NO,3,19
JUNÍN,CIENCIA DE LA COMPUTACIÓN,MASCULINO,SI,1,18
LIMA,INGENIERÍA MECATRÓNICA,MASCULINO,NO,3,19
CALLAO,CIENCIA DE LA COMPUTACIÓN,MASCULINO,NO,1,17
CAJAMARCA,INGENIERÍA ECONÓMICA,FEMENINO,SI,2,18
LIMA,INGENIERÍA ELÉCTRICA,MASCULINO,NO,5,21
LIMA,INGENIERÍA DE SISTEMAS,MASCULINO,NO,2,19
LIMA,INGENIERÍA CIVIL,MASCULINO,NO,2,19
PIURA,INGENIERÍA SANITARIA,MASCULINO,NO,3,20
LIMA,INGENIERÍA MECATRÓNICA,MASCULINO,NO,5,22
LIMA,ARQUITECTURA,MASCULINO,NO,3,20
AMAZONAS,INGENIERÍA MECATRÓNICA,MASCULINO,SI,1,17
LIMA,INGENIERÍA MECATRÓNICA,FEMENINO,NO,3,19
LIMA,INGENIERÍA DE CIBERSEGURIDAD,MASCULINO,SI,2,18
LIMA,INGENIERÍA ECONÓMICA,MASCULINO,NO,6,22
LIMA,INGENIERÍA MECATRÓNICA,MASCULINO,NO,4,20
LIMA,INGENIERÍA CIVIL,FEMENINO,NO,8,24
LIMA,INGENIERÍA PETROQUÍMICA,MASCULINO,NO,4,20
ICA,INGENIERÍA CIVIL,MASCULINO,NO,1,18
LIMA,INGENIERÍA QUÍMICA,MASCULINO,NO,2,18
LIMA,INGENIERÍA INDUSTRIAL,FEMENINO,NO,3,19
LIMA,CIENCIA DE LA COMPUTACIÓN,FEMENINO,NO,3,19
LIMA,INGENIERÍA DE SOFTWARE,MASCULINO,NO,6,23
LIMA,INGENIERÍA METALÚRGICA,FEMENINO,NO,3,19
LIMA,INGENIERÍA DE CIBERSEGURIDAD,MASCULINO,NO,2,18
LIMA,INGENIERÍA DE SOFTWARE,MASCULINO,NO,2,18
LIMA,ARQUITECTURA,FEMENINO,NO,3,19
LIMA,INGENIERÍA MECÁNICA-ELÉCTRICA,MASCULINO,NO,6,22
CALLAO,INGENIERÍA CIVIL,FEMENINO,NO,1,17
CALLAO,INGENIERÍA ELECTRÓNICA,MASCULINO,SI,6,22
ÁNCASH,ARQUITECTURA,MASCULINO,NO,2,18
SAN MARTÍN,INGENIERÍA CIVIL,MASCULINO,NO,2,18
LIMA,INGENIERÍA DE SISTEMAS,MASCULINO,NO,1,18
LIMA,ARQUITECTURA,FEMENINO,NO,4,20
LIMA,INGENIERÍA DE SISTEMAS,FEMENINO,NO,1,17
LIMA,ARQUITECTURA,MASCULINO,NO,1,17
ICA,INGENIERÍA QUÍMICA,FEMENINO,NO,1,17
LIMA,ARQUITECTURA,FEMENINO,NO,2,19
LIMA,INGENIERÍA MECATRÓNICA,MASCULINO,SI,1,18
LIMA,INGENIERÍA DE SISTEMAS,FEMENINO,SI,2,18
LIMA,ARQUITECTURA,FEMENINO,NO,3,19
LIMA,INGENIERÍA CIVIL,MASCULINO,NO,3,19
LIMA,INGENIERÍA DE SISTEMAS,MASCULINO,NO,1,17
LIMA,INGENIERÍA DE SISTEMAS,MASCULINO,NO,3,19
LIMA,ARQUITECTURA,FEMENINO,NO,2,18
LIMA,CIENCIA DE LA COMPUTACIÓN,MASCULINO,NO,1,17
LIMA,CIENCIA DE LA COMPUTACIÓN,MASCULINO,NO,1,17
CUSCO,ARQUITECTURA,FEMENINO,NO,1,18
LIMA,INGENIERÍA CIVIL,MASCULINO,NO,4,20
LIMA,INGENIERÍA QUÍMICA,MASCULINO,NO,2,18
LIMA,INGENIERÍA ECONÓMICA,MASCULINO,NO,16,32
APURÍMAC,INGENIERÍA PETROQUÍMICA,MASCULINO,NO,4,20
LIMA,INGENIERÍA INDUSTRIAL,MASCULINO,NO,9,25
LIMA,INGENIERÍA DE SISTEMAS,FEMENINO,NO,1,17
LIMA,INGENIERÍA DE SISTEMAS,MASCULINO,NO,3,19
LIMA,INGENIERÍA DE SISTEMAS,MASCULINO,NO,2,18
LIMA,INGENIERÍA MECÁNICA,MASCULINO,NO,1,17
TACNA,INGENIERÍA INDUSTRIAL,FEMENINO,NO,1,18
LIMA,INGENIERÍA ECONÓMICA,FEMENINO,NO,3,21
CALLAO,FÍSICA,MASCULINO,NO,3,19
CALLAO,ARQUITECTURA,FEMENINO,NO,2,18
LIMA,FÍSICA,MASCULINO,NO,2,18
LIMA,ARQUITECTURA,MASCULINO,NO,2,18
PUNO,INGENIERÍA DE SISTEMAS,MASCULINO,NO,2,18
LIMA,INGENIERÍA DE SISTEMAS,FEMENINO,NO,2,18
ÁNCASH,INGENIERÍA DE TELECOMUNICACIONES,MASCULINO,NO,1,17
LIMA,INGENIERÍA MECATRÓNICA,MASCULINO,SI,3,19
LIMA,INGENIERÍA CIVIL,MASCULINO,NO,3,19
LIMA,INGENIERÍA CIVIL,MASCULINO,NO,3,20
LIMA,ARQUITECTURA,MASCULINO,NO,3,19
HUANCAVELICA,INGENIERÍA INDUSTRIAL,FEMENINO,NO,5,21
LIMA,INGENIERÍA INDUSTRIAL,MASCULINO,NO,2,19
LIMA,INGENIERÍA CIVIL,MASCULINO,NO,1,17
ANCASH,INGENIERÍA CIVIL,FEMENINO,NO,2,18
LIMA,INGENIERÍA INDUSTRIAL,FEMENINO,NO,4,20
LIMA,INGENIERÍA DE PETRÓLEO Y GAS NATURAL,MASCULINO,NO,9,25
LIMA,ARQUITECTURA,FEMENINO,NO,4,20
AYACUCHO,INGENIERÍA MECATRÓNICA,MASCULINO,NO,3,20
LIMA,INGENIERÍA ESTADÍSTICA,MASCULINO,NO,2,18
LIMA,INGENIERÍA INDUSTRIAL,MASCULINO,NO,1,18
LIMA,INGENIERÍA MECATRÓNICA,MASCULINO,NO,3,20
CALLAO,INGENIERÍA ECONÓMICA,MASCULINO,SI,2,18
LIMA,INGENIERÍA ELECTRÓNICA,MASCULINO,SI,2,19
LIMA,INGENIERÍA ELECTRÓNICA,MASCULINO,SI,3,19
LIMA,INGENIERÍA DE TELECOMUNICACIONES,MASCULINO,NO,3,19
LIMA,INGENIERÍA ELÉCTRICA,MASCULINO,NO,1,18
LIMA,INGENIERÍA MECÁNICA,MASCULINO,NO,2,19
CAJAMARCA,INGENIERÍA ELÉCTRICA,MASCULINO,NO,4,20
LIMA,INGENIERÍA DE CIBERSEGURIDAD,MASCULINO,NO,4,21
LIMA,INGENIERÍA INDUSTRIAL,FEMENINO,NO,2,18
LIMA,INGENIERÍA MECATRÓNICA,MASCULINO,NO,2,19
LIMA,INGENIERÍA DE SISTEMAS,MASCULINO,NO,2,19
LIMA,INGENIERÍA ELÉCTRICA,MASCULINO,NO,3,19
LIMA,INGENIERÍA DE MINAS,MASCULINO,NO,2,18
LIMA,INGENIERÍA DE SISTEMAS,MASCULINO,NO,2,18
LIMA,INGENIERÍA DE SOFTWARE,MASCULINO,NO,1,17
LIMA,INGENIERÍA DE SISTEMAS,MASCULINO,NO,2,18
LIMA,CIENCIA DE LA COMPUTACIÓN,MASCULINO,SI,2,18
PUNO,INGENIERÍA CIVIL,MASCULINO,NO,2,19
LIMA,INGENIERÍA QUÍMICA,MASCULINO,NO,1,18
CALLAO,FÍSICA,MASCULINO,NO,4,21
LIMA,INGENIERÍA MECATRÓNICA,MASCULINO,NO,5,22
LIMA,INGENIERÍA DE SISTEMAS,MASCULINO,NO,2,18
LIMA,INGENIERÍA MECATRÓNICA,MASCULINO,NO,2,18
LIMA,ARQUITECTURA,MASCULINO,NO,3,19
LIMA,INGENIERÍA MECATRÓNICA,MASCULINO,SI,2,18
LIMA,INGENIERÍA DE SISTEMAS,MASCULINO,NO,2,18
LIMA,INGENIERÍA INDUSTRIAL,MASCULINO,NO,2,19
LIMA,INGENIERÍA QUÍMICA,FEMENINO,NO,3,19
LIMA,INGENIERÍA DE MINAS,MASCULINO,NO,3,19
LIMA,INGENIERÍA DE SISTEMAS,FEMENINO,NO,3,19
TACNA,FÍSICA,MASCULINO,NO,4,21
AYACUCHO,INGENIERÍA QUÍMICA,MASCULINO,NO,2,19
LIMA,INGENIERÍA NAVAL,MASCULINO,NO,2,19
AMAZONAS,INGENIERÍA MECATRÓNICA,MASCULINO,NO,3,20
LIMA,INGENIERÍA CIVIL,MASCULINO,NO,1,17
LIMA,INGENIERÍA CIVIL,MASCULINO,NO,1,18
CALLAO,INGENIERÍA DE SISTEMAS,MASCULINO,NO,2,18
LIMA,INGENIERÍA ELECTRÓNICA,MASCULINO,SI,1,18
LIMA,INGENIERÍA MECÁNICA-ELÉCTRICA,MASCULINO,NO,4,20
LIMA,INGENIERÍA QUÍMICA,FEMENINO,NO,3,20
LIMA,INGENIERÍA DE SISTEMAS,FEMENINO,NO,6,24
LIMA,INGENIERÍA INDUSTRIAL,MASCULINO,NO,3,22
LIMA,INGENIERÍA ELECTRÓNICA,MASCULINO,NO,2,18
LIMA,INGENIERÍA DE SISTEMAS,MASCULINO,NO,3,19
CALLAO,INGENIERÍA ECONÓMICA,FEMENINO,SI,1,18
LIMA,INGENIERÍA MECÁNICA,MASCULINO,NO,3,20
LIMA,INGENIERÍA DE SISTEMAS,MASCULINO,SI,2,19
LIMA,INGENIERÍA DE SISTEMAS,MASCULINO,SI,1,17
LIMA,INGENIERÍA ECONÓMICA,FEMENINO,NO,1,18
LIMA,ARQUITECTURA,FEMENINO,NO,1,18
LIMA,INGENIERÍA INDUSTRIAL,FEMENINO,NO,2,19
LIMA,INGENIERÍA INDUSTRIAL,MASCULINO,NO,2,19
LIMA,INGENIERÍA DE SOFTWARE,MASCULINO,SI,1,18
LIMA,ARQUITECTURA,FEMENINO,NO,2,19
LIMA,ARQUITECTURA,MASCULINO,NO,1,17
LIMA,INGENIERÍA MECÁNICA,MASCULINO,SI,2,18
LIMA,INGENIERÍA MECÁNICA,FEMENINO,NO,3,20
LIMA,INGENIERÍA CIVIL,MASCULINO,NO,2,18
PASCO,INGENIERÍA CIVIL,FEMENINO,NO,3,19
LIMA,ARQUITECTURA,MASCULINO,NO,3,19
LIMA,INGENIERÍA DE MINAS,MASCULINO,NO,2,19
LIMA,INGENIERÍA CIVIL,MASCULINO,NO,3,19
CALLAO,INGENIERÍA PETROQUÍMICA,MASCULINO,NO,2,19
CUSCO,INGENIERÍA INDUSTRIAL,MASCULINO,NO,2,18
LIMA,INGENIERÍA CIVIL,MASCULINO,NO,7,23
LIMA,INGENIERÍA CIVIL,MASCULINO,NO,1,17
LIMA,INGENIERÍA DE SISTEMAS,MASCULINO,NO,2,19
LIMA,INGENIERÍA ESTADÍSTICA,MASCULINO,SI,1,17
LIMA,INGENIERÍA SANITARIA,FEMENINO,NO,2,18
LIMA,INGENIERÍA CIVIL,MASCULINO,NO,4,20
LIMA,INGENIERÍA MECATRÓNICA,MASCULINO,NO,3,19
LIMA,ARQUITECTURA,FEMENINO,NO,3,20
APURIMAC,ARQUITECTURA,MASCULINO,NO,1,17
LIMA,INGENIERÍA DE SISTEMAS,MASCULINO,NO,3,19
LIMA,INGENIERÍA DE MINAS,MASCULINO,SI,1,18
LIMA,INGENIERÍA CIVIL,MASCULINO,NO,1,18
LIMA,ARQUITECTURA,FEMENINO,NO,3,19
LIMA,INGENIERÍA INDUSTRIAL,FEMENINO,NO,3,19
LIMA,INGENIERÍA MECÁNICA-ELÉCTRICA,MASCULINO,NO,1,18
LIMA,INGENIERÍA ELÉCTRICA,MASCULINO,NO,3,20
JUNIN,INGENIERÍA CIVIL,MASCULINO,NO,2,18
ANCASH,INGENIERÍA DE HIGIENE Y SEGURIDAD INDUSTRIAL,MASCULINO,NO,0,18
LIMA,INGENIERÍA ECONÓMICA,MASCULINO,NO,4,20
HUANCAVELICA,FÍSICA,MASCULINO,NO,4,20
LIMA,INGENIERÍA ELECTRÓNICA,MASCULINO,SI,3,20
CUSCO,INGENIERÍA INDUSTRIAL,MASCULINO,SI,5,21
LIMA,ARQUITECTURA,FEMENINO,NO,2,18
JUNÍN,INGENIERÍA DE TELECOMUNICACIONES,MASCULINO,SI,2,18
LIMA,INGENIERÍA MECÁNICA,MASCULINO,NO,3,19
ICA,ARQUITECTURA,MASCULINO,NO,1,17
LIMA,CIENCIA DE LA COMPUTACIÓN,MASCULINO,NO,2,19
LIMA,INGENIERÍA MECÁNICA,MASCULINO,NO,2,18
LIMA,INGENIERÍA ECONÓMICA,FEMENINO,NO,4,20
LIMA,INGENIERÍA DE SISTEMAS,MASCULINO,NO,1,16
ICA,INGENIERÍA DE PETRÓLEO Y GAS NATURAL,MASCULINO,NO,16,33
LIMA,ARQUITECTURA,MASCULINO,NO,4,20
ANCASH,INGENIERÍA DE MINAS,MASCULINO,NO,1,18
LIMA,CIENCIA DE LA COMPUTACIÓN,MASCULINO,NO,3,20
LIMA,INGENIERÍA CIVIL,FEMENINO,NO,2,18
LIMA,ARQUITECTURA,MASCULINO,NO,2,18
LIMA,FÍSICA,MASCULINO,NO,1,18
JUNIN,INGENIERÍA DE SISTEMAS,MASCULINO,NO,3,19
LIMA,INGENIERÍA SANITARIA,MASCULINO,SI,3,20
LIMA,INGENIERÍA ELECTRÓNICA,MASCULINO,NO,5,21
LIMA,INGENIERÍA INDUSTRIAL,MASCULINO,NO,2,18
AYACUCHO,INGENIERÍA MECATRÓNICA,MASCULINO,NO,11,28
LIMA,INGENIERÍA ELECTRÓNICA,FEMENINO,SI,2,18
LIMA,ARQUITECTURA,FEMENINO,NO,3,19
LIMA,INGENIERÍA ELECTRÓNICA,MASCULINO,NO,3,20
LIMA,INGENIERÍA MECATRÓNICA,MASCULINO,NO,2,18
JUNÍN,ARQUITECTURA,MASCULINO,NO,3,20
LIMA,INGENIERÍA DE SISTEMAS,MASCULINO,NO,1,17
ICA,INGENIERÍA CIVIL,FEMENINO,NO,2,18
LIMA,ARQUITECTURA,FEMENINO,NO,1,17
AYACUCHO,INGENIERÍA DE SISTEMAS,MASCULINO,NO,3,19
APURÍMAC,INGENIERÍA CIVIL,MASCULINO,NO,1,17
LIMA,INGENIERÍA CIVIL,MASCULINO,NO,4,20
ÁNCASH,INGENIERÍA QUÍMICA,MASCULINO,NO,1,17
LIMA,INGENIERÍA ECONÓMICA,MASCULINO,SI,2,18
LIMA,INGENIERÍA AMBIENTAL,FEMENINO,NO,3,19
LIMA,INGENIERÍA MECÁNICA,MASCULINO,NO,2,18
AREQUIPA,INGENIERÍA MECATRÓNICA,MASCULINO,NO,1,17
LIMA,ARQUITECTURA,FEMENINO,NO,4,20
LIMA,INGENIERÍA DE SISTEMAS,MASCULINO,SI,2,18
LIMA,INGENIERÍA CIVIL,MASCULINO,NO,2,18
LIMA,INGENIERÍA ECONÓMICA,MASCULINO,SI,8,25
CALLAO,INGENIERÍA CIVIL,MASCULINO,NO,3,19
LIMA,INGENIERÍA DE TELECOMUNICACIONES,MASCULINO,NO,3,18
LIMA,INGENIERÍA DE SISTEMAS,MASCULINO,NO,1,18
LIMA,INGENIERÍA QUÍMICA,MASCULINO,NO,1,17
LIMA,INGENIERÍA DE SISTEMAS,MASCULINO,NO,2,19
LIMA,ARQUITECTURA,FEMENINO,NO,1,17
LIMA,INGENIERÍA DE MINAS,MASCULINO,NO,3,19
LIMA,INGENIERÍA ELECTRÓNICA,MASCULINO,NO,3,20
LIMA,INGENIERÍA MECÁNICA-ELÉCTRICA,MASCULINO,SI,4,20
LIMA,INGENIERÍA FÍSICA,MASCULINO,NO,1,17
CALLAO,INGENIERÍA ELÉCTRICA,MASCULINO,NO,2,18
LIMA,INGENIERÍA INDUSTRIAL,MASCULINO,NO,2,18
LIMA,INGENIERÍA CIVIL,MASCULINO,NO,1,17
LIMA,INGENIERÍA DE TELECOMUNICACIONES,MASCULINO,NO,1,17
LIMA,FÍSICA,MASCULINO,NO,2,19
LIMA,INGENIERÍA DE SISTEMAS,MASCULINO,NO,1,18
LIMA,INGENIERÍA CIVIL,MASCULINO,NO,4,20
AMAZONAS,INGENIERÍA CIVIL,MASCULINO,NO,1,17
CALLAO,INGENIERÍA MECÁNICA,MASCULINO,NO,3,19
ÁNCASH,CIENCIA DE LA COMPUTACIÓN,MASCULINO,NO,15,30
LIMA,INGENIERÍA ELÉCTRICA,FEMENINO,NO,6,22
LIMA,ARQUITECTURA,MASCULINO,NO,1,18
LIMA,INGENIERÍA MECÁNICA,MASCULINO,NO,3,19
LIMA,INGENIERÍA CIVIL,MASCULINO,NO,1,17
LIMA,MATEMÁTICA,MASCULINO,NO,1,17
JUNÍN,CIENCIA DE LA COMPUTACIÓN,MASCULINO,NO,2,19
ICA,INGENIERÍA DE SISTEMAS,MASCULINO,NO,1,17
APURÍMAC,INGENIERÍA CIVIL,MASCULINO,SI,1,18
LIMA,INGENIERÍA ELECTRÓNICA,MASCULINO,SI,4,20
LIMA,INGENIERÍA DE SISTEMAS,FEMENINO,NO,3,19
LIMA,INGENIERÍA QUÍMICA,MASCULINO,NO,2,18
PASCO,INGENIERÍA CIVIL,MASCULINO,NO,4,20
LIMA,INGENIERÍA ECONÓMICA,MASCULINO,SI,6,23
LIMA,ARQUITECTURA,FEMENINO,NO,1,17
LIMA,INGENIERÍA DE MINAS,FEMENINO,NO,2,19
LIMA,INGENIERÍA DE SISTEMAS,MASCULINO,NO,3,20
LIMA,INGENIERÍA ESTADÍSTICA,FEMENINO,NO,1,16
HUANCAVELICA,INGENIERÍA DE SISTEMAS,MASCULINO,NO,1,17
LIMA,INGENIERÍA CIVIL,MASCULINO,SI,4,20
LIMA,INGENIERÍA CIVIL,FEMENINO,NO,2,18
LIMA,INGENIERÍA MECÁNICA,MASCULINO,NO,1,18
LIMA,INGENIERÍA ELECTRÓNICA,FEMENINO,NO,1,18
LIMA,ARQUITECTURA,MASCULINO,NO,2,18
LIMA,FÍSICA,MASCULINO,SI,2,18
LIMA,INGENIERÍA MECÁNICA,MASCULINO,NO,3,19
LIMA,INGENIERÍA MECÁNICA,MASCULINO,NO,2,18
PUNO,INGENIERÍA CIVIL,FEMENINO,NO,1,18
LIMA,INGENIERÍA DE SISTEMAS,MASCULINO,NO,2,18
JUNÍN,INGENIERÍA ECONÓMICA,MASCULINO,NO,1,18
LIMA,INGENIERÍA DE SISTEMAS,MASCULINO,NO,1,17
LIMA,ARQUITECTURA,FEMENINO,NO,1,18
LIMA,INGENIERÍA DE SISTEMAS,MASCULINO,NO,1,17
LIMA,INGENIERÍA QUÍMICA,MASCULINO,NO,2,18
CAJAMARCA,INGENIERÍA MECÁNICA-ELÉCTRICA,MASCULINO,NO,1,17
HUÁNUCO,INGENIERÍA MECATRÓNICA,MASCULINO,SI,1,17
LIMA,INGENIERÍA ECONÓMICA,MASCULINO,SI,3,19
LA LIBERTAD,INGENIERÍA ELECTRÓNICA,MASCULINO,NO,5,22
LIMA,INGENIERÍA DE TELECOMUNICACIONES,MASCULINO,NO,2,18
LIMA,FÍSICA,MASCULINO,NO,2,19
LIMA,FÍSICA,MASCULINO,NO,2,19
ÁNCASH,ARQUITECTURA,MASCULINO,NO,1,18
LIMA,ARQUITECTURA,FEMENINO,NO,2,19
LIMA,INGENIERÍA DE SISTEMAS,MASCULINO,NO,1,17
LIMA,INGENIERÍA ELÉCTRICA,MASCULINO,SI,4,20
LIMA,INGENIERÍA CIVIL,FEMENINO,NO,1,18
LIMA,INGENIERÍA ECONÓMICA,MASCULINO,NO,4,20
LIMA,ARQUITECTURA,FEMENINO,NO,2,19
LIMA,INGENIERÍA CIVIL,MASCULINO,NO,2,19
LIMA,INGENIERÍA AMBIENTAL,FEMENINO,NO,1,19
LIMA,FÍSICA,MASCULINO,NO,1,18
LIMA,INGENIERÍA MECÁNICA,MASCULINO,NO,3,20
LIMA,INGENIERÍA DE MINAS,FEMENINO,SI,5,21
LIMA,INGENIERÍA INDUSTRIAL,MASCULINO,NO,1,18
LIMA,INGENIERÍA CIVIL,MASCULINO,NO,1,17
HUÁNUCO,INGENIERÍA ELÉCTRICA,MASCULINO,NO,2,18
LIMA,INGENIERÍA DE SISTEMAS,MASCULINO,NO,3,20
ÁNCASH,INGENIERÍA CIVIL,MASCULINO,NO,2,19
ÁNCASH,INGENIERÍA DE SISTEMAS,MASCULINO,NO,2,18
LIMA,INGENIERÍA MECATRÓNICA,MASCULINO,NO,2,18
LIMA,INGENIERÍA DE SISTEMAS,MASCULINO,NO,2,18
LORETO,INGENIERÍA MECÁNICA,FEMENINO,NO,1,17
PUNO,INGENIERÍA CIVIL,MASCULINO,NO,2,19
LIMA,INGENIERÍA DE SISTEMAS,MASCULINO,NO,2,18
LIMA,INGENIERÍA DE SISTEMAS,MASCULINO,NO,5,22
AREQUIPA,INGENIERÍA ECONÓMICA,MASCULINO,NO,2,18
PUNO,INGENIERÍA CIVIL,MASCULINO,NO,1,17
LIMA,INGENIERÍA TEXTIL,FEMENINO,NO,7,24
LIMA,INGENIERÍA MECATRÓNICA,MASCULINO,NO,1,17
LIMA,INGENIERÍA ECONÓMICA,FEMENINO,NO,1,17
LIMA,INGENIERÍA QUÍMICA,FEMENINO,NO,2,18
LIMA,INGENIERÍA INDUSTRIAL,MASCULINO,NO,2,19
LIMA,INGENIERÍA MECÁNICA,MASCULINO,SI,4,21
LIMA,INGENIERÍA INDUSTRIAL,MASCULINO,SI,2,18
LIMA,INGENIERÍA ELECTRÓNICA,MASCULINO,NO,4,21
LIMA,INGENIERÍA INDUSTRIAL,MASCULINO,NO,1,17
CAJAMARCA,INGENIERÍA CIVIL,MASCULINO,NO,4,22
LIMA,INGENIERÍA CIVIL,MASCULINO,NO,2,19
PIURA,INGENIERÍA CIVIL,MASCULINO,NO,1,18
LIMA,INGENIERÍA INDUSTRIAL,FEMENINO,NO,1,18
SAN MARTÍN,INGENIERÍA CIVIL,MASCULINO,NO,1,17
LIMA,INGENIERÍA CIVIL,MASCULINO,NO,1,17
LIMA,INGENIERÍA DE MINAS,MASCULINO,NO,2,19
CUSCO,ARQUITECTURA,MASCULINO,NO,3,19
AYACUCHO,ARQUITECTURA,FEMENINO,NO,2,18
PUNO,INGENIERÍA AMBIENTAL,FEMENINO,NO,1,18
LIMA,INGENIERÍA CIVIL,MASCULINO,NO,1,17
JUNÍN,INGENIERÍA DE SISTEMAS,MASCULINO,NO,1,16
LIMA,INGENIERÍA ESTADÍSTICA,FEMENINO,NO,1,18
AYACUCHO,INGENIERÍA CIVIL,MASCULINO,NO,3,20
LIMA,INGENIERÍA CIVIL,MASCULINO,NO,3,20
LIMA,INGENIERÍA AMBIENTAL,MASCULINO,NO,2,19
CUSCO,INGENIERÍA MECATRÓNICA,MASCULINO,NO,2,18
SAN MARTÍN,INGENIERÍA DE MINAS,MASCULINO,NO,2,18
HUANCAVELICA,INGENIERÍA DE PETRÓLEO Y GAS NATURAL,MASCULINO,NO,1,17
LIMA,INGENIERÍA INDUSTRIAL,MASCULINO,NO,3,19
LIMA,INGENIERÍA QUÍMICA,FEMENINO,NO,5,22
LIMA,INGENIERÍA INDUSTRIAL,FEMENINO,NO,1,17
JUNÍN,INGENIERÍA QUÍMICA,MASCULINO,NO,4,20
APURÍMAC,INGENIERÍA CIVIL,MASCULINO,NO,1,17
HUÁNUCO,INGENIERÍA FÍSICA,FEMENINO,NO,1,17
LIMA,INGENIERÍA CIVIL,FEMENINO,NO,1,17
LIMA,INGENIERÍA CIVIL,FEMENINO,NO,1,17
JUNÍN,INGENIERÍA INDUSTRIAL,FEMENINO,NO,1,17
AREQUIPA,INGENIERÍA DE HIGIENE Y SEGURIDAD INDUSTRIAL,FEMENINO,NO,1,18
LIMA,INGENIERÍA DE MINAS,MASCULINO,NO,2,18
LIMA,ARQUITECTURA,FEMENINO,NO,4,21
LIMA,INGENIERÍA SANITARIA,FEMENINO,NO,1,18
ÁNCASH,ARQUITECTURA,MASCULINO,NO,2,18
LIMA,INGENIERÍA INDUSTRIAL,FEMENINO,NO,1,17
ICA,INGENIERÍA INDUSTRIAL,FEMENINO,NO,1,17
APURÍMAC,INGENIERÍA MECATRÓNICA,MASCULINO,NO,2,18
LIMA,INGENIERÍA CIVIL,MASCULINO,SI,2,19
JUNÍN,INGENIERÍA ECONÓMICA,FEMENINO,NO,1,17
PASCO,INGENIERÍA AMBIENTAL,FEMENINO,NO,1,17
LIMA,INGENIERÍA DE SISTEMAS,MASCULINO,NO,1,17
LIMA,INGENIERÍA DE SISTEMAS,MASCULINO,NO,1,18
LIMA,INGENIERÍA CIVIL,FEMENINO,NO,2,20
LIMA,INGENIERÍA CIVIL,MASCULINO,NO,1,17
LIMA,INGENIERÍA DE SISTEMAS,MASCULINO,NO,2,19
LIMA,INGENIERÍA INDUSTRIAL,MASCULINO,NO,3,19
LIMA,ARQUITECTURA,MASCULINO,NO,2,18
LIMA,INGENIERÍA INDUSTRIAL,FEMENINO,NO,2,18
AYACUCHO,INGENIERÍA AMBIENTAL,FEMENINO,NO,2,21
LIMA,INGENIERÍA MECATRÓNICA,FEMENINO,NO,1,17
LIMA,INGENIERÍA CIVIL,MASCULINO,NO,1,17
ÁNCASH,INGENIERÍA ELECTRÓNICA,MASCULINO,NO,3,19
CUSCO,INGENIERÍA AMBIENTAL,MASCULINO,NO,2,18
ICA,INGENIERÍA DE SISTEMAS,FEMENINO,NO,1,18
LIMA,INGENIERÍA INDUSTRIAL,MASCULINO,NO,1,17
CUSCO,INGENIERÍA CIVIL,MASCULINO,NO,1,17
JUNÍN,INGENIERÍA AMBIENTAL,FEMENINO,NO,0,17
JUNÍN,INGENIERÍA MECATRÓNICA,MASCULINO,NO,1,17
LIMA,INGENIERÍA ECONÓMICA,FEMENINO,NO,5,21
JUNÍN,INGENIERÍA CIVIL,FEMENINO,NO,1,18
JUNÍN,INGENIERÍA GEOLÓGICA,MASCULINO,NO,1,17
LIMA,INGENIERÍA CIVIL,MASCULINO,NO,1,18
AYACUCHO,INGENIERÍA DE MINAS,MASCULINO,NO,3,20
LIMA,INGENIERÍA DE SISTEMAS,MASCULINO,NO,1,18
PUNO,INGENIERÍA AMBIENTAL,MASCULINO,NO,4,20
LIMA,INGENIERÍA AMBIENTAL,FEMENINO,NO,2,18
PUNO,INGENIERÍA INDUSTRIAL,FEMENINO,NO,1,17
LIMA,INGENIERÍA DE SISTEMAS,MASCULINO,NO,1,17
PUNO,INGENIERÍA AMBIENTAL,FEMENINO,NO,2,18
LIMA,ARQUITECTURA,FEMENINO,NO,1,17
AYACUCHO,INGENIERÍA INDUSTRIAL,FEMENINO,NO,1,17
APURÍMAC,INGENIERÍA CIVIL,FEMENINO,NO,1,17
LIMA,FÍSICA,FEMENINO,NO,1,18
HUANCAVELICA,ARQUITECTURA,FEMENINO,NO,3,20
LIMA,INGENIERÍA INDUSTRIAL,FEMENINO,NO,1,17
LIMA,INGENIERÍA CIVIL,FEMENINO,NO,1,18
APURÍMAC,INGENIERÍA MECATRÓNICA,MASCULINO,NO,3,20
LIMA,INGENIERÍA GEOLÓGICA,FEMENINO,NO,3,19
CALLAO,MATEMÁTICA,FEMENINO,NO,1,18
LIMA,INGENIERÍA INDUSTRIAL,FEMENINO,NO,1,15
LIMA,INGENIERÍA DE SISTEMAS,FEMENINO,NO,1,20
AYACUCHO,INGENIERÍA CIVIL,MASCULINO,NO,1,17
LIMA,INGENIERÍA ELECTRÓNICA,MASCULINO,NO,1,18
ÁNCASH,INGENIERÍA ELECTRÓNICA,MASCULINO,SI,1,17
JUNÍN,INGENIERÍA MECÁNICA,MASCULINO,NO,2,19
ÁNCASH,INGENIERÍA INDUSTRIAL,MASCULINO,NO,1,18
TACNA,INGENIERÍA ECONÓMICA,FEMENINO,NO,1,17
LIMA,INGENIERÍA ELÉCTRICA,MASCULINO,NO,1,18
LIMA,INGENIERÍA CIVIL,MASCULINO,NO,1,18
LIMA,INGENIERÍA DE SISTEMAS,MASCULINO,NO,2,19
LIMA,INGENIERÍA ELECTRÓNICA,MASCULINO,NO,3,19
LIMA,INGENIERÍA SANITARIA,MASCULINO,NO,1,18
AMAZONAS,INGENIERÍA CIVIL,FEMENINO,NO,2,18
LIMA,INGENIERÍA CIVIL,MASCULINO,NO,6,22
LIMA,INGENIERÍA QUÍMICA,FEMENINO,NO,10,27
LIMA,INGENIERÍA QUÍMICA,MASCULINO,NO,2,18
LIMA,INGENIERÍA ELÉCTRICA,MASCULINO,NO,2,18
LIMA,INGENIERÍA INDUSTRIAL,MASCULINO,NO,2,18
ICA,INGENIERÍA INDUSTRIAL,MASCULINO,NO,1,17
JUNÍN,INGENIERÍA NAVAL,MASCULINO,NO,5,21
LIMA,INGENIERÍA DE SISTEMAS,MASCULINO,NO,2,19
LIMA,INGENIERÍA DE SISTEMAS,MASCULINO,NO,1,18
PUNO,INGENIERÍA MECATRÓNICA,MASCULINO,NO,3,20
LIMA,INGENIERÍA ECONÓMICA,MASCULINO,NO,8,24
LIMA,ARQUITECTURA,MASCULINO,SI,3,19
LIMA,INGENIERÍA MECATRÓNICA,MASCULINO,NO,4,21
LIMA,INGENIERÍA CIVIL,MASCULINO,NO,2,18
LIMA,INGENIERÍA SANITARIA,MASCULINO,NO,6,22
LIMA,INGENIERÍA DE MINAS,MASCULINO,SI,2,18
LIMA,ARQUITECTURA,FEMENINO,NO,5,21
LIMA,ARQUITECTURA,MASCULINO,NO,2,19
LIMA,INGENIERÍA DE SISTEMAS,MASCULINO,NO,2,18
LIMA,INGENIERÍA DE SISTEMAS,MASCULINO,NO,1,17
LIMA,INGENIERÍA INDUSTRIAL,FEMENINO,NO,4,21
LAMBAYEQUE,INGENIERÍA MECATRÓNICA,MASCULINO,NO,5,21
HUANCAVELICA,INGENIERÍA CIVIL,MASCULINO,NO,2,19
CALLAO,INGENIERÍA MECATRÓNICA,FEMENINO,NO,1,18
LIMA,INGENIERÍA ECONÓMICA,FEMENINO,SI,6,23
LIMA,INGENIERÍA MECATRÓNICA,MASCULINO,NO,1,16
LIMA,INGENIERÍA DE SISTEMAS,MASCULINO,NO,2,18
LIMA,INGENIERÍA CIVIL,FEMENINO,NO,2,19
LIMA,INGENIERÍA CIVIL,MASCULINO,NO,4,21
LIMA,INGENIERÍA DE SISTEMAS,MASCULINO,NO,2,19
LIMA,INGENIERÍA INDUSTRIAL,MASCULINO,NO,1,18
CALLAO,INGENIERÍA NAVAL,MASCULINO,NO,2,18
LIMA,INGENIERÍA MECÁNICA-ELÉCTRICA,MASCULINO,SI,3,19
ICA,INGENIERÍA METALÚRGICA,MASCULINO,SI,2,18
LIMA,INGENIERÍA CIVIL,MASCULINO,NO,1,17
LIMA,INGENIERÍA INDUSTRIAL,FEMENINO,NO,1,17
LIMA,INGENIERÍA DE SISTEMAS,MASCULINO,NO,2,19
LIMA,INGENIERÍA MECATRÓNICA,MASCULINO,NO,1,17
LIMA,INGENIERÍA DE SISTEMAS,MASCULINO,NO,4,21
LIMA,INGENIERÍA INDUSTRIAL,MASCULINO,NO,3,19
HUÁNUCO,FÍSICA,MASCULINO,SI,4,20
LIMA,INGENIERÍA DE SISTEMAS,MASCULINO,NO,1,17
LIMA,INGENIERÍA MECATRÓNICA,MASCULINO,NO,2,18
LIMA,INGENIERÍA DE SISTEMAS,MASCULINO,NO,5,21
LIMA,INGENIERÍA DE SISTEMAS,MASCULINO,NO,2,18
LIMA,INGENIERÍA DE SISTEMAS,MASCULINO,NO,3,18
LIMA,FÍSICA,MASCULINO,NO,2,18
LIMA,ARQUITECTURA,MASCULINO,SI,4,21
LIMA,ARQUITECTURA,FEMENINO,NO,2,18
JUNIN,INGENIERÍA MECATRÓNICA,MASCULINO,NO,1,17
LIMA,INGENIERÍA QUÍMICA,MASCULINO,NO,2,18
LIMA,INGENIERÍA DE SISTEMAS,MASCULINO,NO,1,17
TACNA,INGENIERÍA MECÁNICA,MASCULINO,NO,1,17
LIMA,INGENIERÍA MECATRÓNICA,MASCULINO,NO,1,18
LIMA,INGENIERÍA MECATRÓNICA,MASCULINO,NO,1,17
LIMA,FÍSICA,MASCULINO,NO,1,17
LIMA,INGENIERÍA CIVIL,MASCULINO,NO,2,19
LIMA,INGENIERÍA QUÍMICA,FEMENINO,NO,1,17
LIMA,CIENCIA DE LA COMPUTACIÓN,MASCULINO,SI,5,21
LIMA,CIENCIA DE LA COMPUTACIÓN,MASCULINO,NO,4,21
CAJAMARCA,INGENIERÍA MECÁNICA-ELÉCTRICA,MASCULINO,NO,4,20
LIMA,INGENIERÍA CIVIL,MASCULINO,NO,1,18
LIMA,INGENIERÍA MECATRÓNICA,MASCULINO,NO,3,19
LIMA,INGENIERÍA MECÁNICA-ELÉCTRICA,MASCULINO,NO,3,20
LIMA,INGENIERÍA ECONÓMICA,MASCULINO,NO,4,20
LIMA,INGENIERÍA DE SISTEMAS,MASCULINO,SI,3,19
LA LIBERTAD,INGENIERÍA CIVIL,MASCULINO,NO,2,18
LIMA,INGENIERÍA PETROQUÍMICA,MASCULINO,NO,1,18
LIMA,INGENIERÍA DE SISTEMAS,MASCULINO,NO,2,18
LIMA,INGENIERÍA DE SISTEMAS,MASCULINO,NO,1,17
LIMA,INGENIERÍA CIVIL,FEMENINO,NO,2,18
LIMA,INGENIERÍA MECÁNICA,MASCULINO,NO,3,19
LIMA,ARQUITECTURA,FEMENINO,NO,3,20
LIMA,INGENIERÍA DE SISTEMAS,FEMENINO,NO,2,18
CALLAO,INGENIERÍA CIVIL,FEMENINO,NO,0,16
LIMA,INGENIERÍA CIVIL,FEMENINO,NO,2,18
LIMA,ARQUITECTURA,MASCULINO,NO,5,21
LIMA,INGENIERÍA INDUSTRIAL,MASCULINO,NO,1,17
LIMA,INGENIERÍA MECÁNICA-ELÉCTRICA,MASCULINO,SI,1,18
LIMA,INGENIERÍA DE SISTEMAS,MASCULINO,NO,3,20
LIMA,INGENIERÍA MECATRÓNICA,MASCULINO,NO,1,17
LIMA,INGENIERÍA DE MINAS,MASCULINO,NO,1,17
CAJAMARCA,INGENIERÍA INDUSTRIAL,FEMENINO,NO,1,18
LIMA,INGENIERÍA DE SISTEMAS,MASCULINO,NO,1,17
LIMA,ARQUITECTURA,MASCULINO,NO,6,22
LIMA,INGENIERÍA CIVIL,MASCULINO,NO,3,21
LA LIBERTAD,INGENIERÍA INDUSTRIAL,MASCULINO,NO,1,20
LIMA,INGENIERÍA CIVIL,MASCULINO,NO,1,17
LIMA,INGENIERÍA ELECTRÓNICA,MASCULINO,NO,3,19
LIMA,INGENIERÍA DE SISTEMAS,MASCULINO,NO,1,17
CALLAO,INGENIERÍA ECONÓMICA,FEMENINO,NO,2,18
LIMA,INGENIERÍA CIVIL,MASCULINO,NO,1,18
ICA,ARQUITECTURA,MASCULINO,NO,2,19
LIMA,INGENIERÍA DE SISTEMAS,MASCULINO,NO,1,17
HUANCAVELICA,INGENIERÍA DE MINAS,MASCULINO,NO,3,19
LIMA,INGENIERÍA ECONÓMICA,MASCULINO,NO,1,18
JUNIN,INGENIERÍA DE SISTEMAS,FEMENINO,NO,3,20
LIMA,INGENIERÍA DE MINAS,MASCULINO,NO,3,19
CALLAO,ARQUITECTURA,MASCULINO,NO,2,19
LIMA,INGENIERÍA CIVIL,MASCULINO,NO,7,24
LIMA,INGENIERÍA DE SISTEMAS,MASCULINO,NO,2,18
LIMA,ARQUITECTURA,MASCULINO,NO,3,20
LIMA,INGENIERÍA CIVIL,FEMENINO,NO,1,18
LIMA,INGENIERÍA DE SOFTWARE,MASCULINO,NO,2,19
LIMA,INGENIERÍA DE CIBERSEGURIDAD,FEMENINO,NO,2,18
LIMA,ARQUITECTURA,MASCULINO,NO,4,20
ANCASH,INGENIERÍA CIVIL,MASCULINO,NO,5,21
LIMA,INGENIERÍA CIVIL,MASCULINO,NO,3,19
LIMA,INGENIERÍA CIVIL,MASCULINO,NO,1,18
LIMA,INGENIERÍA ECONÓMICA,FEMENINO,NO,5,21
LIMA,ARQUITECTURA,FEMENINO,NO,2,18
HUÁNUCO,INGENIERÍA GEOLÓGICA,FEMENINO,NO,1,17
LIMA,INGENIERÍA INDUSTRIAL,FEMENINO,NO,4,20
LIMA,INGENIERÍA CIVIL,MASCULINO,NO,1,17
MADRE DE DIOS,INGENIERÍA CIVIL,MASCULINO,NO,3,19
JUNÍN,INGENIERÍA GEOLÓGICA,FEMENINO,NO,1,17
ÁNCASH,INGENIERÍA CIVIL,MASCULINO,NO,1,17
LIMA,INGENIERÍA CIVIL,FEMENINO,NO,4,20
LIMA,INGENIERÍA CIVIL,MASCULINO,NO,1,17
APURÍMAC,INGENIERÍA ELECTRÓNICA,MASCULINO,NO,1,17
LIMA,INGENIERÍA DE MINAS,MASCULINO,NO,2,18
LIMA,INGENIERÍA DE MINAS,MASCULINO,NO,2,18
LIMA,INGENIERÍA CIVIL,MASCULINO,NO,5,22
LIMA,INGENIERÍA QUÍMICA,FEMENINO,SI,2,18
LIMA,INGENIERÍA DE MINAS,MASCULINO,NO,4,21
LIMA,INGENIERÍA CIVIL,FEMENINO,NO,5,21
LIMA,INGENIERÍA ELECTRÓNICA,MASCULINO,NO,2,18
CALLAO,INGENIERÍA INDUSTRIAL,MASCULINO,NO,2,19
LIMA,INGENIERÍA MECATRÓNICA,MASCULINO,NO,5,21
LIMA,INGENIERÍA DE TELECOMUNICACIONES,MASCULINO,NO,5,22
LIMA,INGENIERÍA MECATRÓNICA,MASCULINO,NO,3,19
LIMA,INGENIERÍA DE TELECOMUNICACIONES,MASCULINO,NO,1,17
LIMA,INGENIERÍA DE SISTEMAS,MASCULINO,NO,2,18
LIMA,ARQUITECTURA,FEMENINO,NO,2,18
LIMA,INGENIERÍA DE SISTEMAS,MASCULINO,NO,4,21
LIMA,INGENIERÍA DE SISTEMAS,MASCULINO,NO,2,18
AYACUCHO,INGENIERÍA DE SISTEMAS,MASCULINO,NO,2,18
LIMA,INGENIERÍA QUÍMICA,MASCULINO,NO,1,18
LIMA,ARQUITECTURA,MASCULINO,NO,1,17
LIMA,MATEMÁTICA,MASCULINO,SI,9,25
LIMA,INGENIERÍA DE SISTEMAS,MASCULINO,NO,1,17
LIMA,INGENIERÍA ECONÓMICA,FEMENINO,NO,2,19
AYACUCHO,INGENIERÍA ELÉCTRICA,MASCULINO,NO,4,20
LIMA,INGENIERÍA NAVAL,MASCULINO,NO,3,19
LIMA,INGENIERÍA ELÉCTRICA,MASCULINO,SI,4,20
TUMBES,INGENIERÍA ECONÓMICA,MASCULINO,SI,3,19
LIMA,INGENIERÍA DE SISTEMAS,MASCULINO,NO,10,26
LIMA,INGENIERÍA DE SISTEMAS,MASCULINO,NO,4,21
LIMA,INGENIERÍA INDUSTRIAL,MASCULINO,NO,3,20
LIMA,INGENIERÍA MECATRÓNICA,MASCULINO,NO,1,17
LIMA,INGENIERÍA CIVIL,MASCULINO,SI,1,17
LIMA,INGENIERÍA DE SISTEMAS,MASCULINO,SI,2,19
LIMA,ARQUITECTURA,FEMENINO,SI,5,22
ÁNCASH,INGENIERÍA DE SISTEMAS,MASCULINO,NO,2,18
LIMA,INGENIERÍA CIVIL,FEMENINO,NO,4,20
ÁNCASH,ARQUITECTURA,MASCULINO,NO,2,19
LIMA,INGENIERÍA CIVIL,MASCULINO,NO,1,17
LIMA,ARQUITECTURA,FEMENINO,NO,1,17
APURÍMAC,CIENCIA DE LA COMPUTACIÓN,MASCULINO,NO,2,18
HUÁNUCO,INGENIERÍA DE SISTEMAS,MASCULINO,NO,2,18
LIMA,INGENIERÍA MECÁNICA,MASCULINO,NO,2,18
LIMA,INGENIERÍA CIVIL,MASCULINO,NO,2,19
LIMA,INGENIERÍA CIVIL,MASCULINO,NO,2,19
HUÁNUCO,INGENIERÍA GEOLÓGICA,MASCULINO,SI,1,17
LIMA,INGENIERÍA CIVIL,MASCULINO,NO,2,18
LAMBAYEQUE,INGENIERÍA MECÁNICA-ELÉCTRICA,MASCULINO,NO,5,21
LIMA,INGENIERÍA DE SISTEMAS,MASCULINO,NO,1,17
LIMA,INGENIERÍA CIVIL,MASCULINO,NO,1,18
LIMA,ARQUITECTURA,FEMENINO,NO,3,19
ICA,ARQUITECTURA,MASCULINO,NO,1,18
LIMA,INGENIERÍA CIVIL,MASCULINO,NO,3,20
LIMA,INGENIERÍA ECONÓMICA,MASCULINO,NO,2,19
LIMA,INGENIERÍA CIVIL,FEMENINO,NO,3,19
LIMA,INGENIERÍA INDUSTRIAL,MASCULINO,NO,1,18
LIMA,INGENIERÍA ELÉCTRICA,MASCULINO,NO,3,20
LIMA,INGENIERÍA CIVIL,MASCULINO,NO,3,19
LIMA,INGENIERÍA DE SISTEMAS,MASCULINO,NO,3,20
LIMA,ARQUITECTURA,FEMENINO,NO,2,18
LIMA,INGENIERÍA MECATRÓNICA,MASCULINO,NO,1,18
LIMA,CIENCIA DE LA COMPUTACIÓN,MASCULINO,SI,3,19
LIMA,INGENIERÍA MECÁNICA-ELÉCTRICA,MASCULINO,NO,4,20
LIMA,INGENIERÍA DE MINAS,MASCULINO,SI,1,17
LIMA,INGENIERÍA INDUSTRIAL,MASCULINO,NO,1,17
LIMA,INGENIERÍA MECÁNICA,MASCULINO,NO,2,18
JUNÍN,INGENIERÍA DE TELECOMUNICACIONES,MASCULINO,SI,1,17
LIMA,ARQUITECTURA,MASCULINO,NO,1,17
LIMA,INGENIERÍA INDUSTRIAL,FEMENINO,SI,1,17
LIMA,INGENIERÍA QUÍMICA,MASCULINO,NO,4,20
AMAZONAS,INGENIERÍA DE SISTEMAS,MASCULINO,NO,2,18
LIMA,QUÍMICA,MASCULINO,SI,4,20
LIMA,ARQUITECTURA,MASCULINO,NO,1,17
LIMA,INGENIERÍA CIVIL,MASCULINO,NO,2,18
LIMA,INGENIERÍA SANITARIA,MASCULINO,SI,5,23
ÁNCASH,INGENIERÍA ELÉCTRICA,MASCULINO,NO,2,18
ÁNCASH,INGENIERÍA DE SISTEMAS,FEMENINO,NO,1,18
LIMA,INGENIERÍA INDUSTRIAL,MASCULINO,NO,7,23
AYACUCHO,INGENIERÍA CIVIL,MASCULINO,SI,4,20
LIMA,INGENIERÍA ELÉCTRICA,MASCULINO,SI,5,21
LIMA,INGENIERÍA ECONÓMICA,MASCULINO,NO,5,20
LIMA,ARQUITECTURA,MASCULINO,NO,3,19
LIMA,INGENIERÍA MECATRÓNICA,MASCULINO,NO,3,20
LIMA,INGENIERÍA ELÉCTRICA,MASCULINO,NO,3,19
LIMA,INGENIERÍA MECÁNICA-ELÉCTRICA,MASCULINO,NO,4,20
LIMA,INGENIERÍA CIVIL,MASCULINO,NO,5,22
LIMA,INGENIERÍA ELECTRÓNICA,MASCULINO,NO,4,20
AREQUIPA,INGENIERÍA QUÍMICA,FEMENINO,NO,1,18
LIMA,INGENIERÍA MECATRÓNICA,MASCULINO,NO,1,17
JUNÍN,INGENIERÍA ECONÓMICA,MASCULINO,NO,4,21
LIMA,INGENIERÍA DE SISTEMAS,MASCULINO,NO,3,19
LIMA,INGENIERÍA MECÁNICA,MASCULINO,SI,2,19
LIMA,INGENIERÍA INDUSTRIAL,FEMENINO,NO,3,19
LIMA,QUÍMICA,FEMENINO,NO,1,18
LIMA,INGENIERÍA INDUSTRIAL,MASCULINO,NO,1,17
LIMA,INGENIERÍA DE SISTEMAS,MASCULINO,NO,2,19
LIMA,INGENIERÍA INDUSTRIAL,MASCULINO,NO,1,17
ICA,INGENIERÍA DE SISTEMAS,MASCULINO,NO,2,18
LIMA,INGENIERÍA PETROQUÍMICA,FEMENINO,NO,6,22
AYACUCHO,INGENIERÍA CIVIL,MASCULINO,NO,3,18
LIMA,INGENIERÍA CIVIL,MASCULINO,NO,1,17
LIMA,INGENIERÍA QUÍMICA,FEMENINO,NO,4,20
LIMA,INGENIERÍA INDUSTRIAL,MASCULINO,NO,3,20
PUNO,INGENIERÍA MECATRÓNICA,MASCULINO,NO,3,19
JUNÍN,INGENIERÍA CIVIL,MASCULINO,NO,2,19
APURÍMAC,INGENIERÍA CIVIL,MASCULINO,NO,3,19
LIMA,ARQUITECTURA,FEMENINO,NO,6,23
LIMA,INGENIERÍA GEOLÓGICA,MASCULINO,NO,3,19
CALLAO,INGENIERÍA DE HIGIENE Y SEGURIDAD INDUSTRIAL,MASCULINO,NO,6,22
LIMA,INGENIERÍA INDUSTRIAL,MASCULINO,NO,7,22
LIMA,MATEMÁTICA,MASCULINO,NO,2,18
ÁNCASH,INGENIERÍA CIVIL,MASCULINO,NO,2,18
LIMA,INGENIERÍA DE SISTEMAS,MASCULINO,NO,1,17
LIMA,INGENIERÍA AMBIENTAL,MASCULINO,NO,2,20
LIMA,INGENIERÍA MECÁNICA,MASCULINO,NO,4,20
LIMA,INGENIERÍA MECATRÓNICA,FEMENINO,NO,1,18
UCAYALI,INGENIERÍA AMBIENTAL,FEMENINO,NO,2,19
LIMA,INGENIERÍA ELÉCTRICA,MASCULINO,NO,6,25
CALLAO,INGENIERÍA ELECTRÓNICA,MASCULINO,NO,2,19
LIMA,INGENIERÍA DE SISTEMAS,MASCULINO,NO,2,19
LIMA,INGENIERÍA INDUSTRIAL,MASCULINO,NO,1,18
LIMA,CIENCIA DE LA COMPUTACIÓN,MASCULINO,SI,6,22
LIMA,INGENIERÍA CIVIL,MASCULINO,NO,23,40
LIMA,INGENIERÍA CIVIL,MASCULINO,NO,3,20
AYACUCHO,INGENIERÍA MECATRÓNICA,FEMENINO,NO,1,17
LAMBAYEQUE,FÍSICA,MASCULINO,NO,2,18
JUNIN,INGENIERÍA CIVIL,MASCULINO,NO,5,21
LIMA,INGENIERÍA ELÉCTRICA,MASCULINO,NO,2,18
LIMA,ARQUITECTURA,FEMENINO,NO,2,19
CUSCO,INGENIERÍA MECATRÓNICA,MASCULINO,SI,3,19
LIMA,INGENIERÍA CIVIL,MASCULINO,NO,2,19
PIURA,INGENIERÍA CIVIL,MASCULINO,NO,3,20
LIMA,INGENIERÍA ELECTRÓNICA,MASCULINO,NO,3,20
LIMA,INGENIERÍA INDUSTRIAL,MASCULINO,NO,1,18
LIMA,CIENCIA DE LA COMPUTACIÓN,MASCULINO,SI,4,20
LIMA,INGENIERÍA CIVIL,MASCULINO,NO,1,17
PUNO,INGENIERÍA ECONÓMICA,MASCULINO,SI,1,18
LIMA,INGENIERÍA DE SISTEMAS,MASCULINO,NO,4,20
ÁNCASH,INGENIERÍA CIVIL,MASCULINO,NO,1,17
LIMA,INGENIERÍA DE MINAS,MASCULINO,NO,3,19
LIMA,INGENIERÍA DE SISTEMAS,MASCULINO,NO,1,17
JUNÍN,INGENIERÍA AMBIENTAL,FEMENINO,NO,2,18
LIMA,INGENIERÍA MECATRÓNICA,MASCULINO,NO,3,20
LIMA,INGENIERÍA INDUSTRIAL,MASCULINO,SI,2,18
LIMA,INGENIERÍA CIVIL,MASCULINO,NO,2,18
LIMA,INGENIERÍA INDUSTRIAL,MASCULINO,SI,2,18
LIMA,INGENIERÍA QUÍMICA,FEMENINO,SI,1,18
CALLAO,INGENIERÍA INDUSTRIAL,MASCULINO,NO,1,17
LIMA,INGENIERÍA ELÉCTRICA,MASCULINO,NO,1,17
LIMA,INGENIERÍA MECATRÓNICA,MASCULINO,NO,2,18
LIMA,INGENIERÍA MECATRÓNICA,MASCULINO,NO,3,19
LIMA,ARQUITECTURA,MASCULINO,NO,2,18
LIMA,INGENIERÍA MECÁNICA,MASCULINO,NO,4,20
ICA,INGENIERÍA DE SISTEMAS,MASCULINO,NO,1,18
LIMA,INGENIERÍA ELÉCTRICA,MASCULINO,NO,2,18
LIMA,INGENIERÍA ECONÓMICA,MASCULINO,NO,2,19
LIMA,INGENIERÍA ECONÓMICA,FEMENINO,NO,2,19
LIMA,INGENIERÍA CIVIL,MASCULINO,NO,1,17
AREQUIPA,INGENIERÍA MECATRÓNICA,MASCULINO,NO,1,17
CALLAO,INGENIERÍA DE SISTEMAS,MASCULINO,NO,2,18
LIMA,INGENIERÍA ESTADÍSTICA,MASCULINO,SI,5,21
JUNÍN,INGENIERÍA DE SISTEMAS,MASCULINO,NO,1,18
LIMA,INGENIERÍA ELECTRÓNICA,MASCULINO,NO,4,20
LIMA,ARQUITECTURA,FEMENINO,NO,3,19
LIMA,INGENIERÍA DE CIBERSEGURIDAD,FEMENINO,NO,3,20
CALLAO,INGENIERÍA CIVIL,MASCULINO,NO,5,21
LIMA,INGENIERÍA CIVIL,MASCULINO,NO,2,18
LIMA,INGENIERÍA DE MINAS,MASCULINO,NO,1,17
LIMA,INGENIERÍA INDUSTRIAL,MASCULINO,NO,3,19
LIMA,INGENIERÍA ELECTRÓNICA,FEMENINO,NO,2,19
LIMA,INGENIERÍA DE SISTEMAS,MASCULINO,NO,2,19
ANCASH,ARQUITECTURA,FEMENINO,NO,2,18
LIMA,INGENIERÍA ELECTRÓNICA,MASCULINO,NO,2,19
ICA,INGENIERÍA ECONÓMICA,FEMENINO,NO,2,19
CALLAO,INGENIERÍA QUÍMICA,FEMENINO,NO,2,18
LIMA,ARQUITECTURA,FEMENINO,NO,3,19
LIMA,INGENIERÍA QUÍMICA,FEMENINO,NO,4,21
LIMA,INGENIERÍA CIVIL,MASCULINO,NO,2,18
LIMA,INGENIERÍA DE CIBERSEGURIDAD,MASCULINO,NO,2,19
LIMA,INGENIERÍA CIVIL,FEMENINO,NO,3,20
CALLAO,INGENIERÍA ELÉCTRICA,MASCULINO,NO,3,20
LIMA,INGENIERÍA INDUSTRIAL,MASCULINO,NO,1,18
LIMA,INGENIERÍA INDUSTRIAL,MASCULINO,NO,3,21
LIMA,INGENIERÍA DE CIBERSEGURIDAD,MASCULINO,NO,2,19
LIMA,INGENIERÍA GEOLÓGICA,MASCULINO,SI,6,23
LIMA,INGENIERÍA DE CIBERSEGURIDAD,MASCULINO,NO,3,20
LIMA,INGENIERÍA DE SISTEMAS,MASCULINO,NO,3,19
LIMA,INGENIERÍA ELÉCTRICA,MASCULINO,NO,4,20
LIMA,INGENIERÍA QUÍMICA,MASCULINO,NO,5,21
LIMA,INGENIERÍA GEOLÓGICA,FEMENINO,SI,2,18
CAJAMARCA,INGENIERÍA ESTADÍSTICA,MASCULINO,NO,4,20
LIMA,INGENIERÍA DE MINAS,MASCULINO,NO,3,20
LIMA,INGENIERÍA ELECTRÓNICA,MASCULINO,NO,5,22
LIMA,INGENIERÍA DE SISTEMAS,MASCULINO,NO,4,20
LIMA,INGENIERÍA DE MINAS,MASCULINO,SI,3,20
LIMA,CIENCIA DE LA COMPUTACIÓN,MASCULINO,SI,1,17
LIMA,INGENIERÍA MECATRÓNICA,MASCULINO,NO,1,17
LIMA,INGENIERÍA MECATRÓNICA,MASCULINO,NO,2,19
LIMA,INGENIERÍA CIVIL,MASCULINO,NO,1,18
LIMA,INGENIERÍA QUÍMICA,MASCULINO,NO,2,18
LIMA,INGENIERÍA DE SOFTWARE,MASCULINO,NO,2,18
LIMA,INGENIERÍA QUÍMICA,FEMENINO,SI,2,18
LAMBAYEQUE,INGENIERÍA DE SISTEMAS,MASCULINO,NO,1,17
LIMA,INGENIERÍA MECATRÓNICA,MASCULINO,SI,1,17
LIMA,ARQUITECTURA,FEMENINO,NO,2,18
LIMA,INGENIERÍA MECATRÓNICA,MASCULINO,NO,2,18
LIMA,INGENIERÍA DE SISTEMAS,MASCULINO,NO,2,18
LIMA,INGENIERÍA ESTADÍSTICA,MASCULINO,NO,4,21
LIMA,INGENIERÍA INDUSTRIAL,FEMENINO,NO,4,21
LIMA,INGENIERÍA DE MINAS,MASCULINO,NO,2,18
LIMA,INGENIERÍA CIVIL,MASCULINO,NO,4,21
CALLAO,INGENIERÍA DE SISTEMAS,MASCULINO,NO,3,20
HUANUCO,INGENIERÍA MECATRÓNICA,MASCULINO,NO,2,19
LIMA,INGENIERÍA PETROQUÍMICA,MASCULINO,NO,3,19
LIMA,INGENIERÍA INDUSTRIAL,FEMENINO,NO,3,20
LIMA,INGENIERÍA MECATRÓNICA,MASCULINO,NO,4,20
LIMA,INGENIERÍA CIVIL,FEMENINO,NO,4,20
LIMA,INGENIERÍA ELÉCTRICA,MASCULINO,NO,2,18
LIMA,INGENIERÍA CIVIL,MASCULINO,SI,1,17
AYACUCHO,INGENIERÍA AMBIENTAL,MASCULINO,NO,1,17
ANCASH,INGENIERÍA MECATRÓNICA,MASCULINO,NO,3,19
LIMA,INGENIERÍA CIVIL,MASCULINO,SI,2,18
LIMA,INGENIERÍA MECATRÓNICA,MASCULINO,SI,3,18
LIMA,ARQUITECTURA,MASCULINO,NO,6,22
LIMA,INGENIERÍA DE SOFTWARE,MASCULINO,SI,2,19
LIMA,INGENIERÍA MECÁNICA-ELÉCTRICA,MASCULINO,NO,2,18
LIMA,INGENIERÍA CIVIL,MASCULINO,NO,3,20
LIMA,INGENIERÍA INDUSTRIAL,MASCULINO,NO,1,18
LAMBAYEQUE,INGENIERÍA MECATRÓNICA,MASCULINO,NO,2,18
JUNIN,INGENIERÍA DE SISTEMAS,FEMENINO,SI,3,19
LIMA,INGENIERÍA INDUSTRIAL,FEMENINO,NO,2,18
LIMA,MATEMÁTICA,MASCULINO,NO,2,19
LIMA,INGENIERÍA DE SISTEMAS,MASCULINO,NO,1,17
LIMA,ARQUITECTURA,FEMENINO,NO,1,17
CAJAMARCA,FÍSICA,MASCULINO,NO,2,18
LIMA,INGENIERÍA CIVIL,MASCULINO,NO,12,27
CALLAO,INGENIERÍA DE SISTEMAS,MASCULINO,NO,1,17
LIMA,INGENIERÍA MECATRÓNICA,MASCULINO,NO,1,18
LIMA,INGENIERÍA SANITARIA,MASCULINO,NO,1,18
ÁNCASH,INGENIERÍA DE TELECOMUNICACIONES,MASCULINO,SI,1,17
LIMA,INGENIERÍA MECÁNICA-ELÉCTRICA,MASCULINO,SI,1,17
ÁNCASH,INGENIERÍA AMBIENTAL,MASCULINO,NO,4,21
LIMA,INGENIERÍA ESTADÍSTICA,MASCULINO,NO,1,17
LIMA,ARQUITECTURA,MASCULINO,NO,1,17
LIMA,ARQUITECTURA,FEMENINO,NO,3,18
LIMA,INGENIERÍA CIVIL,MASCULINO,NO,1,17
LIMA,INGENIERÍA ECONÓMICA,MASCULINO,NO,5,20
LIMA,INGENIERÍA MECATRÓNICA,MASCULINO,NO,3,18
LIMA,INGENIERÍA CIVIL,MASCULINO,NO,18,35
ÁNCASH,INGENIERÍA MECÁNICA,FEMENINO,NO,6,22
LIMA,INGENIERÍA SANITARIA,MASCULINO,SI,3,20
LIMA,INGENIERÍA MECATRÓNICA,MASCULINO,NO,5,21
LIMA,INGENIERÍA INDUSTRIAL,MASCULINO,NO,1,17
SAN MARTÍN,INGENIERÍA CIVIL,MASCULINO,NO,1,17
LIMA,INGENIERÍA CIVIL,MASCULINO,SI,5,21
CALLAO,INGENIERÍA ECONÓMICA,MASCULINO,SI,5,22
HUÁNUCO,INGENIERÍA CIVIL,MASCULINO,NO,1,17
LIMA,INGENIERÍA SANITARIA,MASCULINO,SI,2,19
LIMA,INGENIERÍA DE SISTEMAS,MASCULINO,NO,2,18
LIMA,INGENIERÍA DE SISTEMAS,FEMENINO,NO,2,18
LAMBAYEQUE,INGENIERÍA CIVIL,MASCULINO,NO,1,17
LAMBAYEQUE,INGENIERÍA INDUSTRIAL,MASCULINO,SI,4,20
LIMA,INGENIERÍA CIVIL,MASCULINO,NO,1,18
ANCASH,INGENIERÍA MECÁNICA,MASCULINO,NO,2,18
LIMA,INGENIERÍA DE SOFTWARE,MASCULINO,NO,2,19
LIMA,INGENIERÍA MECATRÓNICA,MASCULINO,NO,1,17
SAN MARTIN,INGENIERÍA METALÚRGICA,FEMENINO,NO,3,20
LIMA,INGENIERÍA CIVIL,MASCULINO,NO,5,22
LIMA,INGENIERÍA CIVIL,MASCULINO,NO,3,20
LIMA,ARQUITECTURA,FEMENINO,NO,4,20
UCAYALI,INGENIERÍA MECÁNICA-ELÉCTRICA,MASCULINO,NO,1,17
LIMA,INGENIERÍA DE CIBERSEGURIDAD,MASCULINO,SI,4,21
LIMA,MATEMÁTICA,MASCULINO,NO,5,22
LIMA,INGENIERÍA CIVIL,MASCULINO,NO,1,18
LIMA,INGENIERÍA ECONÓMICA,MASCULINO,NO,1,19
LIMA,INGENIERÍA DE SISTEMAS,MASCULINO,NO,2,18
AMAZONAS,ARQUITECTURA,MASCULINO,NO,4,21
LIMA,INGENIERÍA INDUSTRIAL,MASCULINO,SI,1,17
CAJAMARCA,INGENIERÍA DE PETRÓLEO Y GAS NATURAL,MASCULINO,NO,2,18
LIMA,INGENIERÍA DE CIBERSEGURIDAD,MASCULINO,NO,3,19
LIMA,INGENIERÍA ELÉCTRICA,MASCULINO,NO,3,20
LIMA,INGENIERÍA DE SISTEMAS,MASCULINO,SI,4,20
LIMA,MATEMÁTICA,MASCULINO,SI,2,19
LIMA,INGENIERÍA MECATRÓNICA,MASCULINO,NO,2,19
LIMA,INGENIERÍA DE SOFTWARE,MASCULINO,NO,3,20
LIMA,ARQUITECTURA,FEMENINO,NO,4,20
LIMA,INGENIERÍA DE SISTEMAS,MASCULINO,NO,2,18
LIMA,ARQUITECTURA,FEMENINO,NO,3,20
LIMA,INGENIERÍA CIVIL,MASCULINO,NO,1,18
LIMA,INGENIERÍA MECÁNICA,MASCULINO,NO,5,22
LIMA,ARQUITECTURA,FEMENINO,NO,2,18
LIMA,INGENIERÍA GEOLÓGICA,FEMENINO,NO,1,17
LIMA,ARQUITECTURA,FEMENINO,NO,3,19
LIMA,INGENIERÍA SANITARIA,MASCULINO,NO,4,21
LIMA,MATEMÁTICA,MASCULINO,NO,2,19
LIMA,INGENIERÍA DE TELECOMUNICACIONES,MASCULINO,NO,8,24
LIMA,INGENIERÍA MECÁNICA-ELÉCTRICA,MASCULINO,NO,3,20
LIMA,INGENIERÍA CIVIL,MASCULINO,NO,3,20
LIMA,INGENIERÍA CIVIL,FEMENINO,NO,1,17
LIMA,INGENIERÍA ECONÓMICA,MASCULINO,NO,2,19
LIMA,INGENIERÍA INDUSTRIAL,MASCULINO,NO,3,20
LIMA,INGENIERÍA ECONÓMICA,MASCULINO,SI,2,19
LIMA,INGENIERÍA MECÁNICA-ELÉCTRICA,MASCULINO,NO,3,20
HUANUCO,INGENIERÍA ECONÓMICA,MASCULINO,SI,1,17
LIMA,INGENIERÍA DE SISTEMAS,MASCULINO,NO,3,20
LIMA,INGENIERÍA DE MINAS,MASCULINO,NO,2,18
LIMA,INGENIERÍA ELECTRÓNICA,MASCULINO,SI,1,18
LIMA,INGENIERÍA DE MINAS,FEMENINO,NO,2,18
LIMA,INGENIERÍA CIVIL,MASCULINO,NO,2,18
LIMA,INGENIERÍA CIVIL,MASCULINO,NO,5,21
UCAYALI,INGENIERÍA MECATRÓNICA,FEMENINO,NO,1,18
JUNIN,INGENIERÍA CIVIL,MASCULINO,NO,1,18
LIMA,INGENIERÍA QUÍMICA,MASCULINO,NO,2,18
LIMA,INGENIERÍA MECATRÓNICA,MASCULINO,NO,3,19
ICA,INGENIERÍA CIVIL,FEMENINO,NO,1,18
LIMA,INGENIERÍA MECÁNICA,MASCULINO,NO,1,17
LIMA,INGENIERÍA ELECTRÓNICA,MASCULINO,NO,2,18
LIMA,INGENIERÍA ECONÓMICA,MASCULINO,NO,5,23
LIMA,INGENIERÍA CIVIL,MASCULINO,NO,3,20
CALLAO,INGENIERÍA DE MINAS,MASCULINO,NO,1,17
HUANCAVELICA,INGENIERÍA DE SISTEMAS,MASCULINO,NO,3,20
LIMA,INGENIERÍA INDUSTRIAL,MASCULINO,SI,1,18
LIMA,INGENIERÍA MECATRÓNICA,MASCULINO,NO,1,17
LIMA,INGENIERÍA DE CIBERSEGURIDAD,MASCULINO,NO,2,18
LA LIBERTAD,INGENIERÍA ELÉCTRICA,MASCULINO,NO,1,17
LIMA,INGENIERÍA ELÉCTRICA,MASCULINO,NO,2,19
LIMA,ARQUITECTURA,MASCULINO,NO,3,20
ANCASH,ARQUITECTURA,MASCULINO,NO,1,18
LIMA,INGENIERÍA INDUSTRIAL,FEMENINO,NO,1,17
CUSCO,INGENIERÍA CIVIL,MASCULINO,NO,2,18
LIMA,INGENIERÍA CIVIL,MASCULINO,NO,2,18
LIMA,INGENIERÍA CIVIL,MASCULINO,NO,2,18
LIMA,INGENIERÍA MECATRÓNICA,MASCULINO,NO,2,18
LIMA,ARQUITECTURA,FEMENINO,NO,3,19
LIMA,INGENIERÍA CIVIL,MASCULINO,NO,2,19
LIMA,ARQUITECTURA,FEMENINO,NO,3,19
LIMA,INGENIERÍA DE SISTEMAS,MASCULINO,NO,2,18
LIMA,ARQUITECTURA,FEMENINO,NO,2,19
LIMA,INGENIERÍA GEOLÓGICA,FEMENINO,NO,3,19
LIMA,INGENIERÍA DE MINAS,MASCULINO,NO,2,18
LIMA,INGENIERÍA ECONÓMICA,MASCULINO,NO,1,17
CALLAO,INGENIERÍA INDUSTRIAL,MASCULINO,NO,2,18
AMAZONAS,INGENIERÍA DE MINAS,MASCULINO,NO,2,19
LIMA,INGENIERÍA ELECTRÓNICA,MASCULINO,NO,2,18
LIMA,INGENIERÍA DE SISTEMAS,MASCULINO,NO,3,19
LIMA,INGENIERÍA ELÉCTRICA,MASCULINO,NO,3,20
LIMA,INGENIERÍA DE SISTEMAS,MASCULINO,NO,2,18
LIMA,INGENIERÍA ECONÓMICA,MASCULINO,NO,2,19
LIMA,INGENIERÍA CIVIL,MASCULINO,NO,4,19
LIMA,INGENIERÍA NAVAL,MASCULINO,NO,2,19
LIMA,INGENIERÍA DE SISTEMAS,FEMENINO,NO,3,19
LIMA,INGENIERÍA CIVIL,MASCULINO,NO,1,17
LIMA,INGENIERÍA DE SISTEMAS,MASCULINO,NO,3,19
JUNIN,ARQUITECTURA,MASCULINO,NO,2,18
LIMA,INGENIERÍA ECONÓMICA,FEMENINO,SI,4,20
LIMA,ARQUITECTURA,FEMENINO,NO,1,18
LIMA,INGENIERÍA MECÁNICA,MASCULINO,NO,2,19
CALLAO,INGENIERÍA MECÁNICA,MASCULINO,NO,1,17
LIMA,INGENIERÍA CIVIL,MASCULINO,NO,2,18
LIMA,INGENIERÍA DE TELECOMUNICACIONES,MASCULINO,SI,4,19
LIMA,INGENIERÍA CIVIL,MASCULINO,NO,1,17
LIMA,INGENIERÍA MECÁNICA,FEMENINO,NO,7,23
LIMA,INGENIERÍA MECATRÓNICA,MASCULINO,SI,3,18
CAJAMARCA,INGENIERÍA CIVIL,MASCULINO,NO,2,18
LIMA,INGENIERÍA ELECTRÓNICA,FEMENINO,SI,2,18
LIMA,INGENIERÍA CIVIL,MASCULINO,NO,1,17
LIMA,INGENIERÍA DE SISTEMAS,MASCULINO,NO,2,19
LIMA,INGENIERÍA ESTADÍSTICA,MASCULINO,NO,3,20
LIMA,INGENIERÍA CIVIL,MASCULINO,NO,2,18
JUNIN,INGENIERÍA AMBIENTAL,FEMENINO,SI,1,17
HUANUCO,INGENIERÍA ELECTRÓNICA,MASCULINO,NO,3,19
CALLAO,INGENIERÍA ELECTRÓNICA,MASCULINO,NO,1,17
LIMA,INGENIERÍA DE CIBERSEGURIDAD,MASCULINO,NO,3,18
LIMA,INGENIERÍA MECATRÓNICA,MASCULINO,NO,2,18
CAJAMARCA,INGENIERÍA CIVIL,FEMENINO,NO,1,17
JUNÍN,INGENIERÍA MECATRÓNICA,MASCULINO,NO,2,18
PUNO,INGENIERÍA ECONÓMICA,MASCULINO,NO,1,18
LIMA,INGENIERÍA CIVIL,FEMENINO,NO,2,19
TACNA,INGENIERÍA CIVIL,MASCULINO,NO,1,18
LIMA,INGENIERÍA DE SISTEMAS,MASCULINO,NO,3,19
LIMA,INGENIERÍA INDUSTRIAL,MASCULINO,NO,1,17
LIMA,INGENIERÍA ELECTRÓNICA,MASCULINO,SI,3,19
LIMA,INGENIERÍA INDUSTRIAL,FEMENINO,NO,2,19
LIMA,INGENIERÍA INDUSTRIAL,MASCULINO,NO,1,17
LIMA,INGENIERÍA DE SISTEMAS,MASCULINO,NO,2,19
JUNÍN,INGENIERÍA DE SISTEMAS,MASCULINO,NO,1,18
LIMA,INGENIERÍA CIVIL,FEMENINO,NO,1,17
APURÍMAC,INGENIERÍA MECATRÓNICA,MASCULINO,NO,2,19
LIMA,INGENIERÍA DE SISTEMAS,MASCULINO,NO,2,18
LIMA,INGENIERÍA ESTADÍSTICA,FEMENINO,NO,3,19
LIMA,ARQUITECTURA,FEMENINO,NO,2,19
LIMA,ARQUITECTURA,FEMENINO,NO,11,27
PIURA,INGENIERÍA ELÉCTRICA,MASCULINO,SI,1,17
LIMA,INGENIERÍA MECÁNICA,MASCULINO,NO,2,18
LIMA,INGENIERÍA DE TELECOMUNICACIONES,MASCULINO,NO,4,20
LIMA,INGENIERÍA ELÉCTRICA,MASCULINO,NO,4,20
CAJAMARCA,INGENIERÍA CIVIL,MASCULINO,NO,8,25
LIMA,INGENIERÍA ECONÓMICA,MASCULINO,NO,1,18
PUNO,INGENIERÍA FÍSICA,MASCULINO,NO,1,17
LIMA,INGENIERÍA DE TELECOMUNICACIONES,MASCULINO,NO,1,17
AYACUCHO,INGENIERÍA CIVIL,MASCULINO,NO,1,17
JUNÍN,INGENIERÍA DE PETRÓLEO Y GAS NATURAL,FEMENINO,NO,4,20
LIMA,INGENIERÍA CIVIL,FEMENINO,NO,3,19
LIMA,INGENIERÍA DE SISTEMAS,MASCULINO,NO,1,17
LIMA,INGENIERÍA FÍSICA,MASCULINO,NO,1,18
LIMA,INGENIERÍA MECATRÓNICA,MASCULINO,SI,1,18
CALLAO,INGENIERÍA ELECTRÓNICA,MASCULINO,NO,1,17
LIMA,INGENIERÍA DE TELECOMUNICACIONES,MASCULINO,NO,3,20
LIMA,INGENIERÍA DE SISTEMAS,MASCULINO,NO,1,17
LIMA,ARQUITECTURA,FEMENINO,NO,4,20
LIMA,INGENIERÍA DE MINAS,MASCULINO,NO,1,17
LIMA,INGENIERÍA CIVIL,MASCULINO,NO,1,17
CALLAO,INGENIERÍA DE MINAS,MASCULINO,NO,2,19
LIMA,INGENIERÍA INDUSTRIAL,MASCULINO,NO,2,18
LIMA,INGENIERÍA DE SISTEMAS,MASCULINO,NO,3,19
LIMA,INGENIERÍA DE SISTEMAS,MASCULINO,NO,2,19
LIMA,INGENIERÍA MECATRÓNICA,FEMENINO,NO,5,22
LIMA,INGENIERÍA CIVIL,MASCULINO,NO,2,19
LIMA,INGENIERÍA DE CIBERSEGURIDAD,MASCULINO,NO,4,20
LIMA,INGENIERÍA DE MINAS,MASCULINO,NO,2,19
LIMA,INGENIERÍA QUÍMICA,FEMENINO,NO,2,18
CALLAO,INGENIERÍA AMBIENTAL,FEMENINO,NO,2,18
LIMA,INGENIERÍA DE MINAS,MASCULINO,NO,3,19
LIMA,INGENIERÍA DE HIGIENE Y SEGURIDAD INDUSTRIAL,FEMENINO,NO,7,23
LIMA,INGENIERÍA CIVIL,MASCULINO,NO,11,27
CALLAO,ARQUITECTURA,MASCULINO,NO,4,21
CALLAO,INGENIERÍA CIVIL,MASCULINO,NO,2,19
LIMA,INGENIERÍA ELÉCTRICA,MASCULINO,NO,1,18
LIMA,ARQUITECTURA,FEMENINO,NO,1,17
JUNÍN,INGENIERÍA NAVAL,MASCULINO,NO,4,20
JUNÍN,INGENIERÍA DE SISTEMAS,MASCULINO,NO,2,18
LIMA,INGENIERÍA CIVIL,MASCULINO,NO,3,20
LIMA,INGENIERÍA CIVIL,FEMENINO,NO,3,19
LIMA,INGENIERÍA CIVIL,MASCULINO,NO,3,19
ÁNCASH,INGENIERÍA MECATRÓNICA,MASCULINO,NO,3,19
LIMA,INGENIERÍA DE SISTEMAS,MASCULINO,NO,1,17
LIMA,INGENIERÍA CIVIL,MASCULINO,NO,2,18
LIMA,INGENIERÍA CIVIL,MASCULINO,NO,2,18
AREQUIPA,INGENIERÍA DE SISTEMAS,MASCULINO,NO,1,17
LIMA,INGENIERÍA CIVIL,MASCULINO,NO,3,20
CAJAMARCA,INGENIERÍA CIVIL,MASCULINO,NO,1,17
CALLAO,INGENIERÍA DE SISTEMAS,MASCULINO,NO,2,19
LIMA,ARQUITECTURA,FEMENINO,NO,3,20
ICA,INGENIERÍA DE SISTEMAS,MASCULINO,NO,3,19
LIMA,INGENIERÍA DE SISTEMAS,MASCULINO,NO,2,18
LIMA,INGENIERÍA DE SISTEMAS,MASCULINO,SI,2,18
LIMA,INGENIERÍA MECATRÓNICA,MASCULINO,SI,2,18
LIMA,FÍSICA,MASCULINO,SI,6,23
LIMA,INGENIERÍA CIVIL,MASCULINO,NO,5,21
LIMA,INGENIERÍA ELECTRÓNICA,MASCULINO,NO,3,20
LIMA,INGENIERÍA INDUSTRIAL,MASCULINO,NO,1,18
LIMA,INGENIERÍA INDUSTRIAL,MASCULINO,NO,1,17
LIMA,INGENIERÍA CIVIL,MASCULINO,NO,4,20
LIMA,INGENIERÍA MECATRÓNICA,MASCULINO,NO,2,19
CALLAO,INGENIERÍA DE SISTEMAS,MASCULINO,NO,2,18
CALLAO,INGENIERÍA MECATRÓNICA,MASCULINO,NO,3,20
JUNÍN,INGENIERÍA CIVIL,MASCULINO,NO,2,19
LIMA,ARQUITECTURA,FEMENINO,NO,2,19
LIMA,INGENIERÍA METALÚRGICA,MASCULINO,NO,4,20
LIMA,INGENIERÍA INDUSTRIAL,MASCULINO,NO,1,17
LIMA,CIENCIA DE LA COMPUTACIÓN,MASCULINO,SI,1,18
ICA,INGENIERÍA MECÁNICA,MASCULINO,NO,2,18
ÁNCASH,INGENIERÍA ELÉCTRICA,MASCULINO,SI,5,21
LIMA,INGENIERÍA CIVIL,MASCULINO,NO,3,19
APURÍMAC,INGENIERÍA ECONÓMICA,FEMENINO,NO,1,17
LIMA,INGENIERÍA MECÁNICA,MASCULINO,NO,4,20
LIMA,INGENIERÍA FÍSICA,FEMENINO,NO,5,22
LIMA,INGENIERÍA DE SISTEMAS,MASCULINO,SI,5,21
LIMA,INGENIERÍA MECÁNICA-ELÉCTRICA,MASCULINO,NO,2,18
LIMA,INGENIERÍA CIVIL,FEMENINO,NO,3,20
LIMA,INGENIERÍA CIVIL,MASCULINO,SI,4,20
LIMA,FÍSICA,MASCULINO,NO,2,19
LIMA,INGENIERÍA INDUSTRIAL,MASCULINO,NO,8,24
LIMA,INGENIERÍA INDUSTRIAL,FEMENINO,NO,4,20
LIMA,ARQUITECTURA,FEMENINO,NO,2,17
LIMA,ARQUITECTURA,MASCULINO,NO,3,19
CALLAO,INGENIERÍA MECÁNICA,MASCULINO,SI,5,22
LIMA,INGENIERÍA MECÁNICA,MASCULINO,SI,4,20
LIMA,INGENIERÍA DE PETRÓLEO Y GAS NATURAL,FEMENINO,NO,2,18
LIMA,INGENIERÍA CIVIL,MASCULINO,NO,1,17
TUMBES,INGENIERÍA DE SISTEMAS,MASCULINO,NO,2,18
LIMA,ARQUITECTURA,FEMENINO,NO,3,19
LIMA,INGENIERÍA DE SISTEMAS,MASCULINO,NO,4,21
LIMA,INGENIERÍA CIVIL,FEMENINO,NO,3,19
LIMA,INGENIERÍA DE SISTEMAS,MASCULINO,NO,2,18
LIMA,INGENIERÍA ELECTRÓNICA,FEMENINO,SI,5,22
LIMA,INGENIERÍA MECATRÓNICA,FEMENINO,NO,2,19
ANCASH,INGENIERÍA MECÁNICA,MASCULINO,NO,2,19
LIMA,INGENIERÍA DE SISTEMAS,MASCULINO,NO,1,17
JUNIN,INGENIERÍA INDUSTRIAL,MASCULINO,NO,2,18
LIMA,INGENIERÍA DE MINAS,MASCULINO,NO,2,18
LIMA,INGENIERÍA DE MINAS,MASCULINO,NO,5,21
CALLAO,INGENIERÍA MECATRÓNICA,MASCULINO,NO,3,19
LIMA,INGENIERÍA FÍSICA,MASCULINO,NO,1,18
LIMA,INGENIERÍA INDUSTRIAL,MASCULINO,NO,1,18
APURÍMAC,INGENIERÍA MECATRÓNICA,MASCULINO,NO,1,17
LIMA,INGENIERÍA CIVIL,FEMENINO,NO,1,18
LIMA,INGENIERÍA CIVIL,FEMENINO,NO,3,19
LIMA,INGENIERÍA INDUSTRIAL,FEMENINO,SI,3,19
LIMA,INGENIERÍA DE SISTEMAS,MASCULINO,NO,1,17
LIMA,ARQUITECTURA,FEMENINO,NO,2,18
LIMA,INGENIERÍA INDUSTRIAL,FEMENINO,NO,2,18
LIMA,INGENIERÍA CIVIL,MASCULINO,NO,1,18
LIMA,INGENIERÍA DE SISTEMAS,MASCULINO,NO,2,19
LIMA,INGENIERÍA MECATRÓNICA,MASCULINO,NO,3,19
LIMA,INGENIERÍA SANITARIA,MASCULINO,SI,1,17
LIMA,INGENIERÍA MECÁNICA-ELÉCTRICA,FEMENINO,NO,2,18
LIMA,INGENIERÍA DE SISTEMAS,MASCULINO,NO,2,18
LIMA,INGENIERÍA AMBIENTAL,MASCULINO,NO,4,20
LIMA,INGENIERÍA CIVIL,MASCULINO,NO,1,17
APURIMAC,INGENIERÍA CIVIL,MASCULINO,NO,4,20
LIMA,INGENIERÍA ELECTRÓNICA,MASCULINO,SI,6,22
LIMA,ARQUITECTURA,MASCULINO,NO,6,23
LIMA,INGENIERÍA INDUSTRIAL,MASCULINO,NO,3,19
LIMA,INGENIERÍA CIVIL,MASCULINO,NO,1,18
LIMA,INGENIERÍA DE SISTEMAS,MASCULINO,NO,1,17
CALLAO,INGENIERÍA DE SOFTWARE,MASCULINO,NO,1,17
LIMA,INGENIERÍA AMBIENTAL,MASCULINO,NO,4,20
LIMA,INGENIERÍA CIVIL,FEMENINO,NO,3,19
LIMA,INGENIERÍA NAVAL,MASCULINO,NO,5,21
LIMA,INGENIERÍA CIVIL,MASCULINO,NO,3,19
LIMA,INGENIERÍA MECATRÓNICA,MASCULINO,NO,1,18
LIMA,INGENIERÍA INDUSTRIAL,MASCULINO,NO,1,17
LIMA,INGENIERÍA AMBIENTAL,MASCULINO,SI,4,21
LIMA,INGENIERÍA MECATRÓNICA,MASCULINO,NO,3,19
LIMA,INGENIERÍA DE MINAS,MASCULINO,NO,4,20
LIMA,ARQUITECTURA,MASCULINO,NO,3,19
LIMA,INGENIERÍA CIVIL,FEMENINO,NO,4,20
LIMA,INGENIERÍA DE MINAS,MASCULINO,NO,2,19
LIMA,INGENIERÍA ECONÓMICA,MASCULINO,NO,1,17
CAJAMARCA,INGENIERÍA CIVIL,MASCULINO,NO,2,19
LIMA,INGENIERÍA DE SISTEMAS,FEMENINO,NO,2,18
AYACUCHO,INGENIERÍA CIVIL,MASCULINO,NO,3,19
PASCO,ARQUITECTURA,MASCULINO,NO,2,18
LIMA,INGENIERÍA DE TELECOMUNICACIONES,MASCULINO,SI,2,18
AYACUCHO,INGENIERÍA DE SISTEMAS,MASCULINO,NO,1,17
PUNO,INGENIERÍA MECATRÓNICA,MASCULINO,NO,3,19
LIMA,INGENIERÍA ELECTRÓNICA,MASCULINO,NO,2,18
LIMA,INGENIERÍA DE PETRÓLEO Y GAS NATURAL,MASCULINO,NO,4,23
LIMA,INGENIERÍA DE SISTEMAS,MASCULINO,SI,6,22
LIMA,INGENIERÍA DE MINAS,MASCULINO,NO,2,19
LIMA,INGENIERÍA DE SISTEMAS,MASCULINO,NO,2,18
AREQUIPA,INGENIERÍA DE SISTEMAS,MASCULINO,NO,1,18
LIMA,INGENIERÍA ECONÓMICA,MASCULINO,NO,1,17
AYACUCHO,CIENCIA DE LA COMPUTACIÓN,MASCULINO,SI,3,19
LIMA,INGENIERÍA CIVIL,MASCULINO,NO,6,22
LIMA,INGENIERÍA GEOLÓGICA,MASCULINO,NO,1,18
LIMA,INGENIERÍA ELECTRÓNICA,MASCULINO,NO,4,20
LIMA,INGENIERÍA CIVIL,MASCULINO,NO,1,17
LIMA,INGENIERÍA CIVIL,MASCULINO,NO,1,18
LIMA,CIENCIA DE LA COMPUTACIÓN,MASCULINO,NO,3,19
LIMA,INGENIERÍA MECÁNICA,MASCULINO,SI,4,20
LIMA,INGENIERÍA TEXTIL,MASCULINO,SI,6,22
LIMA,INGENIERÍA INDUSTRIAL,MASCULINO,NO,2,18
LIMA,INGENIERÍA MECATRÓNICA,MASCULINO,NO,2,18
LIMA,INGENIERÍA DE SISTEMAS,MASCULINO,NO,1,18
LIMA,INGENIERÍA DE MINAS,MASCULINO,NO,4,21
LIMA,INGENIERÍA DE SISTEMAS,MASCULINO,NO,2,19
JUNÍN,INGENIERÍA CIVIL,MASCULINO,NO,2,19
LIMA,INGENIERÍA DE SISTEMAS,MASCULINO,NO,0,16
CALLAO,CIENCIA DE LA COMPUTACIÓN,MASCULINO,SI,3,20
LIMA,INGENIERÍA PETROQUÍMICA,MASCULINO,SI,6,23
LIMA,INGENIERÍA AMBIENTAL,MASCULINO,NO,4,20
CUSCO,INGENIERÍA QUÍMICA,MASCULINO,SI,1,17
LIMA,ARQUITECTURA,FEMENINO,SI,8,24
CALLAO,ARQUITECTURA,FEMENINO,NO,3,19
LIMA,ARQUITECTURA,FEMENINO,NO,3,20
LIMA,QUÍMICA,FEMENINO,NO,4,20
LIMA,INGENIERÍA ELECTRÓNICA,FEMENINO,NO,2,19
LIMA,INGENIERÍA INDUSTRIAL,MASCULINO,NO,2,18
LIMA,INGENIERÍA MECÁNICA-ELÉCTRICA,MASCULINO,NO,5,22
LIMA,INGENIERÍA DE SISTEMAS,MASCULINO,NO,2,17
MOQUEGUA,INGENIERÍA CIVIL,MASCULINO,NO,2,18
PUNO,INGENIERÍA MECATRÓNICA,MASCULINO,NO,3,19
LIMA,INGENIERÍA MECATRÓNICA,MASCULINO,NO,4,21
AREQUIPA,INGENIERÍA MECÁNICA,FEMENINO,NO,5,21
ICA,INGENIERÍA CIVIL,MASCULINO,NO,1,17
LIMA,INGENIERÍA INDUSTRIAL,MASCULINO,NO,2,18
LIMA,INGENIERÍA CIVIL,MASCULINO,NO,7,23
LIMA,INGENIERÍA INDUSTRIAL,MASCULINO,NO,6,23
LIMA,INGENIERÍA MECÁNICA,MASCULINO,SI,3,20
SAN MARTÍN,INGENIERÍA MECÁNICA,MASCULINO,NO,3,21
ICA,INGENIERÍA MECATRÓNICA,MASCULINO,NO,2,19
CALLAO,INGENIERÍA MECATRÓNICA,MASCULINO,NO,4,20
LIMA,INGENIERÍA CIVIL,MASCULINO,NO,2,18
LIMA,INGENIERÍA DE SISTEMAS,MASCULINO,NO,3,19
ÁNCASH,INGENIERÍA ELECTRÓNICA,MASCULINO,NO,2,19
LIMA,INGENIERÍA MECATRÓNICA,MASCULINO,NO,5,21
LIMA,ARQUITECTURA,FEMENINO,SI,2,18
LIMA,INGENIERÍA CIVIL,MASCULINO,NO,1,17
LIMA,INGENIERÍA ESTADÍSTICA,MASCULINO,NO,3,19
LIMA,INGENIERÍA CIVIL,MASCULINO,NO,2,19
TACNA,ARQUITECTURA,FEMENINO,NO,2,18
LIMA,INGENIERÍA ELECTRÓNICA,FEMENINO,NO,1,17
LIMA,INGENIERÍA CIVIL,FEMENINO,NO,2,18
LIMA,INGENIERÍA DE TELECOMUNICACIONES,MASCULINO,NO,2,19
LIMA,ARQUITECTURA,MASCULINO,NO,4,21
LIMA,INGENIERÍA CIVIL,FEMENINO,NO,4,21
LIMA,ARQUITECTURA,FEMENINO,NO,2,19
LIMA,CIENCIA DE LA COMPUTACIÓN,MASCULINO,NO,2,18
LIMA,INGENIERÍA CIVIL,MASCULINO,NO,2,18
LIMA,INGENIERÍA INDUSTRIAL,FEMENINO,NO,2,18
LIMA,INGENIERÍA MECATRÓNICA,MASCULINO,NO,2,18
LIMA,INGENIERÍA DE SISTEMAS,FEMENINO,NO,3,19
CALLAO,INGENIERÍA MECATRÓNICA,MASCULINO,NO,2,19
LIMA,INGENIERÍA MECATRÓNICA,MASCULINO,NO,2,18
LIMA,INGENIERÍA MECATRÓNICA,MASCULINO,NO,1,18
LIMA,INGENIERÍA QUÍMICA,FEMENINO,NO,2,18
LIMA,INGENIERÍA DE SISTEMAS,MASCULINO,NO,2,18
LIMA,INGENIERÍA CIVIL,MASCULINO,NO,5,21
LIMA,INGENIERÍA PETROQUÍMICA,MASCULINO,NO,3,19
LIMA,INGENIERÍA DE SISTEMAS,MASCULINO,NO,2,18
LIMA,INGENIERÍA INDUSTRIAL,FEMENINO,NO,2,19
LIMA,INGENIERÍA DE TELECOMUNICACIONES,MASCULINO,NO,3,19
LIMA,INGENIERÍA PETROQUÍMICA,MASCULINO,NO,6,22
LIMA,INGENIERÍA MECÁNICA-ELÉCTRICA,MASCULINO,NO,6,22
LIMA,INGENIERÍA CIVIL,MASCULINO,NO,1,17
LIMA,INGENIERÍA ELÉCTRICA,MASCULINO,NO,1,17
LIMA,INGENIERÍA DE SISTEMAS,MASCULINO,SI,1,17
JUNÍN,ARQUITECTURA,MASCULINO,NO,3,19
LIMA,CIENCIA DE LA COMPUTACIÓN,MASCULINO,NO,4,20
LIMA,INGENIERÍA QUÍMICA,FEMENINO,NO,3,19
LIMA,INGENIERÍA MECATRÓNICA,MASCULINO,NO,4,20
LIMA,INGENIERÍA CIVIL,MASCULINO,NO,1,18
LIMA,FÍSICA,MASCULINO,SI,2,18
ICA,INGENIERÍA CIVIL,MASCULINO,NO,1,17
LIMA,INGENIERÍA DE SISTEMAS,FEMENINO,NO,1,17
LIMA,INGENIERÍA INDUSTRIAL,MASCULINO,NO,2,18
LIMA,INGENIERÍA ECONÓMICA,MASCULINO,NO,2,18
LIMA,ARQUITECTURA,FEMENINO,NO,1,17
LIMA,INGENIERÍA INDUSTRIAL,MASCULINO,NO,2,20
LIMA,INGENIERÍA AMBIENTAL,FEMENINO,NO,7,23
LIMA,INGENIERÍA DE MINAS,MASCULINO,NO,2,18
LIMA,INGENIERÍA CIVIL,MASCULINO,NO,1,17
LIMA,INGENIERÍA FÍSICA,MASCULINO,NO,3,19
LAMBAYEQUE,INGENIERÍA DE SISTEMAS,MASCULINO,NO,1,17
LIMA,INGENIERÍA CIVIL,MASCULINO,NO,2,18
LIMA,INGENIERÍA MECATRÓNICA,MASCULINO,NO,1,17
LIMA,INGENIERÍA INDUSTRIAL,MASCULINO,SI,3,19
LIMA,INGENIERÍA CIVIL,MASCULINO,NO,3,20
LIMA,INGENIERÍA MECATRÓNICA,MASCULINO,SI,3,20
LIMA,INGENIERÍA DE SISTEMAS,MASCULINO,NO,2,18
LIMA,INGENIERÍA DE SISTEMAS,FEMENINO,NO,2,18
APURIMAC,INGENIERÍA CIVIL,MASCULINO,NO,1,17
LIMA,INGENIERÍA DE SISTEMAS,MASCULINO,NO,1,18
ANCASH,INGENIERÍA DE SOFTWARE,MASCULINO,NO,1,18
LIMA,INGENIERÍA DE PETRÓLEO Y GAS NATURAL,MASCULINO,NO,2,18
CALLAO,FÍSICA,MASCULINO,SI,2,18
LIMA,INGENIERÍA ELECTRÓNICA,MASCULINO,NO,3,19
LIMA,QUÍMICA,FEMENINO,NO,5,21
LIMA,INGENIERÍA DE CIBERSEGURIDAD,MASCULINO,NO,6,22
HUANUCO,INGENIERÍA DE SOFTWARE,MASCULINO,NO,4,20
LIMA,INGENIERÍA MECATRÓNICA,MASCULINO,NO,1,18
LIMA,INGENIERÍA ELECTRÓNICA,MASCULINO,NO,4,21
AYACUCHO,INGENIERÍA CIVIL,MASCULINO,NO,1,17
LIMA,MATEMÁTICA,MASCULINO,NO,4,20
LIMA,INGENIERÍA CIVIL,MASCULINO,NO,1,18
LIMA,INGENIERÍA QUÍMICA,MASCULINO,NO,4,21
JUNIN,INGENIERÍA CIVIL,MASCULINO,NO,4,21
LIMA,INGENIERÍA AMBIENTAL,MASCULINO,NO,2,19
LIMA,INGENIERÍA DE SISTEMAS,MASCULINO,NO,1,18
LIMA,ARQUITECTURA,MASCULINO,NO,3,19
JUNIN,INGENIERÍA QUÍMICA,MASCULINO,NO,1,18
LIMA,INGENIERÍA CIVIL,FEMENINO,NO,1,17
CAJAMARCA,INGENIERÍA CIVIL,MASCULINO,NO,1,17
CALLAO,INGENIERÍA MECÁNICA,MASCULINO,NO,2,19
LIMA,CIENCIA DE LA COMPUTACIÓN,MASCULINO,NO,2,18
LIMA,INGENIERÍA CIVIL,MASCULINO,NO,1,18
HUÁNUCO,INGENIERÍA DE SISTEMAS,FEMENINO,NO,5,21
LIMA,INGENIERÍA MECATRÓNICA,MASCULINO,SI,3,19
CALLAO,INGENIERÍA MECATRÓNICA,MASCULINO,NO,1,18
LIMA,INGENIERÍA ECONÓMICA,MASCULINO,SI,3,19
LIMA,INGENIERÍA CIVIL,MASCULINO,NO,8,25
AMAZONAS,INGENIERÍA QUÍMICA,MASCULINO,SI,2,19
LIMA,INGENIERÍA DE SISTEMAS,MASCULINO,NO,6,22
LIMA,INGENIERÍA QUÍMICA,FEMENINO,NO,3,19
LIMA,INGENIERÍA CIVIL,MASCULINO,NO,2,18
LIMA,INGENIERÍA DE MINAS,MASCULINO,SI,2,18
LAMBAYEQUE,INGENIERÍA MECÁNICA,MASCULINO,NO,1,17
LIMA,INGENIERÍA MECÁNICA,MASCULINO,NO,3,19
LIMA,INGENIERÍA DE SISTEMAS,MASCULINO,NO,2,19
LA LIBERTAD,INGENIERÍA MECATRÓNICA,MASCULINO,SI,2,19
LIMA,INGENIERÍA ECONÓMICA,FEMENINO,NO,2,19
LIMA,INGENIERÍA CIVIL,MASCULINO,NO,2,18
LIMA,INGENIERÍA CIVIL,MASCULINO,SI,1,17
LIMA,INGENIERÍA CIVIL,MASCULINO,SI,2,18
LIMA,INGENIERÍA GEOLÓGICA,MASCULINO,NO,3,19
LIMA,INGENIERÍA ELECTRÓNICA,MASCULINO,NO,3,19
MOQUEGUA,INGENIERÍA ELECTRÓNICA,MASCULINO,SI,4,20
LIMA,INGENIERÍA MECATRÓNICA,MASCULINO,NO,3,19
LIMA,INGENIERÍA INDUSTRIAL,FEMENINO,SI,1,17
LIMA,ARQUITECTURA,FEMENINO,NO,3,19
LIMA,INGENIERÍA MECATRÓNICA,MASCULINO,NO,2,18
LIMA,INGENIERÍA FÍSICA,MASCULINO,NO,8,24
LIMA,INGENIERÍA DE SISTEMAS,MASCULINO,SI,6,22
CALLAO,INGENIERÍA DE MINAS,MASCULINO,SI,1,19
LAMBAYEQUE,INGENIERÍA CIVIL,MASCULINO,NO,4,21
LIMA,INGENIERÍA CIVIL,MASCULINO,NO,3,20
LIMA,INGENIERÍA ELECTRÓNICA,MASCULINO,SI,2,19
LIMA,FÍSICA,MASCULINO,SI,1,17
TACNA,CIENCIA DE LA COMPUTACIÓN,MASCULINO,SI,2,18
ÁNCASH,INGENIERÍA AMBIENTAL,MASCULINO,SI,1,17
PUNO,INGENIERÍA CIVIL,MASCULINO,NO,1,16
LIMA,INGENIERÍA ELECTRÓNICA,MASCULINO,NO,2,18
LIMA,INGENIERÍA AMBIENTAL,MASCULINO,NO,1,17
LIMA,INGENIERÍA DE SISTEMAS,MASCULINO,NO,3,19
LIMA,INGENIERÍA MECÁNICA-ELÉCTRICA,MASCULINO,NO,1,17
LIMA,INGENIERÍA ECONÓMICA,FEMENINO,NO,5,21
LIMA,INGENIERÍA GEOLÓGICA,MASCULINO,NO,3,19
LIMA,INGENIERÍA CIVIL,MASCULINO,NO,3,19
LIMA,INGENIERÍA ECONÓMICA,MASCULINO,NO,4,20
LIMA,INGENIERÍA MECATRÓNICA,FEMENINO,NO,4,21
LIMA,INGENIERÍA CIVIL,MASCULINO,NO,1,16
LIMA,INGENIERÍA MECÁNICA-ELÉCTRICA,MASCULINO,NO,1,17
LIMA,INGENIERÍA CIVIL,MASCULINO,NO,1,17
LIMA,INGENIERÍA INDUSTRIAL,FEMENINO,NO,6,22
LIMA,INGENIERÍA DE HIGIENE Y SEGURIDAD INDUSTRIAL,MASCULINO,NO,3,19
LIMA,INGENIERÍA CIVIL,MASCULINO,NO,1,18
LIMA,INGENIERÍA CIVIL,MASCULINO,NO,1,17
AREQUIPA,INGENIERÍA DE MINAS,MASCULINO,NO,2,19
LIMA,INGENIERÍA DE TELECOMUNICACIONES,MASCULINO,NO,5,21
LIMA,INGENIERÍA INDUSTRIAL,FEMENINO,NO,2,19
LIMA,INGENIERÍA DE MINAS,MASCULINO,NO,2,18
LIMA,ARQUITECTURA,MASCULINO,NO,1,18
LIMA,INGENIERÍA DE SISTEMAS,MASCULINO,NO,1,17
AYACUCHO,INGENIERÍA DE SISTEMAS,FEMENINO,NO,2,19
LIMA,INGENIERÍA CIVIL,MASCULINO,NO,1,18
LIMA,INGENIERÍA INDUSTRIAL,FEMENINO,NO,2,18
LIMA,ARQUITECTURA,MASCULINO,NO,1,18
LIMA,INGENIERÍA DE SISTEMAS,MASCULINO,NO,1,17
LIMA,INGENIERÍA MECATRÓNICA,MASCULINO,NO,1,17
LIMA,INGENIERÍA ELECTRÓNICA,MASCULINO,NO,3,19
LIMA,INGENIERÍA DE HIGIENE Y SEGURIDAD INDUSTRIAL,MASCULINO,NO,1,17
JUNÍN,INGENIERÍA CIVIL,MASCULINO,NO,1,17
CUSCO,INGENIERÍA CIVIL,FEMENINO,NO,1,18
LIMA,INGENIERÍA AMBIENTAL,MASCULINO,NO,2,18
LIMA,INGENIERÍA SANITARIA,MASCULINO,NO,1,18
CALLAO,INGENIERÍA INDUSTRIAL,MASCULINO,NO,3,19
LIMA,INGENIERÍA ELECTRÓNICA,MASCULINO,NO,1,18
LIMA,ARQUITECTURA,FEMENINO,NO,2,18
LIMA,INGENIERÍA ECONÓMICA,FEMENINO,NO,1,17
ICA,ARQUITECTURA,MASCULINO,NO,1,17
UCAYALI,INGENIERÍA CIVIL,MASCULINO,NO,2,18
LIMA,INGENIERÍA MECATRÓNICA,FEMENINO,NO,0,16
LIMA,INGENIERÍA INDUSTRIAL,FEMENINO,NO,2,18
LIMA,INGENIERÍA CIVIL,MASCULINO,NO,1,17
LIMA,INGENIERÍA DE PETRÓLEO Y GAS NATURAL,MASCULINO,NO,4,20
AMAZONAS,INGENIERÍA AMBIENTAL,MASCULINO,NO,2,18
AMAZONAS,INGENIERÍA GEOLÓGICA,FEMENINO,NO,3,19
AYACUCHO,INGENIERÍA CIVIL,MASCULINO,SI,2,18
LIMA,INGENIERÍA CIVIL,MASCULINO,NO,2,18
LIMA,INGENIERÍA ESTADÍSTICA,FEMENINO,SI,4,20
CALLAO,ARQUITECTURA,FEMENINO,NO,3,19
LIMA,INGENIERÍA DE SISTEMAS,MASCULINO,NO,18,35
LIMA,INGENIERÍA DE SISTEMAS,MASCULINO,NO,3,20
LIMA,INGENIERÍA DE SISTEMAS,FEMENINO,NO,2,18
LIMA,INGENIERÍA DE MINAS,FEMENINO,SI,2,18
LIMA,INGENIERÍA DE CIBERSEGURIDAD,MASCULINO,NO,1,17
HUANUCO,INGENIERÍA CIVIL,MASCULINO,NO,1,17
LIMA,INGENIERÍA ELECTRÓNICA,MASCULINO,NO,5,21
ANCASH,INGENIERÍA ELÉCTRICA,MASCULINO,NO,2,19
LIMA,MATEMÁTICA,MASCULINO,NO,2,18
LIMA,INGENIERÍA CIVIL,MASCULINO,NO,4,20
LIMA,INGENIERÍA ECONÓMICA,MASCULINO,SI,2,18
LIMA,INGENIERÍA DE SOFTWARE,MASCULINO,SI,2,19
LIMA,INGENIERÍA SANITARIA,MASCULINO,SI,4,21
LIMA,INGENIERÍA ELECTRÓNICA,MASCULINO,NO,4,21
LIMA,INGENIERÍA INDUSTRIAL,MASCULINO,NO,3,19
LIMA,INGENIERÍA DE SISTEMAS,MASCULINO,SI,2,19
LIMA,INGENIERÍA DE TELECOMUNICACIONES,MASCULINO,SI,2,18
APURIMAC,ARQUITECTURA,FEMENINO,NO,1,17
LIMA,ARQUITECTURA,MASCULINO,NO,3,19
LIMA,INGENIERÍA DE SISTEMAS,MASCULINO,NO,2,18
LIMA,INGENIERÍA MECATRÓNICA,MASCULINO,SI,3,19
LIMA,INGENIERÍA DE CIBERSEGURIDAD,MASCULINO,NO,1,18
LIMA,ARQUITECTURA,MASCULINO,NO,3,20
LIMA,INGENIERÍA INDUSTRIAL,MASCULINO,NO,1,17
LIMA,INGENIERÍA INDUSTRIAL,FEMENINO,NO,3,19
LIMA,INGENIERÍA ELECTRÓNICA,FEMENINO,SI,2,18
CALLAO,INGENIERÍA INDUSTRIAL,MASCULINO,NO,3,20
LIMA,ARQUITECTURA,MASCULINO,NO,2,19
PUNO,INGENIERÍA CIVIL,MASCULINO,NO,1,18
APURIMAC,INGENIERÍA MECÁNICA,MASCULINO,NO,2,19
LIMA,INGENIERÍA GEOLÓGICA,FEMENINO,NO,2,19
LIMA,INGENIERÍA CIVIL,MASCULINO,SI,1,18
LIMA,ARQUITECTURA,FEMENINO,NO,4,20
LIMA,INGENIERÍA QUÍMICA,MASCULINO,NO,2,18
LIMA,INGENIERÍA MECATRÓNICA,MASCULINO,NO,3,19
JUNIN,INGENIERÍA CIVIL,MASCULINO,NO,3,20
CALLAO,ARQUITECTURA,FEMENINO,NO,3,19
AMAZONAS,INGENIERÍA MECATRÓNICA,MASCULINO,NO,6,23
LIMA,INGENIERÍA ELECTRÓNICA,MASCULINO,NO,3,20
ICA,INGENIERÍA MECATRÓNICA,MASCULINO,NO,2,18
PASCO,INGENIERÍA QUÍMICA,MASCULINO,NO,10,26
LIMA,INGENIERÍA MECATRÓNICA,MASCULINO,SI,1,17
LIMA,INGENIERÍA DE SISTEMAS,FEMENINO,SI,1,18
CAJAMARCA,INGENIERÍA CIVIL,MASCULINO,NO,1,18
LIMA,INGENIERÍA QUÍMICA,FEMENINO,SI,2,19
LIMA,INGENIERÍA CIVIL,MASCULINO,NO,2,19
LIMA,INGENIERÍA DE MINAS,MASCULINO,NO,2,18
LIMA,QUÍMICA,FEMENINO,NO,2,18
LIMA,ARQUITECTURA,FEMENINO,NO,2,19
ANCASH,INGENIERÍA MECATRÓNICA,MASCULINO,NO,4,21
LIMA,INGENIERÍA DE SISTEMAS,MASCULINO,NO,3,20
LIMA,INGENIERÍA ELÉCTRICA,MASCULINO,SI,3,19
LIMA,QUÍMICA,MASCULINO,NO,2,18
LIMA,QUÍMICA,MASCULINO,NO,2,19
LIMA,INGENIERÍA DE MINAS,MASCULINO,NO,3,19
LIMA,INGENIERÍA DE SOFTWARE,MASCULINO,NO,2,19
LIMA,INGENIERÍA DE SOFTWARE,MASCULINO,NO,5,23
LIMA,ARQUITECTURA,FEMENINO,NO,1,17
LIMA,INGENIERÍA DE SISTEMAS,MASCULINO,NO,2,18
LIMA,INGENIERÍA CIVIL,MASCULINO,NO,1,18
LIMA,INGENIERÍA CIVIL,MASCULINO,NO,1,17
LIMA,ARQUITECTURA,MASCULINO,NO,4,20
LIMA,INGENIERÍA ELECTRÓNICA,MASCULINO,SI,7,24
LIMA,INGENIERÍA ECONÓMICA,MASCULINO,NO,3,20
LIMA,INGENIERÍA MECÁNICA-ELÉCTRICA,MASCULINO,NO,3,20
LIMA,INGENIERÍA DE MINAS,MASCULINO,NO,2,18
LIMA,INGENIERÍA CIVIL,MASCULINO,NO,3,20
LIMA,INGENIERÍA DE SISTEMAS,MASCULINO,NO,2,18
LIMA,INGENIERÍA CIVIL,MASCULINO,SI,1,18
LIMA,INGENIERÍA CIVIL,FEMENINO,NO,1,18
LIMA,INGENIERÍA ESTADÍSTICA,FEMENINO,SI,7,24
CALLAO,INGENIERÍA CIVIL,MASCULINO,NO,3,20
LIMA,INGENIERÍA CIVIL,FEMENINO,NO,6,22
LIMA,INGENIERÍA DE SISTEMAS,MASCULINO,NO,2,18
LIMA,INGENIERÍA DE SISTEMAS,MASCULINO,NO,2,18
LIMA,INGENIERÍA INDUSTRIAL,FEMENINO,NO,2,18
LIMA,INGENIERÍA DE SISTEMAS,MASCULINO,NO,2,19
LIMA,INGENIERÍA MECATRÓNICA,FEMENINO,NO,3,19
LIMA,INGENIERÍA DE SOFTWARE,MASCULINO,SI,2,18
LIMA,INGENIERÍA DE MINAS,MASCULINO,NO,1,17
LIMA,INGENIERÍA CIVIL,MASCULINO,NO,5,21
LIMA,INGENIERÍA MECATRÓNICA,MASCULINO,NO,5,22
LIMA,INGENIERÍA GEOLÓGICA,MASCULINO,NO,2,18
LIMA,INGENIERÍA DE SOFTWARE,MASCULINO,SI,1,17
LIMA,INGENIERÍA DE SOFTWARE,MASCULINO,NO,2,18
CALLAO,ARQUITECTURA,MASCULINO,NO,1,17
LIMA,INGENIERÍA CIVIL,MASCULINO,NO,1,18
LIMA,INGENIERÍA DE SISTEMAS,MASCULINO,NO,2,18
HUANUCO,ARQUITECTURA,FEMENINO,NO,1,17
LIMA,ARQUITECTURA,MASCULINO,NO,2,19
LIMA,ARQUITECTURA,FEMENINO,NO,2,19
LIMA,INGENIERÍA DE SISTEMAS,FEMENINO,SI,3,20
LIMA,INGENIERÍA QUÍMICA,MASCULINO,NO,2,18
APURIMAC,INGENIERÍA MECATRÓNICA,MASCULINO,NO,1,17
CALLAO,INGENIERÍA ELECTRÓNICA,MASCULINO,NO,4,20
LIMA,INGENIERÍA DE SISTEMAS,MASCULINO,NO,1,18
LIMA,INGENIERÍA AMBIENTAL,MASCULINO,NO,2,18
LIMA,ARQUITECTURA,MASCULINO,NO,4,20
CALLAO,CIENCIA DE LA COMPUTACIÓN,MASCULINO,SI,10,26
LIMA,INGENIERÍA MECATRÓNICA,MASCULINO,SI,2,18
LIMA,INGENIERÍA NAVAL,FEMENINO,NO,1,17
LIMA,INGENIERÍA CIVIL,MASCULINO,SI,3,19
ÁNCASH,INGENIERÍA ELÉCTRICA,MASCULINO,NO,2,18
ICA,INGENIERÍA GEOLÓGICA,MASCULINO,NO,2,18
ÁNCASH,ARQUITECTURA,FEMENINO,NO,1,16
AYACUCHO,INGENIERÍA DE SISTEMAS,MASCULINO,NO,1,17
ÁNCASH,INGENIERÍA CIVIL,MASCULINO,NO,2,18
CALLAO,INGENIERÍA DE SISTEMAS,MASCULINO,NO,1,16
LIMA,INGENIERÍA DE SISTEMAS,MASCULINO,NO,1,17
LIMA,INGENIERÍA CIVIL,MASCULINO,SI,2,18
LIMA,INGENIERÍA INDUSTRIAL,FEMENINO,NO,2,18
ICA,INGENIERÍA ESTADÍSTICA,MASCULINO,NO,6,22
JUNÍN,INGENIERÍA CIVIL,MASCULINO,NO,3,19
LIMA,INGENIERÍA CIVIL,MASCULINO,NO,2,19
LIMA,INGENIERÍA AMBIENTAL,MASCULINO,NO,1,18
LIMA,ARQUITECTURA,FEMENINO,NO,9,25
LIMA,ARQUITECTURA,MASCULINO,NO,2,19
LIMA,INGENIERÍA INDUSTRIAL,FEMENINO,NO,1,17
LIMA,INGENIERÍA SANITARIA,MASCULINO,NO,4,20
LIMA,INGENIERÍA INDUSTRIAL,MASCULINO,NO,2,18
APURÍMAC,INGENIERÍA CIVIL,MASCULINO,NO,6,22
JUNÍN,INGENIERÍA ELÉCTRICA,MASCULINO,NO,4,20
LIMA,CIENCIA DE LA COMPUTACIÓN,MASCULINO,NO,5,21
LIMA,INGENIERÍA CIVIL,FEMENINO,NO,1,17
LAMBAYEQUE,INGENIERÍA PETROQUÍMICA,MASCULINO,NO,3,19
LIMA,INGENIERÍA INDUSTRIAL,MASCULINO,NO,1,18
LIMA,FÍSICA,MASCULINO,NO,2,18
LIMA,INGENIERÍA INDUSTRIAL,FEMENINO,NO,3,20
LIMA,INGENIERÍA DE SOFTWARE,MASCULINO,NO,2,18
LIMA,ARQUITECTURA,FEMENINO,NO,2,18
LIMA,INGENIERÍA AMBIENTAL,MASCULINO,SI,2,18
PUNO,INGENIERÍA ECONÓMICA,FEMENINO,NO,3,19
LIMA,ARQUITECTURA,FEMENINO,NO,4,20
LIMA,INGENIERÍA INDUSTRIAL,FEMENINO,NO,2,19
LIMA,INGENIERÍA INDUSTRIAL,FEMENINO,NO,2,18
LIMA,INGENIERÍA ELECTRÓNICA,MASCULINO,SI,1,18
HUANCAVELICA,INGENIERÍA INDUSTRIAL,MASCULINO,NO,3,19
LIMA,INGENIERÍA DE CIBERSEGURIDAD,MASCULINO,NO,2,19
LIMA,INGENIERÍA DE SISTEMAS,MASCULINO,NO,2,18
CALLAO,INGENIERÍA ECONÓMICA,MASCULINO,NO,2,18
LIMA,ARQUITECTURA,FEMENINO,NO,2,19
LIMA,CIENCIA DE LA COMPUTACIÓN,FEMENINO,NO,4,21
LIMA,INGENIERÍA CIVIL,MASCULINO,SI,1,18
ICA,INGENIERÍA ELÉCTRICA,FEMENINO,NO,2,18
JUNIN,INGENIERÍA ECONÓMICA,MASCULINO,NO,2,18
LIMA,INGENIERÍA ESTADÍSTICA,MASCULINO,NO,2,18
LIMA,INGENIERÍA PETROQUÍMICA,MASCULINO,NO,4,20
ÁNCASH,INGENIERÍA MECATRÓNICA,MASCULINO,NO,2,18
LIMA,INGENIERÍA DE SISTEMAS,MASCULINO,NO,1,17
ICA,INGENIERÍA CIVIL,MASCULINO,NO,2,18
LIMA,INGENIERÍA CIVIL,MASCULINO,NO,3,19
LIMA,INGENIERÍA INDUSTRIAL,MASCULINO,NO,4,22
PUNO,INGENIERÍA CIVIL,MASCULINO,NO,1,18
ÁNCASH,INGENIERÍA DE SISTEMAS,MASCULINO,SI,3,20
LIMA,FÍSICA,MASCULINO,SI,3,19
LIMA,INGENIERÍA INDUSTRIAL,MASCULINO,NO,2,18
LIMA,MATEMÁTICA,MASCULINO,NO,3,19
LIMA,ARQUITECTURA,FEMENINO,NO,8,24
LIMA,INGENIERÍA QUÍMICA,MASCULINO,SI,2,18
AMAZONAS,INGENIERÍA MECATRÓNICA,MASCULINO,NO,1,17
LIMA,INGENIERÍA CIVIL,FEMENINO,NO,4,20
LIMA,INGENIERÍA DE SISTEMAS,MASCULINO,NO,1,17
LIMA,INGENIERÍA CIVIL,MASCULINO,NO,6,23
LIMA,INGENIERÍA CIVIL,MASCULINO,NO,1,17
LIMA,CIENCIA DE LA COMPUTACIÓN,MASCULINO,NO,2,18
ÁNCASH,INGENIERÍA DE SISTEMAS,FEMENINO,NO,1,17
LIMA,INGENIERÍA DE SISTEMAS,FEMENINO,NO,4,20
LIMA,INGENIERÍA AMBIENTAL,MASCULINO,SI,5,21
LIMA,INGENIERÍA INDUSTRIAL,FEMENINO,NO,2,18
LIMA,INGENIERÍA AMBIENTAL,MASCULINO,SI,2,18
LIMA,INGENIERÍA CIVIL,MASCULINO,NO,3,19
LIMA,INGENIERÍA AMBIENTAL,MASCULINO,NO,1,17
PASCO,INGENIERÍA CIVIL,FEMENINO,NO,3,19
UCAYALI,INGENIERÍA CIVIL,MASCULINO,NO,1,17
LIMA,ARQUITECTURA,MASCULINO,NO,2,19
ICA,INGENIERÍA MECATRÓNICA,MASCULINO,NO,1,17
HUANCAVELICA,INGENIERÍA CIVIL,MASCULINO,NO,7,24
LIMA,INGENIERÍA MECATRÓNICA,MASCULINO,NO,2,18
LIMA,INGENIERÍA DE SOFTWARE,MASCULINO,NO,3,19
LIMA,INGENIERÍA DE SISTEMAS,FEMENINO,NO,1,18
LIMA,INGENIERÍA MECÁNICA,MASCULINO,NO,4,20
LIMA,ARQUITECTURA,FEMENINO,NO,2,18
LIMA,INGENIERÍA PETROQUÍMICA,MASCULINO,NO,2,19
HUANCAVELICA,INGENIERÍA ELECTRÓNICA,MASCULINO,NO,3,19
LIMA,INGENIERÍA CIVIL,MASCULINO,NO,2,19
LIMA,ARQUITECTURA,MASCULINO,NO,2,18
LIMA,FÍSICA,MASCULINO,SI,1,18
LIMA,CIENCIA DE LA COMPUTACIÓN,FEMENINO,SI,1,18
LIMA,INGENIERÍA MECATRÓNICA,MASCULINO,NO,2,18
LIMA,INGENIERÍA CIVIL,MASCULINO,NO,2,18
LIMA,ARQUITECTURA,FEMENINO,NO,3,20
LIMA,ARQUITECTURA,MASCULINO,NO,2,18
JUNIN,INGENIERÍA ECONÓMICA,MASCULINO,NO,2,18
JUNIN,INGENIERÍA DE MINAS,MASCULINO,NO,1,17
LIMA,INGENIERÍA INDUSTRIAL,MASCULINO,NO,2,19
LIMA,INGENIERÍA CIVIL,FEMENINO,NO,2,18
APURIMAC,INGENIERÍA CIVIL,MASCULINO,NO,2,19
LIMA,INGENIERÍA DE SISTEMAS,MASCULINO,SI,3,20
CALLAO,ARQUITECTURA,FEMENINO,NO,2,19
LIMA,INGENIERÍA DE SISTEMAS,MASCULINO,NO,2,18
CALLAO,INGENIERÍA MECATRÓNICA,MASCULINO,NO,2,18
LIMA,INGENIERÍA DE MINAS,MASCULINO,NO,2,19
LIMA,INGENIERÍA ELECTRÓNICA,MASCULINO,NO,1,18
LIMA,INGENIERÍA MECATRÓNICA,MASCULINO,SI,2,18
LIMA,INGENIERÍA DE MINAS,MASCULINO,NO,2,18
LIMA,QUÍMICA,MASCULINO,NO,2,18
LIMA,INGENIERÍA CIVIL,MASCULINO,NO,2,18
LIMA,INGENIERÍA TEXTIL,FEMENINO,NO,1,18
CALLAO,INGENIERÍA ELECTRÓNICA,MASCULINO,NO,2,18
LIMA,INGENIERÍA MECÁNICA,MASCULINO,SI,2,19
LIMA,INGENIERÍA ECONÓMICA,MASCULINO,SI,2,18
LIMA,INGENIERÍA DE SISTEMAS,MASCULINO,NO,2,18
LIMA,INGENIERÍA QUÍMICA,MASCULINO,NO,2,18
LIMA,INGENIERÍA QUÍMICA,MASCULINO,NO,4,20
JUNIN,INGENIERÍA MECATRÓNICA,MASCULINO,NO,2,18
LIMA,ARQUITECTURA,FEMENINO,NO,1,18
LIMA,INGENIERÍA CIVIL,FEMENINO,NO,2,18
LIMA,INGENIERÍA DE SISTEMAS,MASCULINO,NO,3,19
HUANCAVELICA,ARQUITECTURA,FEMENINO,NO,3,19
CALLAO,INGENIERÍA CIVIL,FEMENINO,NO,1,18
JUNIN,INGENIERÍA DE MINAS,MASCULINO,SI,1,18
JUNÍN,INGENIERÍA MECATRÓNICA,MASCULINO,NO,1,17
LIMA,ARQUITECTURA,FEMENINO,NO,2,19
LIMA,INGENIERÍA AMBIENTAL,FEMENINO,NO,1,18
LIMA,INGENIERÍA TEXTIL,FEMENINO,NO,3,19
AYACUCHO,INGENIERÍA MECATRÓNICA,MASCULINO,NO,3,20
LIMA,INGENIERÍA CIVIL,FEMENINO,NO,2,18
LIMA,INGENIERÍA MECATRÓNICA,MASCULINO,SI,4,21
LIMA,INGENIERÍA CIVIL,MASCULINO,NO,2,19
APURÍMAC,INGENIERÍA CIVIL,MASCULINO,NO,2,21
LIMA,INGENIERÍA CIVIL,FEMENINO,NO,1,18
AYACUCHO,INGENIERÍA CIVIL,MASCULINO,NO,1,16
LIMA,FÍSICA,MASCULINO,NO,1,17
LIMA,INGENIERÍA QUÍMICA,FEMENINO,NO,1,17
LIMA,INGENIERÍA QUÍMICA,MASCULINO,NO,2,20
PIURA,INGENIERÍA AMBIENTAL,MASCULINO,NO,2,20
LIMA,INGENIERÍA MECATRÓNICA,MASCULINO,NO,5,21
CALLAO,INGENIERÍA AMBIENTAL,MASCULINO,NO,2,18
LIMA,INGENIERÍA DE PETRÓLEO Y GAS NATURAL,MASCULINO,NO,1,17
LIMA,INGENIERÍA DE SISTEMAS,MASCULINO,NO,3,19
MADRE DE DIOS,INGENIERÍA ECONÓMICA,MASCULINO,NO,1,17
LIMA,INGENIERÍA DE SISTEMAS,MASCULINO,NO,1,17
CALLAO,ARQUITECTURA,FEMENINO,NO,3,20
LIMA,INGENIERÍA DE SISTEMAS,MASCULINO,NO,2,18
CALLAO,INGENIERÍA ECONÓMICA,MASCULINO,NO,4,20
LIMA,INGENIERÍA INDUSTRIAL,MASCULINO,NO,1,18
LIMA,MATEMÁTICA,MASCULINO,SI,1,17
LIMA,INGENIERÍA CIVIL,MASCULINO,NO,1,18
LIMA,INGENIERÍA MECATRÓNICA,MASCULINO,NO,2,18
LIMA,CIENCIA DE LA COMPUTACIÓN,MASCULINO,NO,1,17
LIMA,INGENIERÍA MECATRÓNICA,MASCULINO,NO,2,19
LIMA,INGENIERÍA DE MINAS,MASCULINO,NO,1,17
LIMA,INGENIERÍA CIVIL,FEMENINO,NO,1,17
LAMBAYEQUE,INGENIERÍA MECATRÓNICA,MASCULINO,NO,1,18
LIMA,INGENIERÍA ELÉCTRICA,MASCULINO,SI,2,18
ANCASH,INGENIERÍA MECATRÓNICA,MASCULINO,NO,3,19
ANCASH,INGENIERÍA MECATRÓNICA,MASCULINO,NO,2,18
LIMA,INGENIERÍA MECATRÓNICA,MASCULINO,NO,1,18
LIMA,INGENIERÍA MECATRÓNICA,MASCULINO,NO,1,17
LIMA,INGENIERÍA DE SISTEMAS,MASCULINO,NO,4,20
LIMA,INGENIERÍA INDUSTRIAL,FEMENINO,NO,3,20
LIMA,CIENCIA DE LA COMPUTACIÓN,MASCULINO,NO,9,25
LIMA,INGENIERÍA CIVIL,MASCULINO,NO,2,19
LIMA,INGENIERÍA DE MINAS,MASCULINO,NO,13,20
LIMA,FÍSICA,MASCULINO,NO,2,19
LIMA,INGENIERÍA INDUSTRIAL,MASCULINO,NO,2,19
LIMA,INGENIERÍA MECATRÓNICA,FEMENINO,NO,15,31
LIMA,INGENIERÍA CIVIL,MASCULINO,NO,1,19
LIMA,INGENIERÍA DE MINAS,FEMENINO,NO,8,24
LIMA,INGENIERÍA DE SISTEMAS,MASCULINO,NO,1,18
LIMA,INGENIERÍA ELÉCTRICA,MASCULINO,NO,5,20
LIMA,INGENIERÍA DE SISTEMAS,MASCULINO,NO,1,18
MADRE DE DIOS,INGENIERÍA CIVIL,MASCULINO,NO,3,19
CALLAO,ARQUITECTURA,MASCULINO,NO,1,17
AREQUIPA,INGENIERÍA MECÁNICA-ELÉCTRICA,MASCULINO,NO,3,19
ÁNCASH,INGENIERÍA CIVIL,MASCULINO,NO,1,19
LIMA,INGENIERÍA ELECTRÓNICA,MASCULINO,NO,4,20
JUNÍN,INGENIERÍA DE SISTEMAS,MASCULINO,NO,1,17
LIMA,INGENIERÍA DE SISTEMAS,MASCULINO,NO,1,18
LIMA,INGENIERÍA DE SISTEMAS,MASCULINO,NO,2,19
LIMA,INGENIERÍA DE TELECOMUNICACIONES,MASCULINO,SI,3,19
AYACUCHO,INGENIERÍA CIVIL,FEMENINO,NO,7,24
ICA,ARQUITECTURA,MASCULINO,NO,6,18
LIMA,INGENIERÍA CIVIL,MASCULINO,NO,3,19
JUNÍN,INGENIERÍA CIVIL,MASCULINO,SI,1,18
LIMA,INGENIERÍA SANITARIA,MASCULINO,NO,5,22
LIMA,INGENIERÍA INDUSTRIAL,MASCULINO,NO,1,17
PASCO,INGENIERÍA CIVIL,MASCULINO,NO,1,18
LIMA,INGENIERÍA MECATRÓNICA,MASCULINO,NO,1,17
LIMA,INGENIERÍA DE TELECOMUNICACIONES,MASCULINO,NO,1,17
JUNÍN,INGENIERÍA PETROQUÍMICA,MASCULINO,NO,1,17
LIMA,INGENIERÍA DE SISTEMAS,FEMENINO,NO,2,18
LIMA,INGENIERÍA DE TELECOMUNICACIONES,MASCULINO,NO,4,21
LIMA,INGENIERÍA MECÁNICA-ELÉCTRICA,MASCULINO,NO,1,18
LIMA,ARQUITECTURA,MASCULINO,NO,2,18
LIMA,INGENIERÍA MECÁNICA-ELÉCTRICA,MASCULINO,NO,4,20
LIMA,CIENCIA DE LA COMPUTACIÓN,FEMENINO,NO,2,18
CALLAO,INGENIERÍA DE SISTEMAS,FEMENINO,NO,1,18
LIMA,INGENIERÍA INDUSTRIAL,MASCULINO,NO,2,18
LIMA,INGENIERÍA DE SISTEMAS,MASCULINO,NO,1,18
LIMA,INGENIERÍA CIVIL,MASCULINO,NO,3,20
LIMA,ARQUITECTURA,FEMENINO,NO,3,19
LIMA,INGENIERÍA INDUSTRIAL,MASCULINO,NO,2,19
LIMA,INGENIERÍA CIVIL,MASCULINO,NO,5,22
LIMA,INGENIERÍA DE SISTEMAS,MASCULINO,NO,1,18
LIMA,INGENIERÍA INDUSTRIAL,MASCULINO,NO,4,20
LIMA,INGENIERÍA CIVIL,FEMENINO,NO,2,18
LIMA,INGENIERÍA PETROQUÍMICA,MASCULINO,NO,1,17
LIMA,INGENIERÍA FÍSICA,FEMENINO,NO,2,17
TACNA,INGENIERÍA MECATRÓNICA,MASCULINO,NO,2,19
JUNÍN,INGENIERÍA DE SISTEMAS,MASCULINO,NO,4,21
LIMA,INGENIERÍA INDUSTRIAL,FEMENINO,NO,5,21
LA LIBERTAD,ARQUITECTURA,FEMENINO,NO,2,19
LIMA,INGENIERÍA DE SISTEMAS,MASCULINO,NO,2,20
LIMA,INGENIERÍA CIVIL,MASCULINO,NO,1,17
ÁNCASH,INGENIERÍA CIVIL,MASCULINO,NO,1,17
LIMA,INGENIERÍA QUÍMICA,FEMENINO,SI,6,22
LIMA,INGENIERÍA QUÍMICA,FEMENINO,NO,3,19
LIMA,INGENIERÍA NAVAL,MASCULINO,NO,1,18
HUÁNUCO,INGENIERÍA PETROQUÍMICA,MASCULINO,NO,2,18
LIMA,INGENIERÍA MECÁNICA-ELÉCTRICA,MASCULINO,SI,5,22
LIMA,INGENIERÍA DE SISTEMAS,MASCULINO,NO,2,18
LIMA,INGENIERÍA MECÁNICA-ELÉCTRICA,MASCULINO,NO,1,18
LIMA,FÍSICA,MASCULINO,NO,1,18
LIMA,INGENIERÍA MECATRÓNICA,MASCULINO,NO,2,19
LIMA,ARQUITECTURA,FEMENINO,NO,2,17
LIMA,ARQUITECTURA,MASCULINO,NO,1,16
LIMA,INGENIERÍA DE SISTEMAS,FEMENINO,NO,1,17
LIMA,INGENIERÍA INDUSTRIAL,MASCULINO,NO,1,17
CALLAO,ARQUITECTURA,FEMENINO,NO,2,18
ICA,INGENIERÍA DE SISTEMAS,FEMENINO,NO,1,17
PUNO,INGENIERÍA CIVIL,MASCULINO,NO,5,21
LIMA,INGENIERÍA CIVIL,MASCULINO,NO,3,22
LIMA,INGENIERÍA DE SISTEMAS,MASCULINO,NO,2,18
LIMA,INGENIERÍA DE SISTEMAS,FEMENINO,NO,5,21
LIMA,INGENIERÍA MECATRÓNICA,MASCULINO,NO,10,27
LIMA,INGENIERÍA DE SISTEMAS,MASCULINO,NO,2,18
LIMA,INGENIERÍA DE SISTEMAS,MASCULINO,NO,2,18
LIMA,INGENIERÍA DE SISTEMAS,MASCULINO,NO,2,18
ÁNCASH,INGENIERÍA INDUSTRIAL,MASCULINO,NO,6,22
LIMA,INGENIERÍA QUÍMICA,FEMENINO,NO,2,18
LIMA,INGENIERÍA DE SISTEMAS,MASCULINO,NO,7,23
APURÍMAC,INGENIERÍA CIVIL,FEMENINO,NO,1,17
LIMA,INGENIERÍA MECATRÓNICA,MASCULINO,NO,2,18
CAJAMARCA,INGENIERÍA CIVIL,MASCULINO,NO,2,18
LIMA,INGENIERÍA INDUSTRIAL,MASCULINO,NO,3,20
LIMA,INGENIERÍA DE MINAS,MASCULINO,SI,3,19
LIMA,INGENIERÍA MECÁNICA-ELÉCTRICA,MASCULINO,NO,2,19
LIMA,INGENIERÍA ELÉCTRICA,MASCULINO,NO,4,21
APURÍMAC,INGENIERÍA MECATRÓNICA,MASCULINO,NO,3,19
AMAZONAS,INGENIERÍA CIVIL,FEMENINO,NO,4,20
LIMA,INGENIERÍA ELECTRÓNICA,MASCULINO,NO,3,19
LIMA,INGENIERÍA ECONÓMICA,FEMENINO,NO,3,19
CAJAMARCA,ARQUITECTURA,MASCULINO,NO,1,17
LIMA,INGENIERÍA DE MINAS,MASCULINO,NO,5,21
SAN MARTIN,INGENIERÍA CIVIL,MASCULINO,NO,1,17
AYACUCHO,INGENIERÍA CIVIL,MASCULINO,NO,1,18
JUNIN,INGENIERÍA MECÁNICA-ELÉCTRICA,MASCULINO,NO,3,19
LIMA,INGENIERÍA MECATRÓNICA,MASCULINO,NO,2,18
AREQUIPA,INGENIERÍA FÍSICA,MASCULINO,NO,1,17
LIMA,INGENIERÍA CIVIL,MASCULINO,NO,3,19
LIMA,INGENIERÍA DE MINAS,MASCULINO,NO,1,17
ICA,INGENIERÍA CIVIL,MASCULINO,NO,1,17
LIMA,INGENIERÍA INDUSTRIAL,MASCULINO,NO,3,19
LIMA,INGENIERÍA CIVIL,MASCULINO,NO,2,18
LIMA,INGENIERÍA DE SISTEMAS,FEMENINO,NO,2,18
LIMA,ARQUITECTURA,FEMENINO,NO,3,19
LIMA,CIENCIA DE LA COMPUTACIÓN,MASCULINO,SI,2,18
LIMA,INGENIERÍA QUÍMICA,FEMENINO,NO,3,19
LIMA,MATEMÁTICA,MASCULINO,NO,6,22
LIMA,ARQUITECTURA,MASCULINO,NO,1,17
LIMA,INGENIERÍA ESTADÍSTICA,FEMENINO,NO,2,18
LIMA,INGENIERÍA CIVIL,FEMENINO,NO,1,18
LIMA,INGENIERÍA CIVIL,MASCULINO,NO,1,18
LIMA,INGENIERÍA QUÍMICA,MASCULINO,NO,1,17
LIMA,FÍSICA,MASCULINO,SI,1,17
PASCO,INGENIERÍA CIVIL,MASCULINO,NO,2,18
LIMA,INGENIERÍA CIVIL,MASCULINO,NO,2,18
LIMA,INGENIERÍA ELECTRÓNICA,MASCULINO,NO,3,20
LIMA,INGENIERÍA DE MINAS,MASCULINO,NO,2,18
LIMA,INGENIERÍA DE CIBERSEGURIDAD,MASCULINO,NO,3,19
LIMA,INGENIERÍA CIVIL,FEMENINO,NO,4,20
LIMA,INGENIERÍA CIVIL,FEMENINO,NO,1,18
LIMA,INGENIERÍA METALÚRGICA,MASCULINO,NO,6,25
LIMA,INGENIERÍA DE HIGIENE Y SEGURIDAD INDUSTRIAL,FEMENINO,SI,6,23
LIMA,ARQUITECTURA,FEMENINO,NO,1,18
LIMA,INGENIERÍA CIVIL,MASCULINO,NO,1,17
LIMA,INGENIERÍA TEXTIL,MASCULINO,SI,2,19
LIMA,INGENIERÍA ECONÓMICA,MASCULINO,NO,3,20
LIMA,INGENIERÍA CIVIL,MASCULINO,NO,3,20
LIMA,INGENIERÍA MECATRÓNICA,MASCULINO,NO,1,17
LIMA,INGENIERÍA ECONÓMICA,MASCULINO,NO,1,17
LIMA,INGENIERÍA DE TELECOMUNICACIONES,MASCULINO,NO,3,20
LIMA,INGENIERÍA CIVIL,MASCULINO,NO,1,17
LIMA,INGENIERÍA FÍSICA,FEMENINO,SI,10,25
LIMA,INGENIERÍA INDUSTRIAL,MASCULINO,NO,4,20
LIMA,INGENIERÍA DE SISTEMAS,MASCULINO,NO,3,19
LIMA,INGENIERÍA MECATRÓNICA,MASCULINO,NO,2,18
CALLAO,INGENIERÍA DE TELECOMUNICACIONES,MASCULINO,NO,2,20
LIMA,INGENIERÍA DE MINAS,MASCULINO,SI,2,18
LIMA,INGENIERÍA DE SISTEMAS,MASCULINO,NO,1,17
LIMA,INGENIERÍA DE CIBERSEGURIDAD,MASCULINO,SI,3,19
LIMA,INGENIERÍA INDUSTRIAL,FEMENINO,NO,4,20
LIMA,INGENIERÍA ELECTRÓNICA,MASCULINO,SI,2,18
LIMA,INGENIERÍA DE SOFTWARE,MASCULINO,NO,4,20
PUNO,INGENIERÍA INDUSTRIAL,MASCULINO,NO,1,18
PIURA,INGENIERÍA ELECTRÓNICA,MASCULINO,NO,1,19
LIMA,INGENIERÍA CIVIL,MASCULINO,NO,5,23
LIMA,INGENIERÍA INDUSTRIAL,MASCULINO,NO,2,19
CALLAO,INGENIERÍA MECÁNICA-ELÉCTRICA,MASCULINO,NO,4,21
LIMA,INGENIERÍA ELÉCTRICA,MASCULINO,NO,1,17
LIMA,INGENIERÍA MECÁNICA,MASCULINO,NO,3,20
LIMA,INGENIERÍA DE SISTEMAS,MASCULINO,NO,1,18
LIMA,INGENIERÍA DE TELECOMUNICACIONES,MASCULINO,NO,2,18
LIMA,INGENIERÍA INDUSTRIAL,MASCULINO,NO,2,18
LIMA,INGENIERÍA DE MINAS,MASCULINO,NO,1,17
LIMA,INGENIERÍA GEOLÓGICA,MASCULINO,SI,6,22
LIMA,INGENIERÍA MECÁNICA-ELÉCTRICA,MASCULINO,SI,3,19
LIMA,INGENIERÍA CIVIL,MASCULINO,SI,1,17
PASCO,INGENIERÍA DE TELECOMUNICACIONES,MASCULINO,NO,3,19
LIMA,FÍSICA,FEMENINO,NO,3,20
LIMA,INGENIERÍA MECÁNICA-ELÉCTRICA,MASCULINO,NO,2,19
LIMA,INGENIERÍA INDUSTRIAL,MASCULINO,NO,5,21
LIMA,INGENIERÍA MECATRÓNICA,MASCULINO,NO,4,20
LIMA,INGENIERÍA DE MINAS,MASCULINO,NO,2,19
ÁNCASH,CIENCIA DE LA COMPUTACIÓN,MASCULINO,NO,1,18
LIMA,FÍSICA,MASCULINO,SI,2,18
LIMA,INGENIERÍA MECÁNICA,MASCULINO,NO,5,21
CALLAO,INGENIERÍA MECATRÓNICA,FEMENINO,NO,1,18
LIMA,INGENIERÍA SANITARIA,MASCULINO,SI,3,19
LIMA,INGENIERÍA ELECTRÓNICA,MASCULINO,NO,1,18
LIMA,INGENIERÍA ECONÓMICA,MASCULINO,SI,2,19
LIMA,INGENIERÍA DE SISTEMAS,MASCULINO,NO,4,20
LIMA,FÍSICA,MASCULINO,NO,1,19
LIMA,INGENIERÍA DE TELECOMUNICACIONES,MASCULINO,NO,3,18
LIMA,INGENIERÍA GEOLÓGICA,FEMENINO,NO,2,18
LIMA,INGENIERÍA CIVIL,MASCULINO,NO,3,20
LIMA,INGENIERÍA CIVIL,FEMENINO,NO,8,24
LIMA,INGENIERÍA DE MINAS,MASCULINO,NO,2,18
LIMA,INGENIERÍA ELÉCTRICA,MASCULINO,SI,1,17
LIMA,INGENIERÍA DE SISTEMAS,MASCULINO,NO,2,18
LIMA,INGENIERÍA DE TELECOMUNICACIONES,MASCULINO,NO,3,19
LIMA,INGENIERÍA ELECTRÓNICA,MASCULINO,NO,1,17
LIMA,CIENCIA DE LA COMPUTACIÓN,MASCULINO,NO,1,18
LIMA,ARQUITECTURA,FEMENINO,NO,2,19
PUNO,INGENIERÍA ECONÓMICA,FEMENINO,NO,1,17
LIMA,INGENIERÍA ESTADÍSTICA,FEMENINO,NO,2,19
LIMA,INGENIERÍA INDUSTRIAL,MASCULINO,NO,8,25
LIMA,INGENIERÍA DE SISTEMAS,MASCULINO,NO,2,18
LIMA,INGENIERÍA SANITARIA,FEMENINO,NO,1,17
LIMA,INGENIERÍA CIVIL,MASCULINO,SI,2,18
LIMA,INGENIERÍA CIVIL,MASCULINO,NO,2,19
LIMA,INGENIERÍA MECATRÓNICA,MASCULINO,NO,2,19
LIMA,INGENIERÍA QUÍMICA,MASCULINO,SI,1,18
LIMA,INGENIERÍA QUÍMICA,MASCULINO,NO,2,18
LIMA,INGENIERÍA DE SISTEMAS,MASCULINO,NO,2,18
LIMA,INGENIERÍA MECATRÓNICA,MASCULINO,SI,3,19
LIMA,INGENIERÍA ELECTRÓNICA,MASCULINO,SI,1,18
LIMA,INGENIERÍA INDUSTRIAL,MASCULINO,NO,0,17
LIMA,CIENCIA DE LA COMPUTACIÓN,FEMENINO,SI,2,19
LIMA,CIENCIA DE LA COMPUTACIÓN,FEMENINO,NO,1,17
LIMA,INGENIERÍA CIVIL,MASCULINO,NO,5,21
LIMA,MATEMÁTICA,MASCULINO,SI,2,18
LIMA,INGENIERÍA MECÁNICA,MASCULINO,SI,1,18
LIMA,ARQUITECTURA,MASCULINO,NO,1,17
LIMA,INGENIERÍA ELECTRÓNICA,MASCULINO,SI,4,20
LIMA,INGENIERÍA ESTADÍSTICA,MASCULINO,NO,2,18
LIMA,FÍSICA,FEMENINO,NO,4,21
LIMA,INGENIERÍA DE SOFTWARE,MASCULINO,NO,1,17
LIMA,INGENIERÍA ELÉCTRICA,MASCULINO,NO,2,19
LIMA,INGENIERÍA CIVIL,MASCULINO,NO,7,22
LIMA,INGENIERÍA DE SISTEMAS,MASCULINO,NO,7,29
LIMA,INGENIERÍA DE SISTEMAS,MASCULINO,SI,2,18
LIMA,INGENIERÍA DE SISTEMAS,FEMENINO,NO,1,17
LIMA,INGENIERÍA CIVIL,FEMENINO,NO,2,18
CAJAMARCA,INGENIERÍA DE MINAS,MASCULINO,NO,2,18
LIMA,INGENIERÍA CIVIL,MASCULINO,NO,3,20
LIMA,ARQUITECTURA,FEMENINO,NO,2,19
PASCO,INGENIERÍA MECATRÓNICA,FEMENINO,NO,1,18
LIMA,INGENIERÍA DE SISTEMAS,MASCULINO,NO,2,19
LIMA,INGENIERÍA MECATRÓNICA,MASCULINO,NO,4,20
LIMA,INGENIERÍA CIVIL,MASCULINO,NO,2,18
LIMA,ARQUITECTURA,MASCULINO,NO,2,18
LIMA,INGENIERÍA ECONÓMICA,MASCULINO,SI,2,19
ÁNCASH,INGENIERÍA CIVIL,MASCULINO,NO,1,17
CALLAO,INGENIERÍA DE SISTEMAS,MASCULINO,NO,3,19
LIMA,ARQUITECTURA,FEMENINO,NO,3,19
LIMA,FÍSICA,MASCULINO,SI,1,18
LIMA,INGENIERÍA CIVIL,FEMENINO,NO,1,17
LIMA,INGENIERÍA DE SISTEMAS,MASCULINO,NO,1,17
HUÁNUCO,INGENIERÍA MECÁNICA,MASCULINO,NO,10,28
LIMA,INGENIERÍA AMBIENTAL,MASCULINO,NO,5,22
LIMA,INGENIERÍA CIVIL,MASCULINO,NO,2,18
LIMA,ARQUITECTURA,FEMENINO,NO,2,19
LIMA,INGENIERÍA MECATRÓNICA,MASCULINO,NO,2,18
LIMA,INGENIERÍA ECONÓMICA,FEMENINO,NO,1,18
LIMA,INGENIERÍA DE SOFTWARE,MASCULINO,SI,2,18
LIMA,CIENCIA DE LA COMPUTACIÓN,MASCULINO,SI,1,17
LIMA,INGENIERÍA METALÚRGICA,FEMENINO,NO,4,21
LIMA,INGENIERÍA NAVAL,MASCULINO,NO,1,18
LIMA,INGENIERÍA ELECTRÓNICA,FEMENINO,NO,1,16
LIMA,FÍSICA,MASCULINO,NO,2,18
LIMA,INGENIERÍA DE TELECOMUNICACIONES,MASCULINO,NO,1,17
LIMA,INGENIERÍA MECÁNICA,MASCULINO,SI,1,18
LIMA,INGENIERÍA ELÉCTRICA,MASCULINO,NO,5,22
LIMA,INGENIERÍA CIVIL,FEMENINO,NO,3,19
LIMA,INGENIERÍA INDUSTRIAL,MASCULINO,NO,11,27
ÁNCASH,INGENIERÍA MECÁNICA,MASCULINO,NO,3,19
MADRE DE DIOS,INGENIERÍA CIVIL,MASCULINO,NO,2,18
LAMBAYEQUE,INGENIERÍA MECÁNICA,FEMENINO,NO,1,17
LIMA,INGENIERÍA CIVIL,MASCULINO,NO,1,17
APURÍMAC,INGENIERÍA CIVIL,FEMENINO,NO,2,18
LIMA,INGENIERÍA ESTADÍSTICA,MASCULINO,NO,18,35
CALLAO,INGENIERÍA MECATRÓNICA,MASCULINO,NO,1,17
LIMA,INGENIERÍA NAVAL,MASCULINO,NO,3,19
LIMA,INGENIERÍA DE SISTEMAS,MASCULINO,NO,4,20
LIMA,INGENIERÍA DE SISTEMAS,MASCULINO,SI,3,20
LIMA,INGENIERÍA CIVIL,MASCULINO,NO,1,17
AYACUCHO,INGENIERÍA INDUSTRIAL,MASCULINO,NO,2,18
ÁNCASH,INGENIERÍA GEOLÓGICA,FEMENINO,NO,1,17
HUANCAVELICA,INGENIERÍA DE SISTEMAS,MASCULINO,NO,6,22
LIMA,INGENIERÍA ELECTRÓNICA,MASCULINO,NO,2,18
LIMA,INGENIERÍA DE SISTEMAS,MASCULINO,NO,2,18
LIMA,INGENIERÍA AMBIENTAL,MASCULINO,NO,4,20
LIMA,INGENIERÍA DE SISTEMAS,MASCULINO,NO,1,18
LIMA,INGENIERÍA FÍSICA,MASCULINO,NO,2,19
LIMA,INGENIERÍA CIVIL,MASCULINO,NO,2,18
LIMA,INGENIERÍA ESTADÍSTICA,MASCULINO,SI,6,23
LIMA,INGENIERÍA MECÁNICA,MASCULINO,NO,3,20
LIMA,ARQUITECTURA,FEMENINO,NO,3,19
LIMA,INGENIERÍA INDUSTRIAL,MASCULINO,NO,5,22
LIMA,INGENIERÍA DE SISTEMAS,MASCULINO,NO,1,18
CALLAO,INGENIERÍA INDUSTRIAL,MASCULINO,NO,2,18
ANCASH,INGENIERÍA CIVIL,MASCULINO,NO,4,20
LIMA,INGENIERÍA ESTADÍSTICA,MASCULINO,SI,2,18
LIMA,INGENIERÍA DE SISTEMAS,MASCULINO,NO,3,19
LIMA,ARQUITECTURA,FEMENINO,NO,2,18
LIMA,INGENIERÍA CIVIL,MASCULINO,NO,3,19
LIMA,INGENIERÍA ELECTRÓNICA,MASCULINO,SI,2,18
LIMA,INGENIERÍA QUÍMICA,FEMENINO,SI,3,19
LIMA,INGENIERÍA DE SISTEMAS,MASCULINO,NO,3,19
LIMA,ARQUITECTURA,FEMENINO,NO,2,20
LIMA,INGENIERÍA ESTADÍSTICA,FEMENINO,NO,2,18
LIMA,INGENIERÍA QUÍMICA,FEMENINO,NO,2,19
AYACUCHO,INGENIERÍA DE SISTEMAS,MASCULINO,NO,1,17
LIMA,INGENIERÍA DE SISTEMAS,MASCULINO,SI,2,18
LIMA,INGENIERÍA DE SISTEMAS,MASCULINO,NO,3,19
LIMA,INGENIERÍA CIVIL,MASCULINO,NO,3,19
LIMA,INGENIERÍA CIVIL,MASCULINO,NO,2,18
LIMA,INGENIERÍA AMBIENTAL,FEMENINO,SI,3,19
LIMA,ARQUITECTURA,FEMENINO,NO,1,18
LIMA,INGENIERÍA AMBIENTAL,MASCULINO,NO,3,19
LIMA,INGENIERÍA DE SISTEMAS,FEMENINO,NO,2,18
HUANCAVELICA,INGENIERÍA ESTADÍSTICA,MASCULINO,SI,2,18
LIMA,INGENIERÍA DE CIBERSEGURIDAD,MASCULINO,SI,4,20
LIMA,INGENIERÍA QUÍMICA,FEMENINO,NO,1,17
LIMA,INGENIERÍA DE SISTEMAS,MASCULINO,SI,2,19
LIMA,ARQUITECTURA,FEMENINO,NO,2,18
LIMA,INGENIERÍA ELECTRÓNICA,MASCULINO,NO,3,20
LIMA,INGENIERÍA INDUSTRIAL,MASCULINO,NO,1,18
LIMA,INGENIERÍA DE SISTEMAS,MASCULINO,NO,5,21
LIMA,INGENIERÍA DE SISTEMAS,MASCULINO,NO,1,18
LIMA,INGENIERÍA MECÁNICA-ELÉCTRICA,MASCULINO,NO,2,19
LIMA,INGENIERÍA DE MINAS,MASCULINO,NO,1,17
LIMA,INGENIERÍA QUÍMICA,FEMENINO,NO,2,19
LIMA,INGENIERÍA METALÚRGICA,MASCULINO,NO,2,18
LIMA,INGENIERÍA ELECTRÓNICA,MASCULINO,NO,1,17
LIMA,ARQUITECTURA,FEMENINO,NO,2,19
LIMA,INGENIERÍA ELECTRÓNICA,MASCULINO,NO,2,18
JUNÍN,INGENIERÍA PETROQUÍMICA,MASCULINO,NO,2,18
ÁNCASH,INGENIERÍA INDUSTRIAL,MASCULINO,SI,3,18
LIMA,INGENIERÍA MECATRÓNICA,MASCULINO,NO,1,18
LIMA,INGENIERÍA SANITARIA,MASCULINO,NO,6,22
LIMA,INGENIERÍA AMBIENTAL,FEMENINO,NO,3,19
LIMA,INGENIERÍA DE TELECOMUNICACIONES,MASCULINO,NO,4,20
CUSCO,INGENIERÍA CIVIL,MASCULINO,NO,2,19
LIMA,INGENIERÍA DE SISTEMAS,MASCULINO,NO,1,17
LIMA,INGENIERÍA AMBIENTAL,MASCULINO,NO,2,19
LIMA,INGENIERÍA MECATRÓNICA,MASCULINO,NO,1,17
CALLAO,INGENIERÍA ECONÓMICA,FEMENINO,NO,5,21
LIMA,INGENIERÍA DE TELECOMUNICACIONES,MASCULINO,NO,1,17
LIMA,ARQUITECTURA,FEMENINO,NO,1,17
LIMA,INGENIERÍA ECONÓMICA,MASCULINO,SI,3,19
LIMA,INGENIERÍA QUÍMICA,MASCULINO,NO,3,19
LIMA,INGENIERÍA ELECTRÓNICA,MASCULINO,SI,3,19
LIMA,INGENIERÍA MECÁNICA-ELÉCTRICA,MASCULINO,NO,2,18
LIMA,INGENIERÍA CIVIL,MASCULINO,NO,2,22
JUNÍN,INGENIERÍA MECATRÓNICA,MASCULINO,NO,2,18
JUNÍN,INGENIERÍA AMBIENTAL,MASCULINO,NO,1,18
JUNÍN,INGENIERÍA CIVIL,FEMENINO,NO,1,17
LIMA,INGENIERÍA CIVIL,MASCULINO,NO,3,19
LIMA,INGENIERÍA ECONÓMICA,MASCULINO,NO,4,20
LIMA,INGENIERÍA CIVIL,MASCULINO,NO,1,17
LIMA,INGENIERÍA CIVIL,MASCULINO,NO,10,29
LIMA,INGENIERÍA MECATRÓNICA,MASCULINO,NO,4,21
LIMA,ARQUITECTURA,FEMENINO,NO,2,19
LIMA,INGENIERÍA INDUSTRIAL,MASCULINO,NO,2,19
LIMA,INGENIERÍA CIVIL,FEMENINO,NO,1,17
ÁNCASH,INGENIERÍA DE SISTEMAS,MASCULINO,NO,12,30
LIMA,INGENIERÍA CIVIL,FEMENINO,NO,2,18
LIMA,INGENIERÍA MECATRÓNICA,MASCULINO,NO,1,17
HUÁNUCO,INGENIERÍA MECATRÓNICA,MASCULINO,SI,2,17
LIMA,INGENIERÍA MECATRÓNICA,FEMENINO,NO,1,17
AYACUCHO,INGENIERÍA DE MINAS,MASCULINO,NO,3,20
LIMA,INGENIERÍA CIVIL,MASCULINO,NO,1,17
LIMA,INGENIERÍA CIVIL,MASCULINO,NO,1,17
LIMA,INGENIERÍA CIVIL,FEMENINO,NO,3,19
LIMA,INGENIERÍA MECÁNICA,MASCULINO,NO,3,19
LIMA,ARQUITECTURA,MASCULINO,SI,2,19
CALLAO,INGENIERÍA DE TELECOMUNICACIONES,MASCULINO,NO,4,21
LA LIBERTAD,INGENIERÍA DE SISTEMAS,MASCULINO,NO,2,18
CALLAO,INGENIERÍA DE SISTEMAS,MASCULINO,NO,2,18
APURÍMAC,INGENIERÍA CIVIL,MASCULINO,NO,5,21
LIMA,INGENIERÍA QUÍMICA,MASCULINO,NO,5,21
LIMA,INGENIERÍA QUÍMICA,MASCULINO,NO,3,19
LIMA,INGENIERÍA DE SISTEMAS,MASCULINO,NO,1,18
LIMA,INGENIERÍA DE SISTEMAS,MASCULINO,NO,3,19
LA LIBERTAD,INGENIERÍA MECATRÓNICA,MASCULINO,NO,3,19
LIMA,INGENIERÍA MECATRÓNICA,MASCULINO,NO,5,21
LIMA,INGENIERÍA ECONÓMICA,MASCULINO,SI,2,17
LIMA,INGENIERÍA CIVIL,MASCULINO,NO,4,20
LIMA,INGENIERÍA AMBIENTAL,FEMENINO,NO,2,19
LIMA,ARQUITECTURA,MASCULINO,NO,1,17
LIMA,ARQUITECTURA,FEMENINO,NO,2,18
LIMA,INGENIERÍA PETROQUÍMICA,MASCULINO,NO,4,20
LIMA,INGENIERÍA DE SISTEMAS,MASCULINO,NO,1,18
LIMA,INGENIERÍA SANITARIA,MASCULINO,NO,9,25
LIMA,INGENIERÍA SANITARIA,FEMENINO,NO,4,20
TACNA,INGENIERÍA CIVIL,MASCULINO,NO,1,17
AMAZONAS,INGENIERÍA CIVIL,MASCULINO,NO,2,19
ÁNCASH,ARQUITECTURA,FEMENINO,NO,1,17
LIMA,INGENIERÍA MECATRÓNICA,MASCULINO,NO,2,18
HUÁNUCO,INGENIERÍA MECATRÓNICA,MASCULINO,NO,1,18
LIMA,INGENIERÍA ELÉCTRICA,MASCULINO,NO,4,20
LIMA,INGENIERÍA INDUSTRIAL,MASCULINO,NO,5,21
LIMA,INGENIERÍA DE SISTEMAS,MASCULINO,NO,1,17
LIMA,INGENIERÍA DE SISTEMAS,MASCULINO,SI,3,19
ICA,ARQUITECTURA,FEMENINO,NO,1,17
LIMA,ARQUITECTURA,FEMENINO,NO,1,17
PUNO,INGENIERÍA INDUSTRIAL,MASCULINO,NO,14,30
LIMA,INGENIERÍA CIVIL,MASCULINO,NO,1,18
APURÍMAC,INGENIERÍA DE HIGIENE Y SEGURIDAD INDUSTRIAL,FEMENINO,SI,6,22
LIMA,INGENIERÍA ELECTRÓNICA,MASCULINO,NO,6,22
LORETO,INGENIERÍA CIVIL,FEMENINO,NO,1,20
CALLAO,ARQUITECTURA,MASCULINO,NO,2,18
LIMA,ARQUITECTURA,FEMENINO,NO,1,18
ICA,ARQUITECTURA,MASCULINO,SI,2,19
LIMA,INGENIERÍA DE SISTEMAS,FEMENINO,NO,2,19
LIMA,INGENIERÍA DE SISTEMAS,MASCULINO,NO,1,18
HUANUCO,INGENIERÍA CIVIL,MASCULINO,NO,2,18
MADRE DE DIOS,ARQUITECTURA,FEMENINO,NO,1,17
LIMA,CIENCIA DE LA COMPUTACIÓN,MASCULINO,SI,2,19
LIMA,INGENIERÍA DE SISTEMAS,MASCULINO,NO,3,18
LIMA,INGENIERÍA CIVIL,FEMENINO,NO,3,20
LIMA,ARQUITECTURA,FEMENINO,NO,4,21
LIMA,INGENIERÍA DE PETRÓLEO Y GAS NATURAL,MASCULINO,NO,3,19
LIMA,INGENIERÍA DE SISTEMAS,MASCULINO,NO,2,18
ICA,INGENIERÍA DE SISTEMAS,MASCULINO,SI,3,20
LIMA,CIENCIA DE LA COMPUTACIÓN,FEMENINO,NO,3,19
LIMA,INGENIERÍA CIVIL,FEMENINO,NO,2,18
LIMA,INGENIERÍA CIVIL,MASCULINO,NO,4,21
LIMA,ARQUITECTURA,FEMENINO,NO,4,20
CALLAO,INGENIERÍA ECONÓMICA,FEMENINO,NO,3,19
LIMA,INGENIERÍA CIVIL,MASCULINO,NO,3,19
LIMA,INGENIERÍA DE CIBERSEGURIDAD,MASCULINO,NO,2,18
LIMA,INGENIERÍA AMBIENTAL,MASCULINO,NO,3,20
LIMA,ARQUITECTURA,MASCULINO,SI,4,21
PASCO,INGENIERÍA QUÍMICA,FEMENINO,NO,1,18
LIMA,INGENIERÍA DE TELECOMUNICACIONES,FEMENINO,NO,2,19
LIMA,CIENCIA DE LA COMPUTACIÓN,MASCULINO,NO,1,17
LIMA,INGENIERÍA INDUSTRIAL,MASCULINO,NO,3,20
LIMA,INGENIERÍA DE SISTEMAS,MASCULINO,NO,1,18
LIMA,INGENIERÍA CIVIL,MASCULINO,NO,2,18
LIMA,INGENIERÍA CIVIL,MASCULINO,NO,3,20
ICA,ARQUITECTURA,FEMENINO,NO,1,18
LIMA,INGENIERÍA CIVIL,FEMENINO,NO,2,18
LIMA,INGENIERÍA INDUSTRIAL,MASCULINO,NO,2,18
ANCASH,INGENIERÍA FÍSICA,MASCULINO,NO,6,23
LIMA,INGENIERÍA PETROQUÍMICA,MASCULINO,NO,2,18
LIMA,ARQUITECTURA,MASCULINO,NO,1,18
LIMA,INGENIERÍA DE SISTEMAS,FEMENINO,NO,4,20
LIMA,ARQUITECTURA,MASCULINO,NO,3,20
LIMA,INGENIERÍA DE SISTEMAS,MASCULINO,NO,1,18
LIMA,FÍSICA,MASCULINO,SI,2,18
LIMA,INGENIERÍA INDUSTRIAL,MASCULINO,NO,1,17
LIMA,ARQUITECTURA,FEMENINO,NO,4,19
AYACUCHO,INGENIERÍA MECATRÓNICA,MASCULINO,NO,3,19
LIMA,INGENIERÍA CIVIL,MASCULINO,NO,4,20
LIMA,INGENIERÍA ELECTRÓNICA,MASCULINO,SI,3,20
LIMA,INGENIERÍA INDUSTRIAL,MASCULINO,NO,4,20
LIMA,INGENIERÍA MECÁNICA-ELÉCTRICA,MASCULINO,NO,1,18
LIMA,INGENIERÍA ELECTRÓNICA,MASCULINO,NO,3,20
JUNÍN,INGENIERÍA INDUSTRIAL,FEMENINO,NO,1,17
LIMA,INGENIERÍA CIVIL,MASCULINO,SI,3,19
LIMA,INGENIERÍA MECATRÓNICA,MASCULINO,SI,2,19
LIMA,INGENIERÍA ELECTRÓNICA,MASCULINO,NO,3,19
LIMA,INGENIERÍA DE SISTEMAS,MASCULINO,NO,6,22
LIMA,INGENIERÍA DE CIBERSEGURIDAD,FEMENINO,NO,3,19
LAMBAYEQUE,ARQUITECTURA,MASCULINO,SI,2,18
CALLAO,INGENIERÍA DE SISTEMAS,FEMENINO,NO,1,17
AREQUIPA,INGENIERÍA QUÍMICA,MASCULINO,SI,3,20
LIMA,INGENIERÍA DE SISTEMAS,MASCULINO,NO,2,19
LIMA,INGENIERÍA CIVIL,FEMENINO,NO,2,18
LIMA,INGENIERÍA CIVIL,FEMENINO,NO,4,20
LIMA,INGENIERÍA DE SISTEMAS,MASCULINO,NO,2,18
LIMA,INGENIERÍA INDUSTRIAL,FEMENINO,NO,4,20
LIMA,ARQUITECTURA,FEMENINO,NO,1,18
LIMA,ARQUITECTURA,MASCULINO,NO,3,19
LIMA,INGENIERÍA ESTADÍSTICA,FEMENINO,NO,5,21
LIMA,INGENIERÍA DE TELECOMUNICACIONES,MASCULINO,NO,2,19
LIMA,ARQUITECTURA,FEMENINO,NO,1,19
LIMA,INGENIERÍA ECONÓMICA,FEMENINO,NO,2,18
LIMA,INGENIERÍA DE SISTEMAS,MASCULINO,NO,2,19
LIMA,ARQUITECTURA,FEMENINO,NO,2,18
LIMA,INGENIERÍA CIVIL,MASCULINO,NO,1,18
LIMA,INGENIERÍA MECATRÓNICA,MASCULINO,NO,3,19
LIMA,INGENIERÍA DE PETRÓLEO Y GAS NATURAL,FEMENINO,NO,2,19
LIMA,INGENIERÍA MECÁNICA,FEMENINO,NO,2,19
CUSCO,FÍSICA,MASCULINO,SI,4,20
LIMA,INGENIERÍA ECONÓMICA,FEMENINO,SI,3,20
LIMA,INGENIERÍA INDUSTRIAL,MASCULINO,NO,2,18
LIMA,INGENIERÍA ELECTRÓNICA,MASCULINO,NO,2,19
LIMA,INGENIERÍA ESTADÍSTICA,MASCULINO,NO,4,20
CALLAO,INGENIERÍA CIVIL,MASCULINO,SI,2,18
AYACUCHO,INGENIERÍA CIVIL,MASCULINO,NO,0,17
LIMA,INGENIERÍA FÍSICA,MASCULINO,NO,1,17
LIMA,INGENIERÍA DE SISTEMAS,MASCULINO,NO,3,20
ANCASH,INGENIERÍA MECATRÓNICA,MASCULINO,NO,2,18
LIMA,INGENIERÍA MECÁNICA,MASCULINO,NO,5,21
LIMA,INGENIERÍA DE MINAS,MASCULINO,NO,3,20
LIMA,INGENIERÍA AMBIENTAL,FEMENINO,NO,1,17
LIMA,INGENIERÍA DE SISTEMAS,MASCULINO,NO,1,17
LIMA,INGENIERÍA DE MINAS,MASCULINO,NO,2,18
LIMA,CIENCIA DE LA COMPUTACIÓN,MASCULINO,NO,2,18
LIMA,INGENIERÍA DE SISTEMAS,MASCULINO,NO,3,19
LIMA,INGENIERÍA DE SISTEMAS,MASCULINO,NO,3,19
LIMA,INGENIERÍA ELECTRÓNICA,MASCULINO,SI,2,18
LIMA,ARQUITECTURA,FEMENINO,NO,5,21
AYACUCHO,INGENIERÍA GEOLÓGICA,MASCULINO,NO,1,18
LIMA,FÍSICA,MASCULINO,NO,3,20
LIMA,INGENIERÍA MECATRÓNICA,MASCULINO,SI,2,18
ICA,INGENIERÍA DE SISTEMAS,MASCULINO,NO,5,21
LIMA,ARQUITECTURA,FEMENINO,NO,2,19
LIMA,INGENIERÍA AMBIENTAL,MASCULINO,SI,2,18
LIMA,INGENIERÍA CIVIL,MASCULINO,NO,2,19
LIMA,ARQUITECTURA,FEMENINO,NO,3,20
LIMA,INGENIERÍA DE SISTEMAS,MASCULINO,NO,2,18
LIMA,INGENIERÍA MECATRÓNICA,MASCULINO,NO,3,19
LIMA,INGENIERÍA CIVIL,MASCULINO,NO,1,17
LIMA,INGENIERÍA MECATRÓNICA,MASCULINO,NO,6,22
LIMA,INGENIERÍA DE SOFTWARE,MASCULINO,NO,2,19
LIMA,INGENIERÍA QUÍMICA,FEMENINO,NO,2,18
LIMA,INGENIERÍA CIVIL,MASCULINO,NO,3,19
LIMA,INGENIERÍA SANITARIA,MASCULINO,SI,2,18
LIMA,INGENIERÍA PETROQUÍMICA,MASCULINO,NO,1,17
LIMA,INGENIERÍA CIVIL,MASCULINO,NO,4,19
LIMA,INGENIERÍA MECÁNICA,MASCULINO,NO,4,21
LIMA,INGENIERÍA DE SISTEMAS,MASCULINO,NO,2,18
LIMA,INGENIERÍA DE SOFTWARE,MASCULINO,NO,2,18
LIMA,ARQUITECTURA,FEMENINO,NO,2,18
LIMA,INGENIERÍA ELECTRÓNICA,MASCULINO,NO,8,24
LIMA,INGENIERÍA QUÍMICA,FEMENINO,NO,2,18
LIMA,INGENIERÍA DE SISTEMAS,MASCULINO,NO,2,18
CALLAO,INGENIERÍA MECÁNICA-ELÉCTRICA,MASCULINO,NO,2,18
LIMA,INGENIERÍA CIVIL,MASCULINO,NO,2,18
LIMA,INGENIERÍA CIVIL,MASCULINO,NO,3,19
ANCASH,INGENIERÍA DE SISTEMAS,MASCULINO,NO,2,19
LIMA,ARQUITECTURA,MASCULINO,NO,9,26
LIMA,INGENIERÍA DE SOFTWARE,MASCULINO,SI,2,18
LIMA,INGENIERÍA MECATRÓNICA,MASCULINO,NO,3,19
LIMA,INGENIERÍA CIVIL,MASCULINO,NO,2,18
LIMA,INGENIERÍA INDUSTRIAL,MASCULINO,NO,1,18
LIMA,INGENIERÍA CIVIL,FEMENINO,NO,2,19
LIMA,ARQUITECTURA,MASCULINO,NO,1,19
LIMA,INGENIERÍA CIVIL,MASCULINO,NO,2,18
LIMA,ARQUITECTURA,FEMENINO,NO,2,18
LIMA,INGENIERÍA DE SISTEMAS,MASCULINO,NO,2,19
LIMA,INGENIERÍA CIVIL,MASCULINO,NO,2,19
LIMA,INGENIERÍA MECATRÓNICA,MASCULINO,NO,2,19
JUNIN,CIENCIA DE LA COMPUTACIÓN,FEMENINO,NO,4,20
LIMA,INGENIERÍA DE MINAS,MASCULINO,NO,1,17
LIMA,INGENIERÍA MECÁNICA,FEMENINO,NO,3,19
CALLAO,INGENIERÍA DE MINAS,MASCULINO,NO,3,19
AMAZONAS,ARQUITECTURA,MASCULINO,NO,3,19
LIMA,INGENIERÍA ESTADÍSTICA,MASCULINO,NO,2,18
LIMA,ARQUITECTURA,MASCULINO,NO,2,18
CALLAO,INGENIERÍA DE MINAS,MASCULINO,NO,3,19
LIMA,INGENIERÍA ECONÓMICA,MASCULINO,NO,2,19
LIMA,INGENIERÍA CIVIL,MASCULINO,NO,4,20
LIMA,ARQUITECTURA,MASCULINO,NO,2,19
CALLAO,ARQUITECTURA,FEMENINO,NO,3,19
LIMA,INGENIERÍA METALÚRGICA,MASCULINO,NO,2,18
LIMA,INGENIERÍA DE SOFTWARE,FEMENINO,SI,1,18
JUNIN,INGENIERÍA DE SISTEMAS,MASCULINO,NO,2,19
LIMA,INGENIERÍA MECATRÓNICA,MASCULINO,SI,2,19
LIMA,INGENIERÍA INDUSTRIAL,MASCULINO,NO,2,18
LIMA,INGENIERÍA MECÁNICA,FEMENINO,NO,3,19
LIMA,INGENIERÍA CIVIL,MASCULINO,NO,2,19
LIMA,INGENIERÍA DE SISTEMAS,MASCULINO,NO,3,20
LIMA,ARQUITECTURA,FEMENINO,NO,3,20
LIMA,FÍSICA,FEMENINO,SI,6,22
LIMA,ARQUITECTURA,FEMENINO,NO,4,20
AYACUCHO,INGENIERÍA ECONÓMICA,MASCULINO,NO,2,18
LIMA,INGENIERÍA DE CIBERSEGURIDAD,MASCULINO,SI,7,23
LIMA,INGENIERÍA CIVIL,MASCULINO,NO,1,18
LIMA,INGENIERÍA DE SISTEMAS,MASCULINO,NO,5,21
LIMA,INGENIERÍA MECATRÓNICA,FEMENINO,NO,5,22
LIMA,INGENIERÍA QUÍMICA,FEMENINO,NO,3,19
LIMA,INGENIERÍA CIVIL,MASCULINO,NO,2,18
HUANUCO,INGENIERÍA CIVIL,MASCULINO,NO,1,18
HUANCAVELICA,INGENIERÍA ELECTRÓNICA,MASCULINO,NO,2,18
LIMA,INGENIERÍA DE SISTEMAS,MASCULINO,NO,2,18
LIMA,INGENIERÍA MECATRÓNICA,MASCULINO,NO,1,17
LIMA,INGENIERÍA CIVIL,MASCULINO,NO,2,19
LIMA,INGENIERÍA DE SISTEMAS,MASCULINO,NO,3,19
LIMA,INGENIERÍA CIVIL,MASCULINO,NO,6,22
AYACUCHO,INGENIERÍA MECATRÓNICA,MASCULINO,NO,2,18
LIMA,INGENIERÍA DE MINAS,MASCULINO,NO,0,17
UCAYALI,INGENIERÍA DE MINAS,MASCULINO,NO,1,18
LIMA,ARQUITECTURA,FEMENINO,NO,2,18
LIMA,INGENIERÍA MECÁNICA-ELÉCTRICA,MASCULINO,SI,3,20
LIMA,INGENIERÍA DE SISTEMAS,MASCULINO,NO,3,19
LIMA,INGENIERÍA MECÁNICA,MASCULINO,NO,2,19
LIMA,INGENIERÍA CIVIL,MASCULINO,NO,1,17
AYACUCHO,INGENIERÍA INDUSTRIAL,FEMENINO,NO,1,17
LIMA,INGENIERÍA INDUSTRIAL,FEMENINO,NO,6,22
LIMA,INGENIERÍA DE SISTEMAS,MASCULINO,NO,1,18
LIMA,INGENIERÍA DE SISTEMAS,MASCULINO,NO,2,19
LIMA,INGENIERÍA DE SISTEMAS,MASCULINO,NO,1,18
LIMA,INGENIERÍA CIVIL,MASCULINO,NO,5,21
LIMA,CIENCIA DE LA COMPUTACIÓN,MASCULINO,NO,5,21
LIMA,INGENIERÍA CIVIL,MASCULINO,NO,2,18
JUNIN,INGENIERÍA INDUSTRIAL,MASCULINO,NO,3,20
LIMA,ARQUITECTURA,MASCULINO,NO,1,17
LIMA,INGENIERÍA CIVIL,FEMENINO,NO,2,18
LIMA,INGENIERÍA MECÁNICA-ELÉCTRICA,FEMENINO,NO,2,19
LIMA,INGENIERÍA ESTADÍSTICA,MASCULINO,NO,2,18
JUNIN,INGENIERÍA MECATRÓNICA,MASCULINO,NO,2,18
LIMA,ARQUITECTURA,FEMENINO,NO,3,20
LIMA,INGENIERÍA DE MINAS,MASCULINO,NO,2,19
LIMA,INGENIERÍA DE SISTEMAS,MASCULINO,NO,1,17
LIMA,INGENIERÍA MECATRÓNICA,MASCULINO,NO,3,20
LIMA,INGENIERÍA DE MINAS,MASCULINO,NO,2,19
LIMA,INGENIERÍA MECATRÓNICA,FEMENINO,NO,1,17
LIMA,INGENIERÍA MECÁNICA,MASCULINO,NO,6,23
LIMA,INGENIERÍA INDUSTRIAL,FEMENINO,NO,4,21
LIMA,INGENIERÍA DE SISTEMAS,FEMENINO,NO,1,18
LIMA,INGENIERÍA DE SISTEMAS,MASCULINO,NO,2,18
LIMA,INGENIERÍA INDUSTRIAL,MASCULINO,NO,2,18
LIMA,INGENIERÍA QUÍMICA,MASCULINO,NO,2,18
LIMA,INGENIERÍA MECATRÓNICA,MASCULINO,SI,1,18
LIMA,INGENIERÍA CIVIL,MASCULINO,NO,1,17
LA LIBERTAD,INGENIERÍA MECATRÓNICA,MASCULINO,NO,5,22
LIMA,INGENIERÍA CIVIL,FEMENINO,NO,2,18
LIMA,ARQUITECTURA,FEMENINO,NO,2,19
CALLAO,INGENIERÍA ESTADÍSTICA,MASCULINO,NO,2,18
LIMA,INGENIERÍA CIVIL,MASCULINO,NO,2,18
LIMA,INGENIERÍA MECÁNICA,MASCULINO,NO,2,19
LIMA,ARQUITECTURA,MASCULINO,NO,4,20
ICA,INGENIERÍA INDUSTRIAL,MASCULINO,SI,2,19
LIMA,INGENIERÍA CIVIL,MASCULINO,NO,4,20
LIMA,INGENIERÍA AMBIENTAL,MASCULINO,NO,3,20
LIMA,INGENIERÍA METALÚRGICA,MASCULINO,NO,3,20
HUANCAVELICA,INGENIERÍA ESTADÍSTICA,MASCULINO,NO,1,18
LIMA,INGENIERÍA DE SISTEMAS,MASCULINO,NO,2,18
LIMA,INGENIERÍA QUÍMICA,FEMENINO,SI,8,25
LIMA,INGENIERÍA INDUSTRIAL,FEMENINO,NO,2,18
LIMA,INGENIERÍA CIVIL,MASCULINO,NO,1,18
LIMA,INGENIERÍA ELECTRÓNICA,MASCULINO,NO,6,23
LIMA,INGENIERÍA PETROQUÍMICA,FEMENINO,NO,1,18
LIMA,INGENIERÍA DE CIBERSEGURIDAD,MASCULINO,NO,2,18
LIMA,INGENIERÍA DE SISTEMAS,MASCULINO,NO,3,20
PASCO,INGENIERÍA CIVIL,MASCULINO,NO,2,18
LIMA,ARQUITECTURA,FEMENINO,NO,1,18
LIMA,INGENIERÍA MECATRÓNICA,MASCULINO,NO,2,19
LIMA,INGENIERÍA ELÉCTRICA,MASCULINO,NO,4,20
LIMA,INGENIERÍA INDUSTRIAL,FEMENINO,NO,2,18
LIMA,INGENIERÍA DE SISTEMAS,MASCULINO,NO,5,22
LIMA,INGENIERÍA DE SISTEMAS,MASCULINO,NO,2,19
LIMA,INGENIERÍA DE CIBERSEGURIDAD,FEMENINO,NO,2,18
CALLAO,INGENIERÍA INDUSTRIAL,FEMENINO,NO,2,18
HUANUCO,INGENIERÍA CIVIL,MASCULINO,NO,3,20
LIMA,INGENIERÍA CIVIL,MASCULINO,NO,2,18
LIMA,MATEMÁTICA,MASCULINO,NO,10,25
LIMA,INGENIERÍA DE CIBERSEGURIDAD,MASCULINO,NO,3,19
LIMA,INGENIERÍA DE SISTEMAS,FEMENINO,NO,4,21
LIMA,INGENIERÍA INDUSTRIAL,MASCULINO,NO,7,23
LIMA,INGENIERÍA CIVIL,MASCULINO,NO,4,21
LIMA,INGENIERÍA MECÁNICA,MASCULINO,NO,3,19
LIMA,INGENIERÍA SANITARIA,MASCULINO,SI,7,23
LIMA,INGENIERÍA ECONÓMICA,MASCULINO,NO,1,17
CALLAO,INGENIERÍA MECATRÓNICA,MASCULINO,SI,5,21
LIMA,INGENIERÍA CIVIL,MASCULINO,NO,2,18
LIMA,INGENIERÍA MECÁNICA,MASCULINO,NO,2,18
LIMA,INGENIERÍA DE SISTEMAS,MASCULINO,NO,2,19
LIMA,INGENIERÍA DE SISTEMAS,MASCULINO,NO,2,18
LIMA,INGENIERÍA DE SOFTWARE,MASCULINO,NO,2,18
PUNO,INGENIERÍA GEOLÓGICA,MASCULINO,SI,12,28
LA LIBERTAD,INGENIERÍA INDUSTRIAL,MASCULINO,NO,3,20
LIMA,INGENIERÍA DE CIBERSEGURIDAD,MASCULINO,NO,1,17
LIMA,INGENIERÍA DE SISTEMAS,MASCULINO,NO,3,19
LAMBAYEQUE,INGENIERÍA DE SOFTWARE,MASCULINO,NO,1,17
LIMA,INGENIERÍA CIVIL,MASCULINO,NO,5,22
LIMA,INGENIERÍA MECÁNICA,MASCULINO,SI,3,20
LIMA,INGENIERÍA DE SISTEMAS,MASCULINO,NO,8,24
LIMA,INGENIERÍA INDUSTRIAL,FEMENINO,NO,6,22
LIMA,INGENIERÍA DE SISTEMAS,MASCULINO,SI,1,17
LIMA,INGENIERÍA DE SISTEMAS,MASCULINO,SI,2,18
LIMA,ARQUITECTURA,MASCULINO,NO,4,20
LIMA,INGENIERÍA DE TELECOMUNICACIONES,MASCULINO,NO,10,27
ÁNCASH,INGENIERÍA MECATRÓNICA,MASCULINO,SI,2,18
LIMA,INGENIERÍA AMBIENTAL,MASCULINO,NO,3,19
LIMA,INGENIERÍA DE SISTEMAS,MASCULINO,NO,3,19
HUÁNUCO,INGENIERÍA AMBIENTAL,FEMENINO,NO,1,17
CAJAMARCA,INGENIERÍA ELECTRÓNICA,MASCULINO,NO,7,23
LIMA,INGENIERÍA CIVIL,MASCULINO,NO,1,18
HUANCAVELICA,INGENIERÍA FÍSICA,FEMENINO,NO,1,17
JUNÍN,INGENIERÍA CIVIL,MASCULINO,SI,10,26
LIMA,INGENIERÍA CIVIL,MASCULINO,NO,2,18
LIMA,INGENIERÍA CIVIL,FEMENINO,NO,3,19
CALLAO,INGENIERÍA INDUSTRIAL,MASCULINO,NO,2,18
CALLAO,INGENIERÍA DE SISTEMAS,MASCULINO,NO,1,17
CALLAO,INGENIERÍA NAVAL,MASCULINO,NO,3,19
LIMA,INGENIERÍA MECATRÓNICA,MASCULINO,NO,2,19
LIMA,INGENIERÍA DE SISTEMAS,MASCULINO,NO,1,17
LIMA,INGENIERÍA INDUSTRIAL,MASCULINO,NO,2,18
LIMA,INGENIERÍA INDUSTRIAL,MASCULINO,NO,2,18
LIMA,INGENIERÍA DE MINAS,MASCULINO,NO,2,19
LIMA,ARQUITECTURA,MASCULINO,NO,2,19
LIMA,INGENIERÍA MECATRÓNICA,MASCULINO,NO,6,23
LIMA,ARQUITECTURA,MASCULINO,NO,2,19
LIMA,INGENIERÍA CIVIL,MASCULINO,NO,1,17
JUNIN,INGENIERÍA DE TELECOMUNICACIONES,MASCULINO,SI,3,19
LIMA,INGENIERÍA DE SISTEMAS,MASCULINO,NO,2,18
LIMA,INGENIERÍA GEOLÓGICA,FEMENINO,NO,3,19
CALLAO,INGENIERÍA DE SISTEMAS,MASCULINO,NO,5,22
CALLAO,INGENIERÍA MECATRÓNICA,MASCULINO,NO,2,18
LIMA,INGENIERÍA ECONÓMICA,MASCULINO,NO,3,20
LIMA,INGENIERÍA DE SISTEMAS,MASCULINO,NO,6,22
LIMA,INGENIERÍA CIVIL,FEMENINO,NO,9,25
CALLAO,INGENIERÍA DE CIBERSEGURIDAD,MASCULINO,NO,5,20
JUNIN,ARQUITECTURA,FEMENINO,NO,2,19
JUNIN,ARQUITECTURA,FEMENINO,NO,1,17
LIMA,INGENIERÍA DE PETRÓLEO Y GAS NATURAL,MASCULINO,NO,2,18
LAMBAYEQUE,INGENIERÍA DE MINAS,MASCULINO,NO,2,19
AYACUCHO,INGENIERÍA CIVIL,MASCULINO,NO,1,17
LIMA,INGENIERÍA CIVIL,MASCULINO,NO,1,18
LIMA,INGENIERÍA ECONÓMICA,FEMENINO,SI,2,19
LIMA,INGENIERÍA ELÉCTRICA,MASCULINO,SI,2,19
LIMA,INGENIERÍA AMBIENTAL,FEMENINO,NO,2,19
LIMA,INGENIERÍA MECATRÓNICA,MASCULINO,NO,2,19
LAMBAYEQUE,INGENIERÍA CIVIL,MASCULINO,NO,3,19
CALLAO,CIENCIA DE LA COMPUTACIÓN,MASCULINO,NO,4,20
LIMA,INGENIERÍA CIVIL,MASCULINO,NO,2,18
LIMA,INGENIERÍA DE MINAS,MASCULINO,NO,3,19
LIMA,INGENIERÍA ELECTRÓNICA,MASCULINO,NO,2,18
LIMA,INGENIERÍA MECATRÓNICA,MASCULINO,NO,2,18
LIMA,INGENIERÍA MECÁNICA,MASCULINO,NO,3,19
LIMA,INGENIERÍA SANITARIA,MASCULINO,NO,3,20
AYACUCHO,INGENIERÍA ELÉCTRICA,MASCULINO,NO,6,22
LIMA,ARQUITECTURA,FEMENINO,NO,4,20
LIMA,INGENIERÍA INDUSTRIAL,MASCULINO,NO,2,18
LIMA,INGENIERÍA DE SISTEMAS,MASCULINO,NO,1,18
LIMA,INGENIERÍA DE SISTEMAS,MASCULINO,NO,1,17
LIMA,INGENIERÍA MECÁNICA,MASCULINO,NO,2,18
LIMA,INGENIERÍA QUÍMICA,MASCULINO,SI,3,19
LIMA,INGENIERÍA QUÍMICA,FEMENINO,NO,3,19
LIMA,INGENIERÍA ELECTRÓNICA,MASCULINO,NO,2,18
AYACUCHO,ARQUITECTURA,MASCULINO,NO,2,19
LIMA,INGENIERÍA QUÍMICA,FEMENINO,SI,3,20
LIMA,INGENIERÍA MECATRÓNICA,MASCULINO,NO,3,20
LIMA,INGENIERÍA MECÁNICA,MASCULINO,NO,4,21
LIMA,INGENIERÍA ECONÓMICA,MASCULINO,NO,2,19
LIMA,ARQUITECTURA,FEMENINO,NO,7,24
LIMA,INGENIERÍA CIVIL,MASCULINO,NO,1,17
LIMA,INGENIERÍA NAVAL,MASCULINO,NO,2,19
LIMA,INGENIERÍA DE SISTEMAS,MASCULINO,NO,1,18
LIMA,INGENIERÍA DE SISTEMAS,FEMENINO,NO,3,20
LA LIBERTAD,INGENIERÍA CIVIL,MASCULINO,NO,4,20
LIMA,INGENIERÍA DE SISTEMAS,MASCULINO,NO,3,18
LIMA,INGENIERÍA ELECTRÓNICA,FEMENINO,NO,4,21
ICA,INGENIERÍA CIVIL,FEMENINO,NO,1,17
ICA,INGENIERÍA ELECTRÓNICA,MASCULINO,NO,3,19
LIMA,INGENIERÍA ECONÓMICA,FEMENINO,NO,1,17
CALLAO,FÍSICA,MASCULINO,NO,1,17
LIMA,INGENIERÍA MECATRÓNICA,MASCULINO,NO,3,20
APURÍMAC,INGENIERÍA CIVIL,MASCULINO,NO,1,16
LIMA,INGENIERÍA CIVIL,MASCULINO,NO,1,17
LIMA,INGENIERÍA MECATRÓNICA,MASCULINO,NO,1,18
LIMA,INGENIERÍA ELÉCTRICA,MASCULINO,NO,4,20
LIMA,INGENIERÍA CIVIL,MASCULINO,NO,4,21
LIMA,INGENIERÍA CIVIL,MASCULINO,NO,3,20
LIMA,INGENIERÍA DE SISTEMAS,FEMENINO,NO,3,20
LIMA,INGENIERÍA DE SISTEMAS,MASCULINO,NO,1,17
LIMA,INGENIERÍA CIVIL,MASCULINO,SI,3,19
LIMA,INGENIERÍA MECATRÓNICA,FEMENINO,NO,2,18
LIMA,INGENIERÍA INDUSTRIAL,FEMENINO,NO,1,17
LIMA,INGENIERÍA MECATRÓNICA,MASCULINO,NO,1,17
LIMA,INGENIERÍA DE MINAS,MASCULINO,NO,1,17
ICA,INGENIERÍA CIVIL,MASCULINO,NO,1,17
LIMA,CIENCIA DE LA COMPUTACIÓN,MASCULINO,NO,9,25
LIMA,INGENIERÍA CIVIL,MASCULINO,NO,2,18
MOQUEGUA,INGENIERÍA CIVIL,MASCULINO,NO,1,17
LIMA,INGENIERÍA MECATRÓNICA,FEMENINO,NO,2,18
CALLAO,INGENIERÍA MECATRÓNICA,MASCULINO,NO,2,19
LAMBAYEQUE,INGENIERÍA GEOLÓGICA,MASCULINO,NO,3,20
LIMA,INGENIERÍA MECATRÓNICA,MASCULINO,SI,5,22
PUNO,INGENIERÍA CIVIL,MASCULINO,NO,1,18
LIMA,ARQUITECTURA,FEMENINO,NO,5,21
TACNA,CIENCIA DE LA COMPUTACIÓN,MASCULINO,SI,2,18
LIMA,INGENIERÍA DE HIGIENE Y SEGURIDAD INDUSTRIAL,MASCULINO,NO,5,21
LIMA,INGENIERÍA AMBIENTAL,MASCULINO,NO,6,22
LIMA,INGENIERÍA CIVIL,MASCULINO,NO,2,19
LAMBAYEQUE,INGENIERÍA ECONÓMICA,MASCULINO,NO,3,19
PASCO,INGENIERÍA MECATRÓNICA,MASCULINO,NO,2,18
LIMA,INGENIERÍA DE CIBERSEGURIDAD,MASCULINO,NO,6,22
LIMA,INGENIERÍA DE SISTEMAS,FEMENINO,NO,2,19
LIMA,INGENIERÍA DE SISTEMAS,MASCULINO,NO,2,18
LIMA,ARQUITECTURA,MASCULINO,NO,3,20
LIMA,INGENIERÍA ELECTRÓNICA,MASCULINO,NO,4,20
LIMA,INGENIERÍA CIVIL,MASCULINO,NO,1,17
LIMA,INGENIERÍA DE SISTEMAS,MASCULINO,NO,2,18
LIMA,ARQUITECTURA,MASCULINO,NO,1,17
LIMA,INGENIERÍA DE MINAS,MASCULINO,NO,2,18
LIMA,INGENIERÍA MECATRÓNICA,FEMENINO,NO,2,18
LIMA,INGENIERÍA CIVIL,MASCULINO,NO,5,22
LIMA,INGENIERÍA QUÍMICA,FEMENINO,NO,4,20
PIURA,INGENIERÍA ELÉCTRICA,MASCULINO,NO,4,21
LIMA,INGENIERÍA ESTADÍSTICA,MASCULINO,NO,5,21
PASCO,INGENIERÍA INDUSTRIAL,MASCULINO,NO,1,18
LIMA,INGENIERÍA DE TELECOMUNICACIONES,MASCULINO,NO,3,19
LIMA,INGENIERÍA MECÁNICA-ELÉCTRICA,MASCULINO,NO,2,19
LIMA,INGENIERÍA ELECTRÓNICA,MASCULINO,NO,2,19
LIMA,INGENIERÍA DE SISTEMAS,MASCULINO,NO,1,18
LIMA,INGENIERÍA DE SISTEMAS,FEMENINO,NO,2,19
JUNIN,INGENIERÍA METALÚRGICA,MASCULINO,NO,4,19
LIMA,INGENIERÍA CIVIL,FEMENINO,NO,2,19
LIMA,ARQUITECTURA,FEMENINO,NO,2,18
LIMA,INGENIERÍA DE CIBERSEGURIDAD,MASCULINO,NO,1,18
LIMA,INGENIERÍA DE SISTEMAS,MASCULINO,NO,0,17
LIMA,INGENIERÍA DE MINAS,MASCULINO,NO,2,18
LIMA,ARQUITECTURA,MASCULINO,NO,3,20
LIMA,INGENIERÍA DE TELECOMUNICACIONES,MASCULINO,NO,3,20
LIMA,INGENIERÍA MECÁNICA,MASCULINO,NO,3,20
LIMA,ARQUITECTURA,MASCULINO,NO,4,20
LIMA,INGENIERÍA ELECTRÓNICA,MASCULINO,NO,1,18
LIMA,INGENIERÍA QUÍMICA,MASCULINO,NO,2,19
CUSCO,INGENIERÍA AMBIENTAL,MASCULINO,SI,4,20
LIMA,INGENIERÍA DE MINAS,MASCULINO,NO,2,18
LIMA,INGENIERÍA DE SOFTWARE,MASCULINO,NO,1,17
LIMA,INGENIERÍA FÍSICA,FEMENINO,NO,2,19
LIMA,INGENIERÍA CIVIL,MASCULINO,NO,3,20
HUANUCO,INGENIERÍA CIVIL,FEMENINO,NO,3,19
LIMA,INGENIERÍA CIVIL,MASCULINO,NO,1,18
LIMA,INGENIERÍA DE SISTEMAS,MASCULINO,SI,1,18
PUNO,ARQUITECTURA,MASCULINO,NO,2,19
LIMA,INGENIERÍA METALÚRGICA,MASCULINO,NO,3,19
LIMA,INGENIERÍA ELÉCTRICA,MASCULINO,NO,2,18
LIMA,INGENIERÍA DE SISTEMAS,MASCULINO,NO,3,19
LIMA,INGENIERÍA CIVIL,MASCULINO,NO,2,19
CALLAO,INGENIERÍA GEOLÓGICA,FEMENINO,NO,3,19
LIMA,INGENIERÍA INDUSTRIAL,MASCULINO,NO,4,20
LIMA,INGENIERÍA INDUSTRIAL,MASCULINO,NO,4,20
CALLAO,INGENIERÍA QUÍMICA,MASCULINO,NO,2,19
LIMA,INGENIERÍA DE SISTEMAS,MASCULINO,NO,3,20
LIMA,INGENIERÍA INDUSTRIAL,MASCULINO,NO,3,19
AMAZONAS,INGENIERÍA ELÉCTRICA,MASCULINO,NO,5,21
LIMA,INGENIERÍA CIVIL,MASCULINO,SI,4,20
AMAZONAS,INGENIERÍA DE SISTEMAS,MASCULINO,NO,6,23
LIMA,INGENIERÍA ELÉCTRICA,MASCULINO,SI,2,18
LIMA,INGENIERÍA MECÁNICA,FEMENINO,NO,2,19
LIMA,INGENIERÍA DE SISTEMAS,MASCULINO,NO,2,18
LIMA,INGENIERÍA CIVIL,MASCULINO,SI,4,21
LIMA,INGENIERÍA INDUSTRIAL,MASCULINO,NO,2,19
LIMA,INGENIERÍA CIVIL,MASCULINO,NO,5,22
LIMA,CIENCIA DE LA COMPUTACIÓN,MASCULINO,SI,3,20
LIMA,INGENIERÍA MECÁNICA,MASCULINO,SI,6,22
LIMA,INGENIERÍA MECÁNICA,MASCULINO,NO,2,19
LIMA,INGENIERÍA ELECTRÓNICA,MASCULINO,NO,2,18
APURIMAC,INGENIERÍA MECATRÓNICA,MASCULINO,NO,2,18
LIMA,INGENIERÍA DE SISTEMAS,MASCULINO,NO,2,18
LIMA,INGENIERÍA ECONÓMICA,MASCULINO,NO,2,19
CALLAO,INGENIERÍA TEXTIL,MASCULINO,NO,5,21
ANCASH,INGENIERÍA CIVIL,FEMENINO,NO,2,18
LIMA,INGENIERÍA CIVIL,MASCULINO,NO,5,22
LIMA,INGENIERÍA MECATRÓNICA,FEMENINO,NO,1,18
LIMA,INGENIERÍA AMBIENTAL,FEMENINO,NO,2,19
LIMA,INGENIERÍA CIVIL,FEMENINO,NO,7,23
LIMA,INGENIERÍA MECÁNICA,MASCULINO,NO,7,22
LIMA,INGENIERÍA ELÉCTRICA,MASCULINO,NO,2,18
LIMA,INGENIERÍA CIVIL,MASCULINO,NO,2,18
CALLAO,INGENIERÍA ELECTRÓNICA,MASCULINO,NO,5,21
LIMA,INGENIERÍA DE SISTEMAS,MASCULINO,NO,4,20
LIMA,INGENIERÍA DE MINAS,MASCULINO,NO,3,19
LIMA,INGENIERÍA DE SISTEMAS,MASCULINO,NO,3,19
LIMA,ARQUITECTURA,MASCULINO,NO,3,19
AMAZONAS,INGENIERÍA CIVIL,MASCULINO,NO,2,18
LIMA,INGENIERÍA ELÉCTRICA,MASCULINO,NO,4,20
CAJAMARCA,INGENIERÍA CIVIL,MASCULINO,NO,2,20
CAJAMARCA,INGENIERÍA CIVIL,MASCULINO,SI,1,18
LIMA,INGENIERÍA DE MINAS,MASCULINO,NO,1,17
LIMA,INGENIERÍA DE HIGIENE Y SEGURIDAD INDUSTRIAL,FEMENINO,NO,2,18
LIMA,ARQUITECTURA,FEMENINO,NO,3,19
LIMA,ARQUITECTURA,FEMENINO,NO,2,18
LIMA,INGENIERÍA MECÁNICA,MASCULINO,NO,3,19
LIMA,INGENIERÍA DE SISTEMAS,FEMENINO,NO,1,18
CALLAO,INGENIERÍA DE SISTEMAS,MASCULINO,NO,2,18
LIMA,INGENIERÍA MECATRÓNICA,MASCULINO,NO,2,18
LIMA,INGENIERÍA CIVIL,MASCULINO,NO,17,34
LIMA,INGENIERÍA DE SISTEMAS,FEMENINO,NO,2,18
LIMA,INGENIERÍA ESTADÍSTICA,FEMENINO,NO,2,19
LIMA,ARQUITECTURA,MASCULINO,NO,1,18
LIMA,INGENIERÍA CIVIL,FEMENINO,NO,2,20
LAMBAYEQUE,INGENIERÍA INDUSTRIAL,FEMENINO,NO,2,18
LIMA,ARQUITECTURA,MASCULINO,NO,1,17
LIMA,INGENIERÍA DE SISTEMAS,MASCULINO,NO,2,18
HUANCAVELICA,CIENCIA DE LA COMPUTACIÓN,MASCULINO,NO,3,20
LIMA,ARQUITECTURA,FEMENINO,NO,3,19
LIMA,CIENCIA DE LA COMPUTACIÓN,FEMENINO,SI,1,18
LIMA,INGENIERÍA CIVIL,MASCULINO,NO,2,19
CAJAMARCA,INGENIERÍA DE MINAS,MASCULINO,NO,2,20
LIMA,INGENIERÍA PETROQUÍMICA,MASCULINO,NO,2,19
LIMA,INGENIERÍA ELÉCTRICA,MASCULINO,NO,2,19
LIMA,ARQUITECTURA,FEMENINO,NO,4,20
LIMA,INGENIERÍA MECÁNICA,MASCULINO,NO,2,19
LIMA,INGENIERÍA DE SISTEMAS,FEMENINO,NO,2,18
LIMA,INGENIERÍA DE SISTEMAS,MASCULINO,NO,2,19
LIMA,INGENIERÍA ESTADÍSTICA,MASCULINO,NO,7,24
LIMA,ARQUITECTURA,MASCULINO,SI,3,19
LIMA,INGENIERÍA DE SISTEMAS,MASCULINO,NO,2,19
LIMA,INGENIERÍA CIVIL,MASCULINO,NO,1,17
LIMA,ARQUITECTURA,FEMENINO,NO,7,23
LIMA,INGENIERÍA CIVIL,FEMENINO,NO,3,19
LIMA,INGENIERÍA DE SISTEMAS,MASCULINO,NO,1,17
LIMA,INGENIERÍA DE SISTEMAS,MASCULINO,NO,6,22
LIMA,INGENIERÍA DE SISTEMAS,MASCULINO,NO,2,18
LIMA,ARQUITECTURA,FEMENINO,NO,2,19
LIMA,INGENIERÍA QUÍMICA,MASCULINO,SI,3,20
LIMA,ARQUITECTURA,MASCULINO,NO,1,18
ANCASH,INGENIERÍA MECATRÓNICA,MASCULINO,SI,1,18
LIMA,INGENIERÍA MECATRÓNICA,MASCULINO,NO,2,19
PUNO,FÍSICA,MASCULINO,SI,4,20
LIMA,INGENIERÍA MECÁNICA,MASCULINO,NO,4,20
LAMBAYEQUE,INGENIERÍA ECONÓMICA,MASCULINO,NO,7,23
LIMA,ARQUITECTURA,FEMENINO,NO,1,18
LIMA,INGENIERÍA DE SISTEMAS,FEMENINO,NO,1,17
LIMA,INGENIERÍA ELÉCTRICA,MASCULINO,SI,4,21
LIMA,INGENIERÍA INDUSTRIAL,FEMENINO,NO,1,18
LIMA,INGENIERÍA DE SOFTWARE,MASCULINO,SI,3,19
LIMA,INGENIERÍA GEOLÓGICA,MASCULINO,NO,2,18
LIMA,INGENIERÍA ELECTRÓNICA,MASCULINO,NO,3,19
LIMA,INGENIERÍA CIVIL,MASCULINO,NO,3,19
LIMA,INGENIERÍA MECÁNICA,MASCULINO,NO,2,18
LIMA,INGENIERÍA MECATRÓNICA,MASCULINO,NO,3,19
LIMA,INGENIERÍA ELÉCTRICA,MASCULINO,NO,2,19
LIMA,INGENIERÍA DE SISTEMAS,MASCULINO,SI,2,19
LIMA,INGENIERÍA DE TELECOMUNICACIONES,MASCULINO,NO,6,22
LIMA,INGENIERÍA QUÍMICA,FEMENINO,NO,8,25
LIMA,INGENIERÍA ELÉCTRICA,MASCULINO,SI,2,18
CALLAO,ARQUITECTURA,FEMENINO,NO,1,18
LIMA,INGENIERÍA INDUSTRIAL,MASCULINO,NO,2,18
LIMA,FÍSICA,MASCULINO,NO,0,18
LIMA,INGENIERÍA CIVIL,FEMENINO,NO,2,18
LIMA,INGENIERÍA MECÁNICA,MASCULINO,NO,2,19
LIMA,ARQUITECTURA,MASCULINO,SI,4,20
LIMA,INGENIERÍA DE SISTEMAS,MASCULINO,NO,2,19
CAJAMARCA,INGENIERÍA CIVIL,MASCULINO,NO,2,19
LIMA,INGENIERÍA DE CIBERSEGURIDAD,MASCULINO,NO,3,19
LIMA,INGENIERÍA DE SISTEMAS,MASCULINO,SI,2,18
LIMA,INGENIERÍA MECÁNICA-ELÉCTRICA,MASCULINO,NO,2,18
LIMA,INGENIERÍA DE SISTEMAS,MASCULINO,NO,2,18
LIMA,INGENIERÍA DE SISTEMAS,MASCULINO,NO,1,18
LIMA,ARQUITECTURA,FEMENINO,NO,3,19
LIMA,INGENIERÍA DE SISTEMAS,FEMENINO,NO,2,18
LIMA,INGENIERÍA DE SISTEMAS,MASCULINO,NO,2,19
LIMA,INGENIERÍA INDUSTRIAL,MASCULINO,NO,1,17
LIMA,INGENIERÍA ESTADÍSTICA,MASCULINO,NO,3,19
LIMA,INGENIERÍA DE SISTEMAS,MASCULINO,NO,2,18
LIMA,ARQUITECTURA,FEMENINO,NO,2,18
LIMA,INGENIERÍA ELECTRÓNICA,MASCULINO,NO,2,19
LIMA,INGENIERÍA QUÍMICA,FEMENINO,NO,2,19
LIMA,INGENIERÍA DE SISTEMAS,MASCULINO,NO,2,18
LIMA,INGENIERÍA INDUSTRIAL,MASCULINO,NO,2,18
LIMA,QUÍMICA,MASCULINO,NO,6,22
CALLAO,INGENIERÍA DE SOFTWARE,MASCULINO,NO,1,17
JUNIN,INGENIERÍA MECATRÓNICA,MASCULINO,NO,5,21
ANCASH,INGENIERÍA QUÍMICA,MASCULINO,SI,2,19
ANCASH,INGENIERÍA DE SISTEMAS,MASCULINO,SI,3,19
LIMA,INGENIERÍA DE SISTEMAS,MASCULINO,SI,1,17
LIMA,INGENIERÍA DE MINAS,FEMENINO,NO,2,19
LIMA,INGENIERÍA MECATRÓNICA,MASCULINO,NO,2,18
LIMA,INGENIERÍA INDUSTRIAL,MASCULINO,NO,2,19
LIMA,INGENIERÍA CIVIL,FEMENINO,NO,2,19
LIMA,INGENIERÍA MECATRÓNICA,MASCULINO,NO,4,20
LIMA,CIENCIA DE LA COMPUTACIÓN,MASCULINO,NO,2,18
LIMA,INGENIERÍA MECÁNICA-ELÉCTRICA,MASCULINO,NO,4,20
ICA,INGENIERÍA DE SISTEMAS,MASCULINO,NO,2,18
LIMA,INGENIERÍA CIVIL,MASCULINO,NO,1,17
LIMA,INGENIERÍA CIVIL,MASCULINO,NO,3,19
LIMA,INGENIERÍA DE SISTEMAS,MASCULINO,NO,2,18
LIMA,INGENIERÍA DE CIBERSEGURIDAD,MASCULINO,NO,1,17
LIMA,INGENIERÍA CIVIL,MASCULINO,NO,2,19
LIMA,INGENIERÍA CIVIL,MASCULINO,NO,1,18
LIMA,INGENIERÍA DE MINAS,MASCULINO,NO,2,19
LIMA,INGENIERÍA DE SISTEMAS,MASCULINO,NO,3,19
LIMA,INGENIERÍA INDUSTRIAL,MASCULINO,NO,3,20
LIMA,FÍSICA,MASCULINO,NO,2,19
CALLAO,INGENIERÍA INDUSTRIAL,MASCULINO,NO,1,17
HUANCAVELICA,INGENIERÍA ECONÓMICA,FEMENINO,SI,4,21
LIMA,INGENIERÍA ESTADÍSTICA,FEMENINO,NO,6,22
LIMA,QUÍMICA,FEMENINO,NO,3,20
LIMA,INGENIERÍA CIVIL,MASCULINO,NO,1,17
LIMA,INGENIERÍA DE SISTEMAS,MASCULINO,NO,2,18
LIMA,INGENIERÍA DE SISTEMAS,MASCULINO,NO,2,19
HUANCAVELICA,INGENIERÍA CIVIL,MASCULINO,NO,2,18
LIMA,ARQUITECTURA,MASCULINO,NO,4,21
LIMA,INGENIERÍA MECÁNICA,MASCULINO,NO,1,18
LIMA,INGENIERÍA DE HIGIENE Y SEGURIDAD INDUSTRIAL,FEMENINO,NO,2,19
LIMA,ARQUITECTURA,MASCULINO,NO,1,17
LIMA,INGENIERÍA CIVIL,MASCULINO,NO,2,18
LIMA,INGENIERÍA ECONÓMICA,MASCULINO,SI,4,20
LIMA,ARQUITECTURA,MASCULINO,NO,2,18
LIMA,INGENIERÍA CIVIL,MASCULINO,NO,1,17
CAJAMARCA,INGENIERÍA INDUSTRIAL,MASCULINO,NO,5,21
CALLAO,INGENIERÍA AMBIENTAL,FEMENINO,SI,2,19
LIMA,INGENIERÍA MECATRÓNICA,MASCULINO,NO,3,19
LIMA,INGENIERÍA ELÉCTRICA,MASCULINO,NO,2,18
LIMA,ARQUITECTURA,MASCULINO,NO,1,17
LIMA,INGENIERÍA CIVIL,MASCULINO,NO,1,18
LIMA,INGENIERÍA DE SISTEMAS,FEMENINO,NO,5,21
LIMA,INGENIERÍA CIVIL,MASCULINO,NO,8,24
LIMA,INGENIERÍA CIVIL,MASCULINO,NO,4,20
LIMA,INGENIERÍA DE SISTEMAS,MASCULINO,NO,2,18
LIMA,INGENIERÍA MECATRÓNICA,MASCULINO,SI,3,19
HUANUCO,INGENIERÍA ELÉCTRICA,MASCULINO,NO,3,20
LIMA,INGENIERÍA DE HIGIENE Y SEGURIDAD INDUSTRIAL,FEMENINO,NO,3,19
LIMA,INGENIERÍA DE MINAS,MASCULINO,SI,2,18
AYACUCHO,INGENIERÍA MECÁNICA,FEMENINO,NO,3,20
LIMA,INGENIERÍA MECATRÓNICA,MASCULINO,NO,2,19
LIMA,INGENIERÍA MECATRÓNICA,FEMENINO,NO,4,21
LIMA,INGENIERÍA DE CIBERSEGURIDAD,MASCULINO,NO,2,19
LIMA,INGENIERÍA DE SISTEMAS,MASCULINO,SI,2,18
CALLAO,INGENIERÍA QUÍMICA,MASCULINO,NO,3,20
LIMA,INGENIERÍA INDUSTRIAL,MASCULINO,NO,4,20
LIMA,INGENIERÍA DE MINAS,FEMENINO,NO,3,19
LIMA,INGENIERÍA DE MINAS,MASCULINO,SI,2,19
LIMA,INGENIERÍA DE CIBERSEGURIDAD,MASCULINO,SI,3,19
LIMA,INGENIERÍA DE SOFTWARE,MASCULINO,NO,2,19
LIMA,INGENIERÍA DE SISTEMAS,MASCULINO,NO,3,19
LIMA,INGENIERÍA DE SISTEMAS,MASCULINO,NO,3,19
HUANUCO,INGENIERÍA CIVIL,MASCULINO,NO,9,26
PUNO,INGENIERÍA INDUSTRIAL,FEMENINO,NO,2,18
LIMA,INGENIERÍA DE SISTEMAS,MASCULINO,NO,4,20
LIMA,CIENCIA DE LA COMPUTACIÓN,MASCULINO,SI,2,18
CALLAO,INGENIERÍA ECONÓMICA,MASCULINO,NO,1,18
ÁNCASH,INGENIERÍA CIVIL,MASCULINO,NO,1,17
LIMA,INGENIERÍA INDUSTRIAL,MASCULINO,NO,1,18
LIMA,INGENIERÍA DE MINAS,MASCULINO,NO,1,17
LIMA,INGENIERÍA ECONÓMICA,FEMENINO,SI,1,18
LIMA,INGENIERÍA DE TELECOMUNICACIONES,MASCULINO,NO,1,18
LIMA,ARQUITECTURA,FEMENINO,NO,1,17
APURÍMAC,INGENIERÍA GEOLÓGICA,FEMENINO,NO,4,20
LIMA,INGENIERÍA QUÍMICA,MASCULINO,NO,3,20
JUNÍN,INGENIERÍA QUÍMICA,FEMENINO,NO,2,18
LIMA,ARQUITECTURA,FEMENINO,NO,1,17
LIMA,MATEMÁTICA,MASCULINO,NO,3,21
LA LIBERTAD,INGENIERÍA INDUSTRIAL,MASCULINO,NO,1,18
CAJAMARCA,ARQUITECTURA,FEMENINO,NO,1,17
LIMA,INGENIERÍA DE TELECOMUNICACIONES,FEMENINO,NO,7,23
LIMA,INGENIERÍA MECATRÓNICA,MASCULINO,NO,1,18
JUNÍN,INGENIERÍA CIVIL,MASCULINO,NO,2,18
LIMA,INGENIERÍA ELECTRÓNICA,MASCULINO,NO,2,18
LIMA,INGENIERÍA MECÁNICA,MASCULINO,NO,2,18
LIMA,INGENIERÍA ELECTRÓNICA,MASCULINO,NO,1,17
LIMA,INGENIERÍA QUÍMICA,MASCULINO,NO,1,17
LIMA,INGENIERÍA ELECTRÓNICA,MASCULINO,NO,2,18
AYACUCHO,INGENIERÍA INDUSTRIAL,MASCULINO,NO,2,18
LIMA,INGENIERÍA DE SISTEMAS,MASCULINO,NO,2,19
CAJAMARCA,INGENIERÍA CIVIL,FEMENINO,NO,4,21
JUNÍN,INGENIERÍA MECATRÓNICA,MASCULINO,NO,4,21
LIMA,INGENIERÍA MECATRÓNICA,MASCULINO,NO,2,18
LIMA,ARQUITECTURA,FEMENINO,NO,3,19
LIMA,INGENIERÍA DE SISTEMAS,MASCULINO,NO,1,18
PIURA,INGENIERÍA AMBIENTAL,FEMENINO,NO,17,34
LIMA,INGENIERÍA DE MINAS,MASCULINO,NO,1,17
LIMA,INGENIERÍA CIVIL,MASCULINO,NO,2,18
LIMA,INGENIERÍA ECONÓMICA,MASCULINO,SI,1,17
LIMA,INGENIERÍA METALÚRGICA,MASCULINO,NO,3,19
LIMA,ARQUITECTURA,MASCULINO,NO,1,17
CALLAO,INGENIERÍA DE SISTEMAS,MASCULINO,NO,3,19
LIMA,ARQUITECTURA,MASCULINO,NO,3,20
LIMA,INGENIERÍA INDUSTRIAL,MASCULINO,SI,4,20
JUNÍN,INGENIERÍA CIVIL,FEMENINO,NO,1,17
AREQUIPA,INGENIERÍA DE MINAS,MASCULINO,NO,1,17
LIMA,INGENIERÍA INDUSTRIAL,MASCULINO,NO,1,17
LIMA,INGENIERÍA QUÍMICA,MASCULINO,NO,7,23
LIMA,INGENIERÍA CIVIL,MASCULINO,NO,6,22
LIMA,FÍSICA,FEMENINO,NO,2,17
LIMA,FÍSICA,MASCULINO,NO,3,19
LIMA,ARQUITECTURA,MASCULINO,NO,1,17
JUNÍN,INGENIERÍA MECATRÓNICA,FEMENINO,NO,1,18
LIMA,INGENIERÍA DE SISTEMAS,MASCULINO,NO,1,17
JUNÍN,INGENIERÍA CIVIL,MASCULINO,NO,2,18
CALLAO,INGENIERÍA INDUSTRIAL,MASCULINO,SI,3,19
LIMA,INGENIERÍA DE SISTEMAS,MASCULINO,NO,2,18
LIMA,INGENIERÍA DE SISTEMAS,MASCULINO,NO,2,19
LIMA,INGENIERÍA CIVIL,FEMENINO,NO,1,17
LIMA,INGENIERÍA DE SISTEMAS,MASCULINO,NO,1,17
CALLAO,INGENIERÍA DE SISTEMAS,MASCULINO,NO,1,18
LIMA,ARQUITECTURA,FEMENINO,NO,1,18
LIMA,INGENIERÍA DE MINAS,MASCULINO,NO,8,25
LIMA,INGENIERÍA CIVIL,MASCULINO,NO,1,17
LIMA,INGENIERÍA FÍSICA,MASCULINO,NO,3,19
LIMA,INGENIERÍA MECATRÓNICA,MASCULINO,NO,2,18
JUNÍN,INGENIERÍA SANITARIA,MASCULINO,NO,3,19
LIMA,INGENIERÍA DE SISTEMAS,MASCULINO,NO,1,18
LIMA,INGENIERÍA DE MINAS,MASCULINO,NO,4,20
LIMA,ARQUITECTURA,FEMENINO,NO,1,17
LIMA,ARQUITECTURA,FEMENINO,NO,4,22
CALLAO,INGENIERÍA MECÁNICA,MASCULINO,NO,2,18
LIMA,INGENIERÍA TEXTIL,MASCULINO,NO,1,18
LAMBAYEQUE,INGENIERÍA CIVIL,MASCULINO,NO,1,17
CALLAO,INGENIERÍA MECATRÓNICA,MASCULINO,NO,3,20
LIMA,ARQUITECTURA,FEMENINO,NO,1,17
LIMA,ARQUITECTURA,MASCULINO,NO,2,18
LIMA,INGENIERÍA DE SISTEMAS,MASCULINO,NO,4,21
LIMA,INGENIERÍA CIVIL,MASCULINO,NO,1,17
LIMA,INGENIERÍA AMBIENTAL,MASCULINO,NO,18,35
LIMA,CIENCIA DE LA COMPUTACIÓN,MASCULINO,SI,1,17
LIMA,INGENIERÍA ECONÓMICA,FEMENINO,SI,5,21
LIMA,INGENIERÍA MECATRÓNICA,MASCULINO,SI,1,16
LIMA,INGENIERÍA ELECTRÓNICA,MASCULINO,NO,2,18
APURÍMAC,FÍSICA,MASCULINO,NO,6,22
LIMA,INGENIERÍA CIVIL,MASCULINO,NO,3,19
LIMA,INGENIERÍA DE MINAS,MASCULINO,NO,1,17
LIMA,INGENIERÍA CIVIL,MASCULINO,NO,1,18
LIMA,ARQUITECTURA,FEMENINO,NO,4,20
LIMA,INGENIERÍA INDUSTRIAL,FEMENINO,NO,1,18
LIMA,INGENIERÍA DE SISTEMAS,MASCULINO,NO,1,16
LIMA,INGENIERÍA CIVIL,FEMENINO,NO,1,17
LIMA,INGENIERÍA CIVIL,MASCULINO,NO,9,26
LIMA,INGENIERÍA AMBIENTAL,MASCULINO,NO,3,20
ÁNCASH,INGENIERÍA CIVIL,FEMENINO,NO,1,17
LIMA,INGENIERÍA QUÍMICA,MASCULINO,NO,3,19
CALLAO,INGENIERÍA ECONÓMICA,FEMENINO,SI,8,24
LIMA,CIENCIA DE LA COMPUTACIÓN,MASCULINO,NO,12,29
LIMA,INGENIERÍA ELECTRÓNICA,MASCULINO,NO,1,17
LA LIBERTAD,ARQUITECTURA,FEMENINO,NO,1,18
LIMA,INGENIERÍA DE MINAS,MASCULINO,NO,1,17
LIMA,FÍSICA,MASCULINO,NO,2,18
LIMA,QUÍMICA,MASCULINO,NO,4,20
JUNÍN,ARQUITECTURA,MASCULINO,NO,1,17
LIMA,INGENIERÍA AMBIENTAL,FEMENINO,NO,1,17
JUNÍN,INGENIERÍA CIVIL,MASCULINO,NO,1,17
HUANCAVELICA,INGENIERÍA AMBIENTAL,MASCULINO,SI,2,20
LIMA,INGENIERÍA DE PETRÓLEO Y GAS NATURAL,MASCULINO,SI,10,26
JUNÍN,INGENIERÍA DE SISTEMAS,MASCULINO,SI,5,21
LIMA,INGENIERÍA ELÉCTRICA,MASCULINO,SI,4,20
LIMA,INGENIERÍA MECÁNICA-ELÉCTRICA,MASCULINO,SI,5,20
VENEZUELA,INGENIERÍA DE TELECOMUNICACIONES,FEMENINO,NO,16,33
LIMA,CIENCIA DE LA COMPUTACIÓN,MASCULINO,NO,7,23
LIMA,INGENIERÍA ELECTRÓNICA,MASCULINO,NO,1,18
LIMA,INGENIERÍA MECÁNICA-ELÉCTRICA,MASCULINO,SI,3,19
LIMA,INGENIERÍA ELÉCTRICA,MASCULINO,NO,5,22
CAJAMARCA,INGENIERÍA DE SISTEMAS,MASCULINO,NO,2,18
LIMA,INGENIERÍA ELÉCTRICA,MASCULINO,NO,3,19
LIMA,INGENIERÍA CIVIL,MASCULINO,NO,3,19
LAMBAYEQUE,INGENIERÍA QUÍMICA,MASCULINO,NO,1,17
LIMA,INGENIERÍA SANITARIA,MASCULINO,NO,7,23
LIMA,INGENIERÍA MECÁNICA,MASCULINO,NO,6,22
LIMA,INGENIERÍA CIVIL,MASCULINO,NO,3,20
LIMA,INGENIERÍA DE SISTEMAS,FEMENINO,NO,2,17
LIMA,INGENIERÍA QUÍMICA,MASCULINO,SI,3,19
LIMA,INGENIERÍA DE SISTEMAS,MASCULINO,NO,3,20
LIMA,INGENIERÍA DE SISTEMAS,MASCULINO,NO,1,16
JUNÍN,INGENIERÍA AMBIENTAL,FEMENINO,NO,4,20
LIMA,INGENIERÍA CIVIL,MASCULINO,NO,1,17
LIMA,INGENIERÍA MECATRÓNICA,MASCULINO,NO,2,18
LIMA,INGENIERÍA INDUSTRIAL,MASCULINO,NO,3,19
LIMA,INGENIERÍA MECATRÓNICA,MASCULINO,NO,2,18
UCAYALI,ARQUITECTURA,FEMENINO,NO,3,19
ICA,INGENIERÍA MECATRÓNICA,MASCULINO,SI,1,18
CALLAO,INGENIERÍA CIVIL,MASCULINO,NO,1,18
LIMA,INGENIERÍA AMBIENTAL,FEMENINO,SI,4,20
LIMA,INGENIERÍA DE SISTEMAS,MASCULINO,NO,1,18
LIMA,INGENIERÍA CIVIL,FEMENINO,NO,5,21
LIMA,INGENIERÍA AMBIENTAL,MASCULINO,NO,1,18
PUNO,INGENIERÍA CIVIL,MASCULINO,NO,3,19
LIMA,INGENIERÍA ELECTRÓNICA,MASCULINO,NO,1,17
LIMA,INGENIERÍA MECATRÓNICA,MASCULINO,NO,2,18
LIMA,INGENIERÍA MECATRÓNICA,MASCULINO,NO,6,23
LIMA,INGENIERÍA MECATRÓNICA,MASCULINO,NO,1,18
LIMA,INGENIERÍA AMBIENTAL,MASCULINO,NO,2,18
LIMA,ARQUITECTURA,MASCULINO,SI,5,21
LIMA,INGENIERÍA DE HIGIENE Y SEGURIDAD INDUSTRIAL,FEMENINO,NO,4,20
LIMA,INGENIERÍA INDUSTRIAL,MASCULINO,NO,3,19
LIMA,INGENIERÍA MECÁNICA,MASCULINO,NO,2,18
APURÍMAC,INGENIERÍA MECATRÓNICA,FEMENINO,NO,2,19
LIMA,INGENIERÍA AMBIENTAL,MASCULINO,SI,3,19
CALLAO,INGENIERÍA DE TELECOMUNICACIONES,MASCULINO,NO,3,20
LIMA,INGENIERÍA DE MINAS,MASCULINO,NO,7,23
LIMA,INGENIERÍA MECATRÓNICA,MASCULINO,NO,1,17
LIMA,INGENIERÍA ELECTRÓNICA,MASCULINO,NO,6,22
LIMA,INGENIERÍA ECONÓMICA,MASCULINO,NO,2,18
LIMA,INGENIERÍA QUÍMICA,FEMENINO,NO,5,21
LIMA,INGENIERÍA DE SOFTWARE,MASCULINO,NO,6,22
AREQUIPA,INGENIERÍA DE TELECOMUNICACIONES,MASCULINO,NO,3,20
LIMA,INGENIERÍA CIVIL,MASCULINO,NO,1,17
LIMA,INGENIERÍA MECATRÓNICA,MASCULINO,NO,1,17
LIMA,ARQUITECTURA,FEMENINO,NO,2,18
LIMA,INGENIERÍA INDUSTRIAL,MASCULINO,NO,4,20
LIMA,INGENIERÍA INDUSTRIAL,MASCULINO,NO,3,19
LIMA,INGENIERÍA DE CIBERSEGURIDAD,MASCULINO,NO,2,19
LIMA,INGENIERÍA CIVIL,MASCULINO,NO,1,17
LIMA,INGENIERÍA ECONÓMICA,MASCULINO,NO,2,18
LIMA,INGENIERÍA CIVIL,MASCULINO,NO,16,33
LIMA,ARQUITECTURA,FEMENINO,NO,2,19
LIMA,ARQUITECTURA,FEMENINO,NO,2,18
LIMA,INGENIERÍA DE SISTEMAS,MASCULINO,NO,2,19
LIMA,INGENIERÍA INDUSTRIAL,FEMENINO,NO,25,41
LIMA,INGENIERÍA MECÁNICA,MASCULINO,NO,3,20
LIMA,INGENIERÍA NAVAL,MASCULINO,NO,1,18
LIMA,INGENIERÍA ECONÓMICA,MASCULINO,NO,2,19
LIMA,INGENIERÍA FÍSICA,MASCULINO,NO,5,22
LIMA,INGENIERÍA ECONÓMICA,FEMENINO,NO,3,19
LIMA,QUÍMICA,MASCULINO,NO,2,19
LIMA,INGENIERÍA DE SISTEMAS,MASCULINO,NO,3,20
CALLAO,ARQUITECTURA,FEMENINO,NO,4,19
LIMA,INGENIERÍA AMBIENTAL,FEMENINO,NO,2,19
LIMA,INGENIERÍA INDUSTRIAL,MASCULINO,NO,6,22
LIMA,INGENIERÍA ELÉCTRICA,MASCULINO,NO,5,22
LIMA,INGENIERÍA DE SISTEMAS,MASCULINO,NO,2,19
LIMA,INGENIERÍA ESTADÍSTICA,MASCULINO,NO,4,21
LIMA,INGENIERÍA DE SISTEMAS,MASCULINO,NO,2,19
LIMA,INGENIERÍA ELECTRÓNICA,MASCULINO,SI,2,18
CALLAO,INGENIERÍA MECATRÓNICA,FEMENINO,NO,2,18
LIMA,ARQUITECTURA,FEMENINO,NO,2,19
LIMA,INGENIERÍA DE MINAS,FEMENINO,NO,4,21
LIMA,INGENIERÍA MECATRÓNICA,MASCULINO,NO,2,19
LIMA,INGENIERÍA GEOLÓGICA,FEMENINO,NO,2,18
LIMA,INGENIERÍA DE SISTEMAS,MASCULINO,NO,1,18
LIMA,MATEMÁTICA,MASCULINO,SI,1,18
LIMA,INGENIERÍA MECÁNICA-ELÉCTRICA,MASCULINO,NO,2,18
CUSCO,INGENIERÍA CIVIL,MASCULINO,NO,2,19
LIMA,INGENIERÍA QUÍMICA,FEMENINO,NO,2,18
LIMA,INGENIERÍA ECONÓMICA,MASCULINO,NO,2,19
LIMA,INGENIERÍA CIVIL,MASCULINO,NO,1,18
LIMA,INGENIERÍA CIVIL,FEMENINO,NO,3,19
AYACUCHO,INGENIERÍA CIVIL,MASCULINO,NO,1,18
LIMA,INGENIERÍA CIVIL,MASCULINO,NO,1,18
LIMA,INGENIERÍA INDUSTRIAL,MASCULINO,NO,1,18
CALLAO,INGENIERÍA DE SISTEMAS,MASCULINO,NO,6,23
LIMA,INGENIERÍA CIVIL,MASCULINO,NO,3,19
JUNIN,INGENIERÍA DE SISTEMAS,MASCULINO,NO,0,17
TACNA,INGENIERÍA ELÉCTRICA,MASCULINO,NO,3,20
LIMA,ARQUITECTURA,FEMENINO,NO,2,18
LIMA,INGENIERÍA AMBIENTAL,FEMENINO,SI,4,20
LIMA,INGENIERÍA ELECTRÓNICA,MASCULINO,NO,2,18
LIMA,INGENIERÍA DE CIBERSEGURIDAD,MASCULINO,SI,1,18
LIMA,INGENIERÍA DE SISTEMAS,MASCULINO,NO,1,18
LIMA,INGENIERÍA DE TELECOMUNICACIONES,MASCULINO,SI,5,21
LIMA,INGENIERÍA DE MINAS,MASCULINO,NO,1,17
LIMA,INGENIERÍA METALÚRGICA,MASCULINO,SI,1,18
ANCASH,INGENIERÍA INDUSTRIAL,MASCULINO,NO,1,18
LIMA,INGENIERÍA CIVIL,MASCULINO,NO,2,19
LIMA,INGENIERÍA CIVIL,MASCULINO,NO,1,19
LIMA,INGENIERÍA INDUSTRIAL,FEMENINO,NO,2,19
LIMA,INGENIERÍA ELECTRÓNICA,MASCULINO,NO,3,19
LIMA,INGENIERÍA MECÁNICA,MASCULINO,NO,2,19
LIMA,INGENIERÍA DE CIBERSEGURIDAD,MASCULINO,NO,3,20
ANCASH,ARQUITECTURA,MASCULINO,NO,4,20
LIMA,INGENIERÍA MECATRÓNICA,MASCULINO,NO,3,20
LIMA,INGENIERÍA CIVIL,FEMENINO,NO,1,18
LIMA,INGENIERÍA MECATRÓNICA,MASCULINO,NO,2,18
LIMA,INGENIERÍA MECATRÓNICA,MASCULINO,NO,3,21
LIMA,INGENIERÍA MECATRÓNICA,MASCULINO,NO,1,17
LIMA,INGENIERÍA ELECTRÓNICA,MASCULINO,NO,3,19
LIMA,INGENIERÍA DE MINAS,MASCULINO,NO,4,20
LIMA,FÍSICA,MASCULINO,SI,3,20
LIMA,INGENIERÍA DE SISTEMAS,MASCULINO,NO,1,17
LIMA,FÍSICA,MASCULINO,NO,5,21
LIMA,INGENIERÍA DE SISTEMAS,MASCULINO,NO,2,20
LIMA,INGENIERÍA AMBIENTAL,MASCULINO,NO,1,18
CALLAO,INGENIERÍA INDUSTRIAL,FEMENINO,NO,2,19
LIMA,INGENIERÍA ECONÓMICA,FEMENINO,NO,1,17
LIMA,INGENIERÍA DE MINAS,MASCULINO,NO,1,18
HUANCAVELICA,INGENIERÍA DE MINAS,MASCULINO,SI,7,23
LIMA,INGENIERÍA MECÁNICA,MASCULINO,NO,2,19
LIMA,INGENIERÍA INDUSTRIAL,MASCULINO,SI,1,17
LIMA,CIENCIA DE LA COMPUTACIÓN,MASCULINO,NO,3,19
LIMA,INGENIERÍA DE TELECOMUNICACIONES,MASCULINO,NO,3,20
LIMA,ARQUITECTURA,FEMENINO,NO,2,18
LIMA,INGENIERÍA CIVIL,MASCULINO,NO,1,18
LIMA,INGENIERÍA CIVIL,MASCULINO,NO,3,19
LIMA,MATEMÁTICA,MASCULINO,NO,1,17
LIMA,INGENIERÍA MECATRÓNICA,MASCULINO,NO,3,19
PUNO,INGENIERÍA MECÁNICA,MASCULINO,SI,7,23
ANCASH,INGENIERÍA INDUSTRIAL,FEMENINO,NO,1,17
LIMA,INGENIERÍA DE SISTEMAS,FEMENINO,NO,2,19
LIMA,INGENIERÍA MECATRÓNICA,MASCULINO,NO,2,19
LIMA,INGENIERÍA AMBIENTAL,FEMENINO,NO,3,19
LIMA,ARQUITECTURA,FEMENINO,NO,2,19
LIMA,INGENIERÍA DE SISTEMAS,MASCULINO,NO,2,19
PIURA,INGENIERÍA INDUSTRIAL,FEMENINO,NO,1,18
LIMA,FÍSICA,MASCULINO,NO,2,19
LIMA,INGENIERÍA NAVAL,FEMENINO,NO,3,19
LIMA,INGENIERÍA DE SISTEMAS,MASCULINO,NO,1,19
LIMA,CIENCIA DE LA COMPUTACIÓN,MASCULINO,SI,4,21
LIMA,INGENIERÍA INDUSTRIAL,MASCULINO,NO,4,20
LIMA,ARQUITECTURA,MASCULINO,NO,6,24
LIMA,INGENIERÍA CIVIL,FEMENINO,NO,8,24
LIMA,ARQUITECTURA,MASCULINO,NO,8,24
PUNO,INGENIERÍA CIVIL,MASCULINO,NO,1,18
LIMA,INGENIERÍA MECATRÓNICA,FEMENINO,NO,3,18
LIMA,INGENIERÍA INDUSTRIAL,MASCULINO,SI,1,17
LIMA,INGENIERÍA MECATRÓNICA,MASCULINO,NO,4,20
LIMA,INGENIERÍA CIVIL,MASCULINO,NO,2,18
LIMA,INGENIERÍA AMBIENTAL,MASCULINO,NO,2,18
LIMA,INGENIERÍA DE SISTEMAS,MASCULINO,NO,17,33
LIMA,ARQUITECTURA,FEMENINO,NO,3,20
LIMA,INGENIERÍA INDUSTRIAL,MASCULINO,SI,3,19
LIMA,INGENIERÍA CIVIL,FEMENINO,NO,2,19
LIMA,INGENIERÍA MECATRÓNICA,MASCULINO,NO,5,21
LIMA,INGENIERÍA DE SISTEMAS,MASCULINO,SI,2,19
LIMA,INGENIERÍA QUÍMICA,MASCULINO,SI,1,18
LIMA,INGENIERÍA DE SOFTWARE,MASCULINO,NO,2,19
LIMA,ARQUITECTURA,FEMENINO,NO,3,19
LIMA,INGENIERÍA ECONÓMICA,MASCULINO,NO,2,19
LIMA,INGENIERÍA METALÚRGICA,MASCULINO,NO,2,19
LIMA,INGENIERÍA CIVIL,MASCULINO,SI,1,17
LIMA,INGENIERÍA MECATRÓNICA,MASCULINO,NO,3,19
LIMA,ARQUITECTURA,MASCULINO,NO,6,24
LIMA,INGENIERÍA DE SISTEMAS,FEMENINO,NO,3,20
AYACUCHO,INGENIERÍA CIVIL,MASCULINO,NO,2,18
JUNIN,INGENIERÍA DE SISTEMAS,MASCULINO,NO,4,21
LIMA,INGENIERÍA DE MINAS,MASCULINO,NO,3,20
LIMA,INGENIERÍA QUÍMICA,MASCULINO,NO,3,20
LIMA,INGENIERÍA DE SISTEMAS,MASCULINO,NO,3,20
LIMA,INGENIERÍA ELÉCTRICA,MASCULINO,NO,2,19
LIMA,INGENIERÍA DE SOFTWARE,MASCULINO,NO,2,19
LIMA,INGENIERÍA AMBIENTAL,FEMENINO,NO,2,19
LIMA,INGENIERÍA ESTADÍSTICA,MASCULINO,SI,4,20
CAJAMARCA,INGENIERÍA MECATRÓNICA,MASCULINO,NO,1,17
LIMA,INGENIERÍA DE SISTEMAS,MASCULINO,NO,2,18
LIMA,INGENIERÍA TEXTIL,FEMENINO,NO,2,19
LIMA,ARQUITECTURA,MASCULINO,NO,0,18
LIMA,INGENIERÍA DE SISTEMAS,MASCULINO,NO,3,19
LIMA,ARQUITECTURA,FEMENINO,NO,1,17
LIMA,INGENIERÍA QUÍMICA,FEMENINO,NO,3,20
LIMA,INGENIERÍA METALÚRGICA,FEMENINO,NO,2,19
APURIMAC,INGENIERÍA CIVIL,MASCULINO,NO,7,23
LIMA,INGENIERÍA DE SISTEMAS,MASCULINO,NO,2,18
HUANUCO,INGENIERÍA MECATRÓNICA,MASCULINO,NO,2,18
LIMA,INGENIERÍA TEXTIL,MASCULINO,SI,6,23
LIMA,ARQUITECTURA,FEMENINO,NO,2,18
LIMA,FÍSICA,MASCULINO,NO,2,19
LIMA,INGENIERÍA DE SOFTWARE,MASCULINO,NO,5,22
LIMA,INGENIERÍA ELÉCTRICA,MASCULINO,NO,1,18
LIMA,INGENIERÍA MECATRÓNICA,MASCULINO,NO,1,18
JUNIN,INGENIERÍA DE SOFTWARE,FEMENINO,NO,3,19
LIMA,INGENIERÍA DE SISTEMAS,MASCULINO,NO,1,17
LIMA,FÍSICA,MASCULINO,SI,4,21
LIMA,INGENIERÍA MECÁNICA,MASCULINO,NO,1,18
LIMA,INGENIERÍA ELECTRÓNICA,MASCULINO,SI,12,28
LIMA,INGENIERÍA INDUSTRIAL,MASCULINO,SI,5,21
LIMA,INGENIERÍA INDUSTRIAL,FEMENINO,NO,1,17
LIMA,MATEMÁTICA,MASCULINO,NO,11,26
LIMA,ARQUITECTURA,MASCULINO,NO,3,19
LIMA,INGENIERÍA DE SISTEMAS,FEMENINO,NO,2,19
HUANUCO,INGENIERÍA CIVIL,MASCULINO,NO,2,18
LIMA,INGENIERÍA MECATRÓNICA,MASCULINO,NO,2,18
LIMA,INGENIERÍA DE SISTEMAS,MASCULINO,NO,1,18
LIMA,INGENIERÍA INDUSTRIAL,MASCULINO,NO,1,18
LIMA,INGENIERÍA INDUSTRIAL,MASCULINO,NO,3,19
LIMA,INGENIERÍA INDUSTRIAL,MASCULINO,NO,4,20
LIMA,INGENIERÍA MECATRÓNICA,MASCULINO,NO,4,20
PASCO,INGENIERÍA MECATRÓNICA,MASCULINO,NO,2,19
LIMA,INGENIERÍA INDUSTRIAL,MASCULINO,NO,2,18
LIMA,INGENIERÍA DE SISTEMAS,MASCULINO,NO,1,17
AMAZONAS,INGENIERÍA CIVIL,MASCULINO,NO,2,19
LIMA,ARQUITECTURA,MASCULINO,NO,2,18
LIMA,INGENIERÍA MECÁNICA,MASCULINO,NO,1,19
LIMA,INGENIERÍA ELECTRÓNICA,MASCULINO,NO,2,19
JUNIN,INGENIERÍA DE MINAS,MASCULINO,NO,5,21
LIMA,INGENIERÍA DE TELECOMUNICACIONES,MASCULINO,NO,1,17
LIMA,INGENIERÍA DE SISTEMAS,MASCULINO,NO,2,19
LIMA,INGENIERÍA DE SISTEMAS,MASCULINO,NO,2,19
LIMA,INGENIERÍA ECONÓMICA,FEMENINO,NO,2,19
LIMA,INGENIERÍA CIVIL,MASCULINO,NO,2,18
APURIMAC,INGENIERÍA CIVIL,MASCULINO,NO,3,19
LIMA,INGENIERÍA MECÁNICA,MASCULINO,NO,2,18
LIMA,INGENIERÍA DE CIBERSEGURIDAD,MASCULINO,NO,2,19
LIMA,FÍSICA,MASCULINO,NO,1,17
LIMA,INGENIERÍA DE MINAS,MASCULINO,SI,3,19
AREQUIPA,MATEMÁTICA,MASCULINO,SI,5,21
LIMA,INGENIERÍA INDUSTRIAL,MASCULINO,NO,1,18
LIMA,INGENIERÍA MECÁNICA-ELÉCTRICA,MASCULINO,NO,13,29
LIMA,INGENIERÍA INDUSTRIAL,MASCULINO,NO,1,17
CUSCO,INGENIERÍA CIVIL,MASCULINO,NO,5,22
LIMA,INGENIERÍA MECATRÓNICA,MASCULINO,NO,3,19
LIMA,INGENIERÍA DE SISTEMAS,MASCULINO,NO,2,19
LIMA,INGENIERÍA ESTADÍSTICA,MASCULINO,SI,3,20
LIMA,INGENIERÍA CIVIL,MASCULINO,NO,2,18
LIMA,INGENIERÍA DE CIBERSEGURIDAD,MASCULINO,NO,2,20
ANCASH,INGENIERÍA ELECTRÓNICA,MASCULINO,SI,3,19
CALLAO,INGENIERÍA DE SISTEMAS,FEMENINO,NO,3,20
LIMA,INGENIERÍA MECÁNICA-ELÉCTRICA,MASCULINO,NO,3,19
LIMA,INGENIERÍA DE SISTEMAS,MASCULINO,NO,3,19
LIMA,ARQUITECTURA,FEMENINO,NO,4,20
LIMA,INGENIERÍA MECATRÓNICA,MASCULINO,NO,2,18
LIMA,INGENIERÍA QUÍMICA,MASCULINO,NO,3,19
LIMA,INGENIERÍA ECONÓMICA,MASCULINO,SI,1,17
LIMA,INGENIERÍA DE MINAS,MASCULINO,SI,1,17
LIMA,INGENIERÍA MECATRÓNICA,MASCULINO,NO,1,18
LIMA,INGENIERÍA DE SISTEMAS,MASCULINO,NO,4,20
LORETO,INGENIERÍA DE SISTEMAS,MASCULINO,NO,3,19
ANCASH,INGENIERÍA DE SISTEMAS,MASCULINO,NO,2,18
LIMA,INGENIERÍA QUÍMICA,MASCULINO,NO,2,19
LA LIBERTAD,INGENIERÍA INDUSTRIAL,MASCULINO,NO,1,18
LIMA,ARQUITECTURA,MASCULINO,NO,5,21
HUANUCO,INGENIERÍA CIVIL,MASCULINO,NO,2,19
TUMBES,INGENIERÍA DE SISTEMAS,MASCULINO,NO,3,19
LIMA,INGENIERÍA GEOLÓGICA,FEMENINO,NO,4,20
LIMA,INGENIERÍA MECÁNICA,MASCULINO,SI,4,20
LIMA,INGENIERÍA DE SISTEMAS,MASCULINO,NO,2,18
CALLAO,INGENIERÍA DE SOFTWARE,FEMENINO,NO,3,19
PIURA,INGENIERÍA MECATRÓNICA,MASCULINO,NO,1,18
LIMA,INGENIERÍA AMBIENTAL,MASCULINO,NO,3,21
LIMA,INGENIERÍA ELECTRÓNICA,MASCULINO,NO,4,19
LIMA,INGENIERÍA DE TELECOMUNICACIONES,MASCULINO,NO,3,20
LIMA,INGENIERÍA DE SISTEMAS,FEMENINO,NO,1,17
LIMA,CIENCIA DE LA COMPUTACIÓN,MASCULINO,NO,1,18
LIMA,INGENIERÍA INDUSTRIAL,MASCULINO,NO,2,18
LIMA,INGENIERÍA QUÍMICA,MASCULINO,NO,29,46
LIMA,INGENIERÍA QUÍMICA,MASCULINO,NO,2,20
LIMA,INGENIERÍA ELECTRÓNICA,MASCULINO,NO,4,21
LIMA,INGENIERÍA NAVAL,MASCULINO,NO,4,20
LIMA,INGENIERÍA DE SISTEMAS,MASCULINO,NO,3,20
LIMA,CIENCIA DE LA COMPUTACIÓN,MASCULINO,NO,1,18
LIMA,ARQUITECTURA,MASCULINO,NO,3,19
LIMA,INGENIERÍA INDUSTRIAL,FEMENINO,NO,5,20
HUANCAVELICA,FÍSICA,MASCULINO,NO,2,18
LIMA,INGENIERÍA DE SISTEMAS,MASCULINO,SI,1,18
LIMA,INGENIERÍA ELECTRÓNICA,MASCULINO,NO,3,19
LIMA,INGENIERÍA MECATRÓNICA,MASCULINO,NO,2,19
CALLAO,INGENIERÍA MECÁNICA-ELÉCTRICA,MASCULINO,NO,3,19
LIMA,INGENIERÍA DE SISTEMAS,FEMENINO,SI,1,18
LIMA,INGENIERÍA MECÁNICA,MASCULINO,NO,5,21
LIMA,ARQUITECTURA,FEMENINO,NO,2,19
LIMA,INGENIERÍA NAVAL,MASCULINO,SI,4,21
LIMA,INGENIERÍA FÍSICA,FEMENINO,NO,2,18
LIMA,INGENIERÍA ELECTRÓNICA,MASCULINO,NO,1,17
LIMA,INGENIERÍA MECÁNICA,MASCULINO,SI,2,19
LIMA,INGENIERÍA GEOLÓGICA,FEMENINO,NO,2,18
LIMA,INGENIERÍA DE SISTEMAS,MASCULINO,NO,2,18
LIMA,ARQUITECTURA,FEMENINO,NO,1,18
LIMA,INGENIERÍA ECONÓMICA,FEMENINO,NO,2,19
LIMA,INGENIERÍA CIVIL,MASCULINO,SI,3,19
LIMA,INGENIERÍA INDUSTRIAL,MASCULINO,NO,2,18
CALLAO,ARQUITECTURA,MASCULINO,SI,2,19
LIMA,INGENIERÍA INDUSTRIAL,FEMENINO,NO,2,19
ICA,INGENIERÍA MECATRÓNICA,MASCULINO,NO,2,18
CUSCO,INGENIERÍA CIVIL,FEMENINO,SI,6,23
LIMA,INGENIERÍA DE SISTEMAS,MASCULINO,NO,3,20
LIMA,INGENIERÍA PETROQUÍMICA,MASCULINO,NO,2,19
LIMA,CIENCIA DE LA COMPUTACIÓN,MASCULINO,NO,2,18
LIMA,ARQUITECTURA,MASCULINO,NO,1,17
LIMA,INGENIERÍA DE MINAS,MASCULINO,NO,7,24
LIMA,INGENIERÍA DE SISTEMAS,MASCULINO,NO,1,18
LIMA,INGENIERÍA CIVIL,MASCULINO,NO,2,18
LIMA,INGENIERÍA CIVIL,MASCULINO,NO,2,19
HUANUCO,FÍSICA,MASCULINO,NO,1,18
LIMA,INGENIERÍA MECÁNICA-ELÉCTRICA,FEMENINO,NO,3,19
LIMA,INGENIERÍA ELECTRÓNICA,MASCULINO,NO,2,19
LIMA,INGENIERÍA DE SOFTWARE,MASCULINO,NO,3,20
LIMA,INGENIERÍA DE SISTEMAS,MASCULINO,SI,4,20
SAN MARTÍN,INGENIERÍA MECATRÓNICA,FEMENINO,NO,2,18
LIMA,INGENIERÍA MECATRÓNICA,MASCULINO,NO,2,18
LIMA,INGENIERÍA CIVIL,MASCULINO,NO,2,18
LIMA,INGENIERÍA DE SISTEMAS,MASCULINO,NO,2,19
LIMA,INGENIERÍA ELÉCTRICA,MASCULINO,NO,1,17
LIMA,INGENIERÍA ECONÓMICA,FEMENINO,NO,5,22
LIMA,INGENIERÍA MECÁNICA,MASCULINO,NO,4,21
LIMA,INGENIERÍA AMBIENTAL,MASCULINO,SI,2,19
LIMA,INGENIERÍA CIVIL,MASCULINO,NO,1,17
LIMA,INGENIERÍA ESTADÍSTICA,MASCULINO,NO,2,19
LORETO,INGENIERÍA CIVIL,MASCULINO,NO,1,18
LIMA,INGENIERÍA INDUSTRIAL,MASCULINO,NO,2,18
CUSCO,INGENIERÍA MECATRÓNICA,MASCULINO,SI,4,20
LIMA,INGENIERÍA ELECTRÓNICA,MASCULINO,NO,1,17
LIMA,INGENIERÍA MECATRÓNICA,MASCULINO,NO,3,20
CALLAO,INGENIERÍA ECONÓMICA,FEMENINO,NO,1,18
LIMA,INGENIERÍA DE SISTEMAS,MASCULINO,NO,1,17
LIMA,INGENIERÍA DE SISTEMAS,MASCULINO,NO,6,22
LIMA,INGENIERÍA INDUSTRIAL,MASCULINO,NO,1,17
LIMA,INGENIERÍA DE SISTEMAS,MASCULINO,NO,1,17
LIMA,INGENIERÍA CIVIL,MASCULINO,NO,1,17
LIMA,ARQUITECTURA,FEMENINO,NO,1,17
LIMA,ARQUITECTURA,MASCULINO,NO,3,20
LIMA,INGENIERÍA MECÁNICA,MASCULINO,NO,6,22
LIMA,INGENIERÍA MECÁNICA,MASCULINO,NO,4,20
LIMA,INGENIERÍA DE SISTEMAS,MASCULINO,NO,3,19
LIMA,INGENIERÍA DE SISTEMAS,MASCULINO,NO,2,18
LIMA,ARQUITECTURA,MASCULINO,NO,6,22
LIMA,INGENIERÍA CIVIL,FEMENINO,NO,1,17
LIMA,INGENIERÍA INDUSTRIAL,FEMENINO,NO,2,19
LIMA,QUÍMICA,FEMENINO,NO,4,20
LIMA,INGENIERÍA DE SISTEMAS,MASCULINO,NO,1,17
LIMA,INGENIERÍA DE TELECOMUNICACIONES,MASCULINO,NO,2,18
LAMBAYEQUE,INGENIERÍA CIVIL,MASCULINO,SI,2,18
ÁNCASH,INGENIERÍA DE SISTEMAS,FEMENINO,NO,2,18
LIMA,INGENIERÍA CIVIL,MASCULINO,NO,4,20
LIMA,INGENIERÍA QUÍMICA,FEMENINO,NO,4,20
LIMA,INGENIERÍA INDUSTRIAL,MASCULINO,NO,2,18
LA LIBERTAD,FÍSICA,MASCULINO,NO,2,19
LIMA,INGENIERÍA DE SISTEMAS,MASCULINO,NO,1,17
LIMA,INGENIERÍA INDUSTRIAL,MASCULINO,NO,6,23
LIMA,INGENIERÍA MECATRÓNICA,MASCULINO,NO,1,17
LIMA,ARQUITECTURA,MASCULINO,NO,3,20
LIMA,ARQUITECTURA,FEMENINO,NO,2,18
CALLAO,ARQUITECTURA,FEMENINO,NO,3,20
LIMA,INGENIERÍA DE SISTEMAS,MASCULINO,NO,1,18
LIMA,FÍSICA,FEMENINO,SI,1,17
LIMA,ARQUITECTURA,MASCULINO,NO,22,38
LIMA,INGENIERÍA ECONÓMICA,MASCULINO,SI,6,23
LIMA,ARQUITECTURA,FEMENINO,SI,10,25
LIMA,ARQUITECTURA,MASCULINO,NO,2,19
CUSCO,INGENIERÍA INDUSTRIAL,MASCULINO,NO,4,20
LIMA,INGENIERÍA CIVIL,MASCULINO,NO,-1,16
LIMA,INGENIERÍA ELECTRÓNICA,MASCULINO,NO,2,18
LIMA,INGENIERÍA INDUSTRIAL,FEMENINO,NO,3,19
APURIMAC,FÍSICA,FEMENINO,NO,2,18
LIMA,INGENIERÍA MECATRÓNICA,MASCULINO,NO,2,18
CAJAMARCA,INGENIERÍA NAVAL,MASCULINO,NO,1,18
LIMA,INGENIERÍA INDUSTRIAL,MASCULINO,NO,5,21
CALLAO,INGENIERÍA DE SISTEMAS,MASCULINO,NO,2,18
LIMA,INGENIERÍA DE MINAS,FEMENINO,NO,1,18
LIMA,ARQUITECTURA,MASCULINO,NO,2,19
LIMA,INGENIERÍA INDUSTRIAL,FEMENINO,NO,3,19
CALLAO,CIENCIA DE LA COMPUTACIÓN,MASCULINO,SI,5,21
LIMA,INGENIERÍA DE MINAS,MASCULINO,SI,9,26
ANCASH,INGENIERÍA PETROQUÍMICA,MASCULINO,NO,9,26
LIMA,INGENIERÍA INDUSTRIAL,FEMENINO,NO,2,19
LIMA,INGENIERÍA DE SISTEMAS,MASCULINO,NO,4,19
LIMA,INGENIERÍA CIVIL,MASCULINO,NO,2,18
LIMA,INGENIERÍA ELÉCTRICA,MASCULINO,NO,3,19
LIMA,ARQUITECTURA,FEMENINO,NO,2,18
HUANUCO,INGENIERÍA ECONÓMICA,MASCULINO,NO,2,18
HUANCAVELICA,INGENIERÍA DE SISTEMAS,MASCULINO,NO,1,18
LIMA,INGENIERÍA MECÁNICA,MASCULINO,NO,2,18
LIMA,INGENIERÍA CIVIL,MASCULINO,NO,3,20
LIMA,INGENIERÍA NAVAL,MASCULINO,NO,2,18
HUANUCO,INGENIERÍA CIVIL,MASCULINO,NO,1,18
LIMA,INGENIERÍA ESTADÍSTICA,MASCULINO,NO,3,19
LIMA,INGENIERÍA DE CIBERSEGURIDAD,MASCULINO,NO,2,18
LIMA,INGENIERÍA ESTADÍSTICA,MASCULINO,NO,2,19
LIMA,INGENIERÍA DE TELECOMUNICACIONES,MASCULINO,NO,4,21
LIMA,INGENIERÍA CIVIL,MASCULINO,NO,3,20
LIMA,INGENIERÍA INDUSTRIAL,FEMENINO,NO,3,18
LIMA,INGENIERÍA QUÍMICA,FEMENINO,NO,4,21
LIMA,INGENIERÍA DE MINAS,MASCULINO,NO,5,21
LIMA,INGENIERÍA CIVIL,MASCULINO,NO,6,23
LIMA,INGENIERÍA ESTADÍSTICA,FEMENINO,NO,4,20
LIMA,INGENIERÍA INDUSTRIAL,MASCULINO,NO,4,20
LIMA,INGENIERÍA DE MINAS,MASCULINO,NO,2,18
LIMA,INGENIERÍA INDUSTRIAL,MASCULINO,NO,3,20
LIMA,INGENIERÍA MECATRÓNICA,MASCULINO,NO,2,19
LIMA,ARQUITECTURA,FEMENINO,NO,1,18
HUANUCO,INGENIERÍA INDUSTRIAL,MASCULINO,NO,2,18
JUNIN,INGENIERÍA MECATRÓNICA,MASCULINO,NO,0,16
LIMA,ARQUITECTURA,FEMENINO,NO,2,19
LIMA,INGENIERÍA DE SISTEMAS,MASCULINO,NO,1,17
LIMA,INGENIERÍA QUÍMICA,FEMENINO,NO,1,18
LIMA,INGENIERÍA INDUSTRIAL,MASCULINO,NO,1,18
LIMA,INGENIERÍA QUÍMICA,MASCULINO,NO,3,19
LIMA,INGENIERÍA DE MINAS,MASCULINO,NO,1,18
CALLAO,ARQUITECTURA,MASCULINO,NO,2,18
LIMA,INGENIERÍA CIVIL,MASCULINO,NO,2,19
LIMA,INGENIERÍA FÍSICA,FEMENINO,NO,2,19
LIMA,INGENIERÍA DE SISTEMAS,MASCULINO,NO,2,19
LIMA,INGENIERÍA INDUSTRIAL,MASCULINO,NO,2,18
CALLAO,INGENIERÍA DE SISTEMAS,MASCULINO,NO,6,22
LIMA,CIENCIA DE LA COMPUTACIÓN,MASCULINO,NO,4,20
LIMA,INGENIERÍA CIVIL,MASCULINO,NO,1,18
LIMA,INGENIERÍA CIVIL,MASCULINO,NO,1,18
LIMA,ARQUITECTURA,FEMENINO,NO,2,18
PASCO,INGENIERÍA CIVIL,MASCULINO,NO,2,18
LIMA,INGENIERÍA MECATRÓNICA,FEMENINO,NO,3,19
LIMA,INGENIERÍA DE MINAS,MASCULINO,NO,2,18
JUNIN,INGENIERÍA AMBIENTAL,FEMENINO,NO,1,17
APURIMAC,INGENIERÍA QUÍMICA,MASCULINO,NO,3,19
LIMA,INGENIERÍA CIVIL,MASCULINO,NO,2,18
LIMA,INGENIERÍA DE MINAS,MASCULINO,NO,3,19
LIMA,INGENIERÍA MECATRÓNICA,FEMENINO,NO,3,19
LIMA,INGENIERÍA GEOLÓGICA,MASCULINO,NO,1,19
CAJAMARCA,INGENIERÍA DE SISTEMAS,MASCULINO,NO,4,20
LIMA,INGENIERÍA ECONÓMICA,MASCULINO,NO,1,18
LIMA,INGENIERÍA MECATRÓNICA,MASCULINO,NO,1,18
LIMA,INGENIERÍA AMBIENTAL,FEMENINO,NO,3,19
APURIMAC,INGENIERÍA CIVIL,MASCULINO,NO,1,17
LIMA,INGENIERÍA MECÁNICA-ELÉCTRICA,MASCULINO,NO,4,21
LIMA,INGENIERÍA MECATRÓNICA,MASCULINO,SI,1,18
HUANCAVELICA,INGENIERÍA DE CIBERSEGURIDAD,MASCULINO,NO,8,25
LIMA,INGENIERÍA MECÁNICA,MASCULINO,NO,2,19
ANCASH,INGENIERÍA CIVIL,FEMENINO,NO,1,17
LIMA,INGENIERÍA MECATRÓNICA,MASCULINO,NO,1,17
LIMA,INGENIERÍA CIVIL,MASCULINO,NO,3,19
LIMA,FÍSICA,MASCULINO,SI,8,25
LIMA,INGENIERÍA CIVIL,FEMENINO,NO,3,19
LIMA,INGENIERÍA SANITARIA,FEMENINO,NO,2,18
LIMA,ARQUITECTURA,MASCULINO,NO,1,17
LIMA,INGENIERÍA INDUSTRIAL,MASCULINO,SI,2,19
LIMA,INGENIERÍA INDUSTRIAL,FEMENINO,NO,1,18
LIMA,INGENIERÍA MECATRÓNICA,MASCULINO,NO,2,18
ÁNCASH,INGENIERÍA CIVIL,MASCULINO,NO,2,19
CALLAO,INGENIERÍA DE SISTEMAS,MASCULINO,NO,3,18
LIMA,INGENIERÍA MECÁNICA,MASCULINO,NO,1,17
LIMA,INGENIERÍA AMBIENTAL,FEMENINO,NO,1,17
PIURA,INGENIERÍA ELÉCTRICA,MASCULINO,NO,2,19
LIMA,INGENIERÍA INDUSTRIAL,MASCULINO,NO,2,18
LIMA,INGENIERÍA CIVIL,MASCULINO,NO,2,19
PUNO,INGENIERÍA CIVIL,MASCULINO,NO,2,18
JUNÍN,INGENIERÍA DE SISTEMAS,FEMENINO,NO,1,17
LIMA,INGENIERÍA CIVIL,FEMENINO,NO,1,17
AMAZONAS,INGENIERÍA INDUSTRIAL,MASCULINO,NO,10,27
LIMA,INGENIERÍA INDUSTRIAL,MASCULINO,NO,9,25
LIMA,INGENIERÍA ELÉCTRICA,MASCULINO,NO,4,20
LIMA,INGENIERÍA DE SISTEMAS,FEMENINO,NO,1,17
LIMA,INGENIERÍA INDUSTRIAL,FEMENINO,NO,3,20
LIMA,INGENIERÍA SANITARIA,MASCULINO,NO,2,19
LIMA,INGENIERÍA ECONÓMICA,MASCULINO,NO,2,19
LIMA,INGENIERÍA AMBIENTAL,MASCULINO,NO,5,22
JUNIN,INGENIERÍA CIVIL,MASCULINO,NO,23,40
LIMA,INGENIERÍA CIVIL,MASCULINO,NO,2,19
JUNIN,INGENIERÍA FÍSICA,MASCULINO,NO,10,27
LIMA,INGENIERÍA CIVIL,MASCULINO,NO,3,19
LIMA,INGENIERÍA ESTADÍSTICA,MASCULINO,NO,6,22
LIMA,INGENIERÍA DE SISTEMAS,MASCULINO,NO,1,17
LIMA,INGENIERÍA INDUSTRIAL,FEMENINO,SI,1,17
LIMA,INGENIERÍA CIVIL,MASCULINO,NO,2,18
LIMA,INGENIERÍA DE SISTEMAS,MASCULINO,NO,2,19
LIMA,QUÍMICA,FEMENINO,NO,3,20
LIMA,INGENIERÍA CIVIL,MASCULINO,NO,9,25
LIMA,INGENIERÍA CIVIL,MASCULINO,NO,2,18
CALLAO,INGENIERÍA DE TELECOMUNICACIONES,MASCULINO,NO,3,20
APURIMAC,INGENIERÍA MECATRÓNICA,MASCULINO,NO,4,20
LIMA,INGENIERÍA DE SISTEMAS,MASCULINO,NO,2,19
LIMA,INGENIERÍA DE SISTEMAS,MASCULINO,NO,1,18
LIMA,INGENIERÍA DE SISTEMAS,MASCULINO,NO,1,18
LIMA,FÍSICA,MASCULINO,NO,5,21
TACNA,ARQUITECTURA,FEMENINO,NO,1,18
LIMA,INGENIERÍA CIVIL,MASCULINO,NO,2,18
LIMA,INGENIERÍA MECATRÓNICA,MASCULINO,NO,1,18
LIMA,INGENIERÍA CIVIL,MASCULINO,NO,13,30
UCAYALI,INGENIERÍA ELECTRÓNICA,MASCULINO,NO,3,19
LIMA,INGENIERÍA INDUSTRIAL,MASCULINO,NO,1,17
LIMA,INGENIERÍA DE SISTEMAS,MASCULINO,NO,1,17
LIMA,INGENIERÍA DE SISTEMAS,FEMENINO,NO,1,17
PUNO,FÍSICA,MASCULINO,NO,6,22
LIMA,INGENIERÍA DE SISTEMAS,MASCULINO,NO,3,19
LIMA,INGENIERÍA SANITARIA,MASCULINO,NO,23,20
LIMA,INGENIERÍA CIVIL,FEMENINO,NO,3,19
LIMA,INGENIERÍA DE CIBERSEGURIDAD,FEMENINO,NO,3,20
LIMA,INGENIERÍA MECÁNICA,MASCULINO,NO,0,16
LIMA,CIENCIA DE LA COMPUTACIÓN,MASCULINO,NO,2,18
LIMA,INGENIERÍA ECONÓMICA,MASCULINO,NO,2,19
LIMA,INGENIERÍA DE SISTEMAS,MASCULINO,NO,2,19
LIMA,ARQUITECTURA,FEMENINO,NO,6,23
CALLAO,INGENIERÍA MECATRÓNICA,MASCULINO,NO,1,17
LIMA,INGENIERÍA METALÚRGICA,FEMENINO,NO,2,19
LIMA,INGENIERÍA NAVAL,MASCULINO,NO,9,27
LIMA,INGENIERÍA DE SISTEMAS,MASCULINO,NO,2,18
LIMA,INGENIERÍA GEOLÓGICA,MASCULINO,SI,2,18
LAMBAYEQUE,ARQUITECTURA,FEMENINO,NO,3,19
LIMA,ARQUITECTURA,MASCULINO,NO,1,17
LIMA,INGENIERÍA DE SISTEMAS,MASCULINO,NO,4,20
CALLAO,INGENIERÍA ELÉCTRICA,MASCULINO,NO,1,18
LIMA,INGENIERÍA DE CIBERSEGURIDAD,MASCULINO,NO,3,19
LIMA,INGENIERÍA CIVIL,MASCULINO,NO,4,18
LIMA,INGENIERÍA DE SISTEMAS,MASCULINO,NO,1,18
LIMA,INGENIERÍA DE CIBERSEGURIDAD,MASCULINO,NO,7,23
LIMA,ARQUITECTURA,MASCULINO,NO,2,18
LIMA,INGENIERÍA DE SOFTWARE,MASCULINO,NO,1,17
JUNIN,INGENIERÍA MECÁNICA-ELÉCTRICA,MASCULINO,SI,1,18
LIMA,INGENIERÍA MECÁNICA,MASCULINO,NO,5,22
LIMA,INGENIERÍA DE MINAS,MASCULINO,NO,2,18
LIMA,INGENIERÍA ECONÓMICA,FEMENINO,NO,2,18
LIMA,INGENIERÍA DE SISTEMAS,MASCULINO,NO,2,19
APURIMAC,ARQUITECTURA,FEMENINO,NO,3,19
LIMA,INGENIERÍA MECÁNICA,MASCULINO,NO,1,17
LIMA,INGENIERÍA CIVIL,FEMENINO,NO,4,20
LIMA,INGENIERÍA QUÍMICA,MASCULINO,NO,2,18
LIMA,INGENIERÍA ELECTRÓNICA,MASCULINO,NO,1,17
LIMA,INGENIERÍA MECATRÓNICA,MASCULINO,NO,1,18
LIMA,INGENIERÍA MECATRÓNICA,MASCULINO,NO,2,18
LIMA,INGENIERÍA CIVIL,FEMENINO,NO,2,18
LIMA,MATEMÁTICA,FEMENINO,NO,2,18
LIMA,INGENIERÍA DE TELECOMUNICACIONES,MASCULINO,NO,9,25
LIMA,INGENIERÍA NAVAL,MASCULINO,NO,2,18
LIMA,INGENIERÍA INDUSTRIAL,FEMENINO,NO,2,18
LIMA,INGENIERÍA ELÉCTRICA,MASCULINO,NO,3,19
LIMA,INGENIERÍA ELÉCTRICA,MASCULINO,NO,3,19
LIMA,INGENIERÍA DE SOFTWARE,MASCULINO,NO,7,24
LIMA,INGENIERÍA INDUSTRIAL,MASCULINO,SI,2,19
LIMA,INGENIERÍA DE SISTEMAS,MASCULINO,NO,1,17
LIMA,ARQUITECTURA,MASCULINO,NO,3,20
LIMA,INGENIERÍA DE SOFTWARE,MASCULINO,NO,5,22
LIMA,INGENIERÍA DE SISTEMAS,MASCULINO,NO,2,18
LIMA,INGENIERÍA DE SISTEMAS,MASCULINO,NO,5,22
LIMA,INGENIERÍA CIVIL,MASCULINO,NO,4,21
LIMA,INGENIERÍA MECÁNICA,MASCULINO,NO,1,17
LIMA,FÍSICA,MASCULINO,NO,8,24
LIMA,INGENIERÍA MECÁNICA,MASCULINO,NO,6,23
LIMA,INGENIERÍA DE SISTEMAS,FEMENINO,NO,1,17
HUANUCO,INGENIERÍA DE SOFTWARE,MASCULINO,NO,2,18
JUNIN,INGENIERÍA MECATRÓNICA,MASCULINO,NO,1,17
LIMA,INGENIERÍA MECÁNICA,MASCULINO,NO,3,20
LIMA,ARQUITECTURA,FEMENINO,NO,0,20
LIMA,INGENIERÍA INDUSTRIAL,FEMENINO,NO,2,19
LIMA,INGENIERÍA MECATRÓNICA,MASCULINO,NO,3,19
LIMA,INGENIERÍA CIVIL,MASCULINO,NO,1,17
LIMA,INGENIERÍA DE CIBERSEGURIDAD,MASCULINO,NO,1,17
LIMA,ARQUITECTURA,FEMENINO,NO,2,18
JUNIN,INGENIERÍA MECÁNICA-ELÉCTRICA,MASCULINO,NO,2,18
LIMA,INGENIERÍA DE SISTEMAS,MASCULINO,NO,2,18
APURIMAC,INGENIERÍA CIVIL,MASCULINO,NO,4,20
CALLAO,INGENIERÍA QUÍMICA,MASCULINO,SI,4,21
LIMA,INGENIERÍA CIVIL,MASCULINO,NO,3,19
LIMA,INGENIERÍA CIVIL,MASCULINO,NO,2,20
LIMA,INGENIERÍA CIVIL,MASCULINO,NO,2,19
LIMA,INGENIERÍA CIVIL,MASCULINO,NO,2,18
LIMA,INGENIERÍA DE SOFTWARE,MASCULINO,NO,1,18
CALLAO,INGENIERÍA DE SISTEMAS,MASCULINO,NO,3,19
LIMA,INGENIERÍA MECATRÓNICA,MASCULINO,NO,3,20
LIMA,INGENIERÍA DE CIBERSEGURIDAD,MASCULINO,NO,1,18
HUANCAVELICA,INGENIERÍA DE SOFTWARE,MASCULINO,NO,2,18
LIMA,MATEMÁTICA,MASCULINO,NO,1,18
LIMA,ARQUITECTURA,FEMENINO,NO,1,17
LIMA,INGENIERÍA INDUSTRIAL,MASCULINO,NO,5,21
LIMA,INGENIERÍA MECÁNICA,MASCULINO,NO,4,20
LIMA,INGENIERÍA ELECTRÓNICA,MASCULINO,SI,1,18
LIMA,INGENIERÍA ELECTRÓNICA,MASCULINO,NO,1,17
LIMA,INGENIERÍA ELECTRÓNICA,MASCULINO,NO,5,21
LIMA,INGENIERÍA DE SISTEMAS,MASCULINO,NO,3,20
LIMA,INGENIERÍA CIVIL,MASCULINO,NO,2,18
LIMA,INGENIERÍA DE SISTEMAS,MASCULINO,NO,3,19
LIMA,INGENIERÍA DE SISTEMAS,MASCULINO,NO,5,21
LIMA,FÍSICA,MASCULINO,NO,19,36
LIMA,INGENIERÍA CIVIL,MASCULINO,NO,8,20
AREQUIPA,INGENIERÍA MECATRÓNICA,MASCULINO,NO,2,18
LIMA,INGENIERÍA SANITARIA,MASCULINO,NO,2,18
CALLAO,ARQUITECTURA,FEMENINO,NO,3,19
AREQUIPA,INGENIERÍA CIVIL,MASCULINO,NO,2,19
LIMA,INGENIERÍA AMBIENTAL,MASCULINO,NO,2,18
LIMA,INGENIERÍA GEOLÓGICA,FEMENINO,NO,3,20
LIMA,INGENIERÍA CIVIL,MASCULINO,NO,4,20
CAJAMARCA,INGENIERÍA ELÉCTRICA,MASCULINO,NO,2,18
LIMA,INGENIERÍA CIVIL,FEMENINO,NO,6,22
LIMA,INGENIERÍA DE MINAS,FEMENINO,NO,4,20
LIMA,INGENIERÍA DE SISTEMAS,MASCULINO,NO,4,21
LIMA,INGENIERÍA CIVIL,MASCULINO,NO,2,19
ICA,INGENIERÍA DE SISTEMAS,MASCULINO,NO,2,19
LIMA,INGENIERÍA ELECTRÓNICA,MASCULINO,NO,1,18
LIMA,INGENIERÍA MECÁNICA,MASCULINO,SI,2,18
AYACUCHO,INGENIERÍA DE MINAS,MASCULINO,NO,17,35
PASCO,INGENIERÍA DE TELECOMUNICACIONES,MASCULINO,NO,7,24
CUSCO,INGENIERÍA ECONÓMICA,MASCULINO,NO,6,22
LIMA,INGENIERÍA CIVIL,MASCULINO,NO,4,21
LIMA,INGENIERÍA AMBIENTAL,MASCULINO,NO,2,19
LIMA,INGENIERÍA DE SISTEMAS,MASCULINO,NO,1,18
LIMA,INGENIERÍA QUÍMICA,FEMENINO,NO,2,19
LIMA,INGENIERÍA MECÁNICA,MASCULINO,SI,1,17
LIMA,INGENIERÍA CIVIL,MASCULINO,NO,1,17
CALLAO,INGENIERÍA CIVIL,MASCULINO,NO,2,19
LIMA,INGENIERÍA CIVIL,MASCULINO,NO,5,22
ANCASH,INGENIERÍA MECATRÓNICA,MASCULINO,NO,2,18
AYACUCHO,INGENIERÍA CIVIL,MASCULINO,NO,1,18
LIMA,INGENIERÍA INDUSTRIAL,MASCULINO,NO,4,20
ICA,INGENIERÍA DE SISTEMAS,MASCULINO,NO,1,17
LIMA,INGENIERÍA PETROQUÍMICA,FEMENINO,NO,2,18
LIMA,INGENIERÍA ELECTRÓNICA,MASCULINO,NO,1,18
LIMA,INGENIERÍA MECATRÓNICA,MASCULINO,NO,2,18
LIMA,INGENIERÍA ELÉCTRICA,MASCULINO,SI,3,19
ÁNCASH,INGENIERÍA CIVIL,MASCULINO,NO,5,21
LIMA,INGENIERÍA MECATRÓNICA,MASCULINO,NO,1,18
LIMA,INGENIERÍA DE MINAS,MASCULINO,NO,4,20
LIMA,ARQUITECTURA,FEMENINO,NO,1,18
LIMA,INGENIERÍA CIVIL,MASCULINO,NO,1,17
LIMA,INGENIERÍA CIVIL,MASCULINO,NO,1,17
ICA,INGENIERÍA MECATRÓNICA,MASCULINO,SI,1,17
LIMA,INGENIERÍA DE HIGIENE Y SEGURIDAD INDUSTRIAL,FEMENINO,NO,1,17
LIMA,FÍSICA,MASCULINO,SI,4,20
JUNÍN,INGENIERÍA DE TELECOMUNICACIONES,MASCULINO,SI,1,18
LIMA,INGENIERÍA ELECTRÓNICA,MASCULINO,NO,1,18
LIMA,INGENIERÍA DE SISTEMAS,MASCULINO,NO,1,17
LIMA,INGENIERÍA INDUSTRIAL,FEMENINO,NO,2,19
PASCO,INGENIERÍA INDUSTRIAL,MASCULINO,NO,1,17
LIMA,CIENCIA DE LA COMPUTACIÓN,MASCULINO,SI,4,21
LIMA,INGENIERÍA DE SISTEMAS,MASCULINO,NO,1,18
LIMA,INGENIERÍA CIVIL,MASCULINO,NO,3,19
LIMA,ARQUITECTURA,MASCULINO,NO,2,18
LIMA,INGENIERÍA CIVIL,MASCULINO,NO,2,18
LIMA,ARQUITECTURA,FEMENINO,NO,3,19
LIMA,INGENIERÍA MECATRÓNICA,MASCULINO,NO,1,18
LIMA,INGENIERÍA DE TELECOMUNICACIONES,MASCULINO,NO,3,19
LIMA,INGENIERÍA MECATRÓNICA,FEMENINO,NO,1,18
LIMA,INGENIERÍA DE TELECOMUNICACIONES,MASCULINO,NO,2,19
LIMA,INGENIERÍA CIVIL,MASCULINO,SI,3,20
LIMA,INGENIERÍA DE SISTEMAS,MASCULINO,NO,2,19
LIMA,INGENIERÍA DE SISTEMAS,MASCULINO,NO,2,19
LIMA,QUÍMICA,MASCULINO,SI,4,20
LIMA,INGENIERÍA DE SISTEMAS,MASCULINO,NO,2,18
ICA,INGENIERÍA SANITARIA,MASCULINO,NO,1,18
LIMA,INGENIERÍA DE SISTEMAS,MASCULINO,NO,2,19
LIMA,INGENIERÍA DE SISTEMAS,MASCULINO,NO,1,17
LIMA,INGENIERÍA DE CIBERSEGURIDAD,MASCULINO,NO,2,18
LIMA,INGENIERÍA DE SISTEMAS,FEMENINO,NO,4,20
LIMA,INGENIERÍA DE SISTEMAS,MASCULINO,NO,2,19
LIMA,INGENIERÍA ELÉCTRICA,MASCULINO,NO,1,17
LIMA,INGENIERÍA MECÁNICA,MASCULINO,NO,2,18
LIMA,INGENIERÍA METALÚRGICA,MASCULINO,NO,2,18
LIMA,INGENIERÍA INDUSTRIAL,MASCULINO,NO,2,19
LIMA,INGENIERÍA DE TELECOMUNICACIONES,MASCULINO,NO,2,19
JUNIN,INGENIERÍA FÍSICA,MASCULINO,SI,3,19
LIMA,INGENIERÍA NAVAL,MASCULINO,NO,2,19
LIMA,INGENIERÍA MECÁNICA-ELÉCTRICA,MASCULINO,NO,2,19
AYACUCHO,INGENIERÍA MECATRÓNICA,MASCULINO,NO,5,21
LIMA,INGENIERÍA DE MINAS,MASCULINO,SI,7,23
LIMA,INGENIERÍA CIVIL,MASCULINO,NO,4,20
LIMA,INGENIERÍA DE MINAS,MASCULINO,NO,1,17
CALLAO,INGENIERÍA QUÍMICA,MASCULINO,NO,3,20
ÁNCASH,ARQUITECTURA,MASCULINO,NO,1,17
CALLAO,ARQUITECTURA,FEMENINO,NO,1,18
LIMA,INGENIERÍA ESTADÍSTICA,MASCULINO,NO,3,19
JUNÍN,INGENIERÍA INDUSTRIAL,FEMENINO,NO,1,18
LIMA,MATEMÁTICA,MASCULINO,SI,5,21
LIMA,INGENIERÍA MECATRÓNICA,MASCULINO,NO,1,17
LIMA,INGENIERÍA CIVIL,MASCULINO,NO,5,21
LIMA,ARQUITECTURA,FEMENINO,NO,1,17
LIMA,INGENIERÍA ECONÓMICA,FEMENINO,SI,6,22
LIMA,INGENIERÍA MECÁNICA,MASCULINO,NO,7,23
LIMA,ARQUITECTURA,MASCULINO,NO,2,18
ÁNCASH,INGENIERÍA MECÁNICA,MASCULINO,NO,4,20
LIMA,INGENIERÍA DE SISTEMAS,MASCULINO,NO,2,18
LIMA,FÍSICA,MASCULINO,NO,0,16
LIMA,INGENIERÍA DE SISTEMAS,MASCULINO,NO,1,18
ANCASH,INGENIERÍA INDUSTRIAL,FEMENINO,NO,2,18
TACNA,INGENIERÍA MECATRÓNICA,MASCULINO,NO,2,18
SAN MARTIN,INGENIERÍA MECÁNICA-ELÉCTRICA,MASCULINO,NO,2,18
LIMA,INGENIERÍA GEOLÓGICA,FEMENINO,SI,1,17
LIMA,INGENIERÍA CIVIL,MASCULINO,SI,2,19
JUNIN,INGENIERÍA ECONÓMICA,MASCULINO,SI,3,20
LIMA,INGENIERÍA QUÍMICA,FEMENINO,NO,2,18
LIMA,INGENIERÍA ECONÓMICA,FEMENINO,SI,4,21
LIMA,INGENIERÍA MECÁNICA,MASCULINO,NO,1,17
LIMA,INGENIERÍA DE SISTEMAS,MASCULINO,SI,1,18
LIMA,INGENIERÍA CIVIL,MASCULINO,NO,2,18
LAMBAYEQUE,INGENIERÍA DE SISTEMAS,MASCULINO,NO,2,18
LIMA,INGENIERÍA MECATRÓNICA,MASCULINO,NO,2,19
LIMA,INGENIERÍA DE SISTEMAS,MASCULINO,SI,2,18
LIMA,MATEMÁTICA,MASCULINO,SI,2,18
LIMA,INGENIERÍA DE SISTEMAS,MASCULINO,NO,2,19
JUNIN,INGENIERÍA FÍSICA,MASCULINO,SI,1,18
JUNIN,INGENIERÍA ESTADÍSTICA,MASCULINO,SI,1,18
LIMA,INGENIERÍA DE SISTEMAS,MASCULINO,NO,1,17
JUNIN,INGENIERÍA DE MINAS,MASCULINO,NO,1,17
LIMA,INGENIERÍA DE SISTEMAS,MASCULINO,NO,2,19
LIMA,INGENIERÍA DE SISTEMAS,MASCULINO,NO,1,18
AYACUCHO,INGENIERÍA CIVIL,MASCULINO,NO,2,18
CALLAO,INGENIERÍA DE SISTEMAS,MASCULINO,NO,4,21
LIMA,CIENCIA DE LA COMPUTACIÓN,MASCULINO,NO,3,19
LIMA,INGENIERÍA ELECTRÓNICA,MASCULINO,SI,4,20
LIMA,FÍSICA,FEMENINO,SI,1,17
LIMA,ARQUITECTURA,FEMENINO,SI,3,19
LIMA,INGENIERÍA ELECTRÓNICA,FEMENINO,NO,3,19
LIMA,INGENIERÍA DE SISTEMAS,MASCULINO,NO,2,19
LIMA,INGENIERÍA DE SISTEMAS,FEMENINO,NO,2,18
CALLAO,INGENIERÍA INDUSTRIAL,MASCULINO,NO,1,17
CALLAO,INGENIERÍA QUÍMICA,FEMENINO,NO,1,18
LIMA,INGENIERÍA ELÉCTRICA,MASCULINO,NO,2,19
LIMA,INGENIERÍA CIVIL,MASCULINO,NO,2,18
ANCASH,INGENIERÍA DE SOFTWARE,MASCULINO,NO,1,17
LIMA,INGENIERÍA DE CIBERSEGURIDAD,FEMENINO,SI,1,17
LIMA,INGENIERÍA ELECTRÓNICA,MASCULINO,NO,1,18
LIMA,INGENIERÍA CIVIL,MASCULINO,NO,4,20
LIMA,INGENIERÍA INDUSTRIAL,FEMENINO,NO,1,17
LIMA,INGENIERÍA NAVAL,FEMENINO,NO,2,18
LIMA,INGENIERÍA DE CIBERSEGURIDAD,MASCULINO,NO,1,18
LIMA,INGENIERÍA MECÁNICA,MASCULINO,NO,2,18
LIMA,ARQUITECTURA,MASCULINO,NO,4,20
LIMA,INGENIERÍA INDUSTRIAL,MASCULINO,NO,3,20
LIMA,INGENIERÍA ELECTRÓNICA,MASCULINO,NO,5,21
LIMA,INGENIERÍA DE SISTEMAS,MASCULINO,SI,3,20
JUNÍN,CIENCIA DE LA COMPUTACIÓN,MASCULINO,NO,2,18
LIMA,ARQUITECTURA,MASCULINO,SI,5,22
LIMA,INGENIERÍA MECÁNICA,MASCULINO,NO,2,18
LIMA,INGENIERÍA DE SISTEMAS,MASCULINO,NO,2,18
CALLAO,INGENIERÍA ECONÓMICA,MASCULINO,NO,10,26
ICA,INGENIERÍA CIVIL,MASCULINO,NO,2,18
LORETO,INGENIERÍA INDUSTRIAL,MASCULINO,NO,2,19
JUNIN,INGENIERÍA MECATRÓNICA,MASCULINO,NO,1,17
SAN MARTIN,INGENIERÍA MECÁNICA,MASCULINO,NO,2,19
LIMA,INGENIERÍA AMBIENTAL,FEMENINO,NO,2,18
LIMA,INGENIERÍA DE CIBERSEGURIDAD,MASCULINO,NO,3,19
LIMA,INGENIERÍA DE SOFTWARE,MASCULINO,NO,0,18
LIMA,INGENIERÍA MECÁNICA,FEMENINO,NO,2,19
LIMA,INGENIERÍA INDUSTRIAL,FEMENINO,NO,3,20
LIMA,INGENIERÍA CIVIL,MASCULINO,NO,2,18
LIMA,CIENCIA DE LA COMPUTACIÓN,MASCULINO,NO,2,19
LIMA,INGENIERÍA QUÍMICA,FEMENINO,NO,4,20
LIMA,INGENIERÍA INDUSTRIAL,MASCULINO,NO,1,18
LIMA,INGENIERÍA MECÁNICA,MASCULINO,NO,3,19
LIMA,INGENIERÍA QUÍMICA,MASCULINO,SI,1,17
TACNA,INGENIERÍA ELECTRÓNICA,MASCULINO,NO,4,21
APURIMAC,INGENIERÍA MECÁNICA-ELÉCTRICA,MASCULINO,SI,4,20
LIMA,INGENIERÍA DE MINAS,MASCULINO,SI,3,19
LIMA,INGENIERÍA DE SISTEMAS,MASCULINO,NO,1,18
LIMA,INGENIERÍA DE CIBERSEGURIDAD,FEMENINO,NO,2,18
LAMBAYEQUE,INGENIERÍA CIVIL,MASCULINO,NO,2,19
LIMA,INGENIERÍA MECATRÓNICA,MASCULINO,NO,1,18
CALLAO,INGENIERÍA CIVIL,MASCULINO,SI,2,18
LIMA,INGENIERÍA AMBIENTAL,MASCULINO,NO,2,18
CAJAMARCA,INGENIERÍA CIVIL,FEMENINO,NO,2,19
LIMA,ARQUITECTURA,MASCULINO,NO,6,22
LIMA,INGENIERÍA CIVIL,MASCULINO,NO,2,19
LIMA,INGENIERÍA MECATRÓNICA,MASCULINO,SI,3,20
LIMA,INGENIERÍA DE CIBERSEGURIDAD,MASCULINO,NO,2,19
AYACUCHO,INGENIERÍA MECÁNICA,MASCULINO,NO,4,21
LIMA,INGENIERÍA CIVIL,FEMENINO,NO,1,18
LIMA,ARQUITECTURA,FEMENINO,NO,2,18
LIMA,INGENIERÍA CIVIL,MASCULINO,NO,1,17
CALLAO,INGENIERÍA MECATRÓNICA,MASCULINO,NO,4,20
LIMA,INGENIERÍA DE SISTEMAS,MASCULINO,NO,1,17
LIMA,INGENIERÍA QUÍMICA,MASCULINO,NO,3,21
LIMA,INGENIERÍA AMBIENTAL,FEMENINO,SI,2,18
LIMA,ARQUITECTURA,FEMENINO,NO,1,17
LIMA,INGENIERÍA MECÁNICA,MASCULINO,NO,1,18
LIMA,INGENIERÍA MECATRÓNICA,MASCULINO,NO,2,19
LIMA,INGENIERÍA DE SISTEMAS,MASCULINO,NO,2,18
LIMA,ARQUITECTURA,FEMENINO,SI,2,19
LIMA,INGENIERÍA ELECTRÓNICA,FEMENINO,NO,4,20
LIMA,INGENIERÍA DE SISTEMAS,MASCULINO,NO,2,19
LIMA,INGENIERÍA DE SOFTWARE,MASCULINO,NO,3,19
LIMA,INGENIERÍA CIVIL,MASCULINO,NO,5,22
LIMA,INGENIERÍA MECATRÓNICA,FEMENINO,NO,6,22
LIMA,INGENIERÍA INDUSTRIAL,MASCULINO,NO,2,18
ANCASH,INGENIERÍA CIVIL,MASCULINO,NO,4,21
LIMA,INGENIERÍA MECATRÓNICA,MASCULINO,NO,4,20
LIMA,INGENIERÍA CIVIL,MASCULINO,NO,3,20
JUNIN,INGENIERÍA INDUSTRIAL,MASCULINO,NO,2,19
LAMBAYEQUE,INGENIERÍA DE SISTEMAS,MASCULINO,NO,1,17
LIMA,INGENIERÍA ELECTRÓNICA,MASCULINO,NO,3,19
LIMA,INGENIERÍA FÍSICA,MASCULINO,NO,1,17
LIMA,INGENIERÍA INDUSTRIAL,MASCULINO,NO,1,17
LIMA,INGENIERÍA AMBIENTAL,FEMENINO,NO,3,19
CALLAO,INGENIERÍA MECATRÓNICA,MASCULINO,NO,2,18
LIMA,INGENIERÍA INDUSTRIAL,FEMENINO,NO,2,18
LIMA,INGENIERÍA ELECTRÓNICA,MASCULINO,NO,2,18
LIMA,INGENIERÍA DE SISTEMAS,MASCULINO,NO,3,19
CUSCO,INGENIERÍA DE SISTEMAS,MASCULINO,NO,4,20
LIMA,INGENIERÍA DE SISTEMAS,MASCULINO,NO,2,18
LIMA,INGENIERÍA CIVIL,MASCULINO,NO,1,17
LIMA,ARQUITECTURA,MASCULINO,NO,1,17
LIMA,INGENIERÍA SANITARIA,MASCULINO,NO,4,20
LIMA,ARQUITECTURA,FEMENINO,NO,2,19
LIMA,INGENIERÍA CIVIL,MASCULINO,NO,1,17
APURÍMAC,INGENIERÍA CIVIL,MASCULINO,NO,2,18
PASCO,INGENIERÍA DE SISTEMAS,MASCULINO,NO,1,17
LIMA,INGENIERÍA DE TELECOMUNICACIONES,MASCULINO,NO,2,19
LIMA,INGENIERÍA CIVIL,MASCULINO,NO,2,18
LIMA,INGENIERÍA QUÍMICA,FEMENINO,NO,2,18
LIMA,ARQUITECTURA,MASCULINO,NO,2,18
LIMA,INGENIERÍA DE SISTEMAS,MASCULINO,NO,2,18
ÁNCASH,INGENIERÍA DE SISTEMAS,FEMENINO,NO,5,21
LIMA,ARQUITECTURA,MASCULINO,NO,2,18
LIMA,INGENIERÍA DE SISTEMAS,MASCULINO,SI,5,21
LIMA,INGENIERÍA DE SISTEMAS,MASCULINO,NO,1,18
LIMA,INGENIERÍA AMBIENTAL,FEMENINO,NO,3,18
LIMA,ARQUITECTURA,FEMENINO,NO,2,18
LAMBAYEQUE,INGENIERÍA CIVIL,MASCULINO,NO,2,18
LIMA,MATEMÁTICA,MASCULINO,NO,3,20
LIMA,INGENIERÍA DE SISTEMAS,MASCULINO,NO,1,17
LIMA,INGENIERÍA CIVIL,MASCULINO,NO,2,19
LIMA,INGENIERÍA AMBIENTAL,MASCULINO,NO,3,19
JUNÍN,INGENIERÍA CIVIL,MASCULINO,NO,3,18
CALLAO,INGENIERÍA CIVIL,MASCULINO,NO,2,18
CUSCO,INGENIERÍA MECATRÓNICA,MASCULINO,NO,1,17
LIMA,INGENIERÍA INDUSTRIAL,MASCULINO,NO,1,17
LIMA,ARQUITECTURA,FEMENINO,SI,7,23
LIMA,INGENIERÍA ELECTRÓNICA,MASCULINO,SI,5,21
CALLAO,INGENIERÍA DE SISTEMAS,MASCULINO,NO,2,18
LIMA,INGENIERÍA ECONÓMICA,MASCULINO,NO,1,18
LIMA,INGENIERÍA INDUSTRIAL,MASCULINO,SI,4,20
LIMA,INGENIERÍA CIVIL,FEMENINO,NO,1,16
CALLAO,FÍSICA,MASCULINO,NO,13,30
CALLAO,ARQUITECTURA,FEMENINO,NO,2,18
LIMA,INGENIERÍA CIVIL,MASCULINO,NO,4,20
LIMA,INGENIERÍA MECATRÓNICA,MASCULINO,NO,2,18
LIMA,INGENIERÍA CIVIL,MASCULINO,NO,8,25
HUANCAVELICA,INGENIERÍA MECATRÓNICA,MASCULINO,NO,4,20
LIMA,INGENIERÍA MECÁNICA-ELÉCTRICA,MASCULINO,SI,6,23
LIMA,INGENIERÍA ECONÓMICA,MASCULINO,NO,1,18
LIMA,INGENIERÍA INDUSTRIAL,MASCULINO,NO,1,18
LIMA,ARQUITECTURA,MASCULINO,NO,2,18
LIMA,INGENIERÍA DE SISTEMAS,MASCULINO,NO,4,20
LIMA,INGENIERÍA DE MINAS,FEMENINO,NO,1,17
LIMA,INGENIERÍA DE SISTEMAS,MASCULINO,NO,1,18
LIMA,INGENIERÍA DE SISTEMAS,MASCULINO,NO,4,21
APURÍMAC,ARQUITECTURA,FEMENINO,NO,2,19
LIMA,INGENIERÍA DE SISTEMAS,MASCULINO,NO,2,18
LIMA,INGENIERÍA CIVIL,MASCULINO,NO,1,18
LIMA,INGENIERÍA MECÁNICA,MASCULINO,NO,2,18
LIMA,CIENCIA DE LA COMPUTACIÓN,MASCULINO,SI,5,21
LIMA,INGENIERÍA DE MINAS,MASCULINO,SI,2,18
LIMA,INGENIERÍA CIVIL,MASCULINO,NO,2,19
LIMA,INGENIERÍA DE SISTEMAS,MASCULINO,NO,2,18
PASCO,ARQUITECTURA,MASCULINO,SI,3,19
LIMA,ARQUITECTURA,MASCULINO,NO,1,17
LIMA,INGENIERÍA DE SISTEMAS,FEMENINO,NO,1,18
ÁNCASH,INGENIERÍA DE SISTEMAS,MASCULINO,NO,1,18
LIMA,INGENIERÍA MECATRÓNICA,MASCULINO,NO,3,19
LIMA,INGENIERÍA INDUSTRIAL,MASCULINO,NO,4,20
LIMA,INGENIERÍA CIVIL,MASCULINO,NO,3,19
LIMA,CIENCIA DE LA COMPUTACIÓN,MASCULINO,SI,5,21
LIMA,INGENIERÍA DE SISTEMAS,MASCULINO,NO,7,24
LIMA,INGENIERÍA DE SOFTWARE,FEMENINO,NO,3,20
APURIMAC,INGENIERÍA CIVIL,MASCULINO,NO,4,21
LIMA,INGENIERÍA INDUSTRIAL,MASCULINO,NO,7,24
LIMA,INGENIERÍA MECATRÓNICA,MASCULINO,NO,4,20
HUANUCO,INGENIERÍA CIVIL,MASCULINO,NO,1,17
CALLAO,INGENIERÍA DE MINAS,FEMENINO,NO,3,19
LIMA,INGENIERÍA INDUSTRIAL,FEMENINO,NO,2,18
JUNIN,INGENIERÍA DE SOFTWARE,MASCULINO,NO,1,18
LIMA,INGENIERÍA DE CIBERSEGURIDAD,MASCULINO,NO,3,19
AYACUCHO,INGENIERÍA MECATRÓNICA,MASCULINO,NO,2,18
LIMA,ARQUITECTURA,FEMENINO,NO,7,23
CALLAO,INGENIERÍA MECATRÓNICA,MASCULINO,NO,2,18
LIMA,INGENIERÍA MECATRÓNICA,MASCULINO,NO,1,18
LIMA,ARQUITECTURA,FEMENINO,NO,3,19
LIMA,INGENIERÍA DE SISTEMAS,MASCULINO,NO,3,20
LIMA,INGENIERÍA ELECTRÓNICA,MASCULINO,NO,1,18
LIMA,INGENIERÍA CIVIL,MASCULINO,NO,4,21
LIMA,INGENIERÍA ELÉCTRICA,MASCULINO,NO,5,21
LIMA,INGENIERÍA INDUSTRIAL,MASCULINO,NO,2,19
LIMA,INGENIERÍA MECÁNICA,MASCULINO,NO,3,20
LIMA,CIENCIA DE LA COMPUTACIÓN,MASCULINO,NO,5,21
LIMA,CIENCIA DE LA COMPUTACIÓN,MASCULINO,NO,3,19
LIMA,INGENIERÍA MECÁNICA-ELÉCTRICA,MASCULINO,NO,4,21
AYACUCHO,INGENIERÍA MECATRÓNICA,MASCULINO,NO,2,19
LIMA,INGENIERÍA CIVIL,MASCULINO,NO,1,18
LIMA,INGENIERÍA INDUSTRIAL,FEMENINO,NO,2,18
LIMA,INGENIERÍA CIVIL,MASCULINO,SI,3,19
LIMA,ARQUITECTURA,MASCULINO,NO,4,20
LIMA,INGENIERÍA INDUSTRIAL,MASCULINO,NO,2,19
LIMA,INGENIERÍA DE SISTEMAS,MASCULINO,NO,2,18
LIMA,INGENIERÍA INDUSTRIAL,FEMENINO,NO,2,18
LIMA,INGENIERÍA DE MINAS,MASCULINO,NO,2,19
LIMA,INGENIERÍA CIVIL,MASCULINO,NO,2,18
LIMA,INGENIERÍA METALÚRGICA,MASCULINO,NO,1,18
LIMA,INGENIERÍA DE SISTEMAS,MASCULINO,SI,4,20
LIMA,INGENIERÍA CIVIL,MASCULINO,NO,2,19
PUNO,INGENIERÍA INDUSTRIAL,FEMENINO,NO,2,19
JUNIN,INGENIERÍA CIVIL,MASCULINO,NO,2,18
LIMA,INGENIERÍA CIVIL,MASCULINO,NO,2,18
LIMA,INGENIERÍA CIVIL,MASCULINO,NO,3,20
LIMA,INGENIERÍA METALÚRGICA,MASCULINO,NO,3,20
LIMA,INGENIERÍA INDUSTRIAL,MASCULINO,NO,1,17
HUANUCO,INGENIERÍA DE SISTEMAS,MASCULINO,NO,2,18
LIMA,INGENIERÍA INDUSTRIAL,MASCULINO,NO,3,20
LIMA,INGENIERÍA INDUSTRIAL,FEMENINO,NO,1,18
LIMA,INGENIERÍA CIVIL,MASCULINO,NO,3,21
LIMA,INGENIERÍA ESTADÍSTICA,MASCULINO,SI,3,20
LIMA,INGENIERÍA MECATRÓNICA,FEMENINO,NO,4,21
LIMA,INGENIERÍA ELÉCTRICA,MASCULINO,SI,2,18
LIMA,INGENIERÍA CIVIL,MASCULINO,NO,3,20
LIMA,INGENIERÍA CIVIL,MASCULINO,NO,4,20
LIMA,INGENIERÍA QUÍMICA,FEMENINO,NO,3,19
LIMA,INGENIERÍA DE MINAS,FEMENINO,NO,2,19
LIMA,INGENIERÍA DE SISTEMAS,MASCULINO,NO,4,21
LIMA,INGENIERÍA CIVIL,FEMENINO,NO,5,21
LIMA,ARQUITECTURA,MASCULINO,NO,2,18
LIMA,INGENIERÍA METALÚRGICA,MASCULINO,NO,3,19
LIMA,INGENIERÍA DE SISTEMAS,MASCULINO,NO,2,18
LIMA,INGENIERÍA CIVIL,MASCULINO,NO,2,19
LIMA,INGENIERÍA INDUSTRIAL,MASCULINO,NO,2,18
LIMA,INGENIERÍA CIVIL,MASCULINO,NO,1,17
LIMA,INGENIERÍA DE MINAS,MASCULINO,SI,1,17
LIMA,INGENIERÍA FÍSICA,MASCULINO,NO,2,18
ANCASH,INGENIERÍA INDUSTRIAL,MASCULINO,NO,5,21
LIMA,INGENIERÍA DE SISTEMAS,MASCULINO,SI,4,20
LIMA,INGENIERÍA CIVIL,MASCULINO,NO,1,18
LIMA,ARQUITECTURA,FEMENINO,NO,2,18
LIMA,INGENIERÍA CIVIL,MASCULINO,NO,4,20
LIMA,ARQUITECTURA,MASCULINO,NO,2,18
LIMA,INGENIERÍA DE CIBERSEGURIDAD,MASCULINO,NO,2,19
CALLAO,INGENIERÍA INDUSTRIAL,FEMENINO,NO,1,17
LIMA,ARQUITECTURA,MASCULINO,NO,2,19
LIMA,ARQUITECTURA,MASCULINO,NO,2,18
LIMA,INGENIERÍA CIVIL,MASCULINO,SI,3,19
LIMA,INGENIERÍA DE SISTEMAS,MASCULINO,SI,4,19
LIMA,INGENIERÍA MECÁNICA,FEMENINO,SI,1,18
ANCASH,INGENIERÍA DE MINAS,MASCULINO,NO,2,18
LIMA,INGENIERÍA DE SISTEMAS,MASCULINO,NO,2,19
LIMA,INGENIERÍA INDUSTRIAL,MASCULINO,NO,4,21
LIMA,INGENIERÍA QUÍMICA,FEMENINO,NO,4,20
LIMA,INGENIERÍA INDUSTRIAL,MASCULINO,NO,3,19
ANCASH,INGENIERÍA DE MINAS,MASCULINO,NO,1,17
CALLAO,ARQUITECTURA,FEMENINO,NO,3,19
ANCASH,INGENIERÍA DE SISTEMAS,MASCULINO,NO,1,17
LIMA,INGENIERÍA DE SISTEMAS,MASCULINO,NO,2,19
LIMA,INGENIERÍA CIVIL,MASCULINO,NO,2,18
LIMA,INGENIERÍA DE SOFTWARE,MASCULINO,NO,3,21
LIMA,INGENIERÍA ELÉCTRICA,MASCULINO,NO,1,18
PIURA,ARQUITECTURA,MASCULINO,NO,2,19
LIMA,CIENCIA DE LA COMPUTACIÓN,MASCULINO,SI,5,22
LIMA,INGENIERÍA GEOLÓGICA,MASCULINO,NO,2,19
CALLAO,INGENIERÍA DE SISTEMAS,MASCULINO,NO,4,21
JUNÍN,INGENIERÍA CIVIL,MASCULINO,NO,3,19
LIMA,ARQUITECTURA,MASCULINO,NO,1,18
ÁNCASH,INGENIERÍA ELECTRÓNICA,MASCULINO,NO,2,18
LAMBAYEQUE,INGENIERÍA DE SISTEMAS,MASCULINO,NO,1,17
LIMA,INGENIERÍA DE SISTEMAS,FEMENINO,NO,1,18
LIMA,ARQUITECTURA,FEMENINO,NO,2,18
LIMA,ARQUITECTURA,FEMENINO,NO,4,20
ÁNCASH,INGENIERÍA DE TELECOMUNICACIONES,MASCULINO,NO,2,19
MOQUEGUA,INGENIERÍA CIVIL,MASCULINO,NO,1,18
LIMA,ARQUITECTURA,MASCULINO,NO,2,19
ÁNCASH,INGENIERÍA CIVIL,MASCULINO,NO,3,19
LIMA,INGENIERÍA CIVIL,MASCULINO,SI,2,18
LIMA,INGENIERÍA INDUSTRIAL,MASCULINO,NO,1,17
ÁNCASH,INGENIERÍA MECATRÓNICA,MASCULINO,NO,3,20
LIMA,ARQUITECTURA,FEMENINO,NO,1,17
LIMA,ARQUITECTURA,MASCULINO,NO,2,18
JUNÍN,ARQUITECTURA,FEMENINO,NO,3,20
LIMA,ARQUITECTURA,FEMENINO,NO,2,18
LIMA,INGENIERÍA ELÉCTRICA,MASCULINO,NO,3,19
HUÁNUCO,INGENIERÍA INDUSTRIAL,MASCULINO,NO,1,18
LIMA,INGENIERÍA ECONÓMICA,MASCULINO,NO,2,18
LIMA,INGENIERÍA CIVIL,MASCULINO,NO,1,19
HUANCAVELICA,INGENIERÍA MECÁNICA,MASCULINO,NO,2,18
LIMA,INGENIERÍA CIVIL,MASCULINO,NO,4,20
LIMA,ARQUITECTURA,MASCULINO,NO,1,18
LIMA,INGENIERÍA MECATRÓNICA,MASCULINO,SI,4,20
LIMA,INGENIERÍA ECONÓMICA,FEMENINO,NO,4,20
LIMA,ARQUITECTURA,FEMENINO,NO,1,17
ICA,INGENIERÍA DE SISTEMAS,MASCULINO,NO,1,18
PUNO,INGENIERÍA ELECTRÓNICA,MASCULINO,NO,2,18
LIMA,INGENIERÍA CIVIL,MASCULINO,NO,4,20
LIMA,INGENIERÍA DE TELECOMUNICACIONES,MASCULINO,NO,3,19
LIMA,INGENIERÍA CIVIL,MASCULINO,NO,3,20
LIMA,INGENIERÍA DE CIBERSEGURIDAD,MASCULINO,NO,5,22
LIMA,INGENIERÍA ELÉCTRICA,MASCULINO,NO,4,20
LIMA,INGENIERÍA MECATRÓNICA,MASCULINO,NO,3,20
LIMA,ARQUITECTURA,MASCULINO,NO,1,18
AMAZONAS,INGENIERÍA MECATRÓNICA,MASCULINO,NO,3,19
LIMA,INGENIERÍA INDUSTRIAL,FEMENINO,NO,2,18
HUANCAVELICA,INGENIERÍA MECATRÓNICA,MASCULINO,NO,2,19
LIMA,INGENIERÍA CIVIL,MASCULINO,NO,2,18
LIMA,INGENIERÍA DE CIBERSEGURIDAD,MASCULINO,NO,4,21
LIMA,INGENIERÍA DE MINAS,MASCULINO,NO,2,18
LIMA,INGENIERÍA DE SISTEMAS,MASCULINO,NO,4,20
ANCASH,INGENIERÍA CIVIL,MASCULINO,NO,3,19
LIMA,INGENIERÍA DE SISTEMAS,MASCULINO,NO,3,19
LIMA,INGENIERÍA CIVIL,MASCULINO,NO,1,18
APURÍMAC,INGENIERÍA CIVIL,MASCULINO,NO,2,18
SAN MARTÍN,INGENIERÍA INDUSTRIAL,FEMENINO,NO,3,19
LIMA,INGENIERÍA DE SISTEMAS,FEMENINO,NO,3,23
LIMA,INGENIERÍA CIVIL,MASCULINO,NO,1,17
LIMA,ARQUITECTURA,FEMENINO,NO,1,18
LIMA,INGENIERÍA ECONÓMICA,MASCULINO,NO,1,17
LIMA,INGENIERÍA DE CIBERSEGURIDAD,MASCULINO,NO,1,17
LIMA,INGENIERÍA MECATRÓNICA,MASCULINO,NO,1,18
LIMA,INGENIERÍA DE SISTEMAS,FEMENINO,NO,3,19
CALLAO,INGENIERÍA DE SISTEMAS,MASCULINO,NO,1,17
LIMA,INGENIERÍA SANITARIA,FEMENINO,NO,5,21
LIMA,INGENIERÍA DE SISTEMAS,MASCULINO,NO,2,19
LIMA,ARQUITECTURA,MASCULINO,NO,3,19
AMAZONAS,INGENIERÍA CIVIL,MASCULINO,NO,2,18
LIMA,INGENIERÍA ELÉCTRICA,MASCULINO,NO,3,19
LIMA,INGENIERÍA MECÁNICA,MASCULINO,NO,3,19
ANCASH,INGENIERÍA INDUSTRIAL,MASCULINO,NO,4,20
LIMA,INGENIERÍA ELECTRÓNICA,MASCULINO,NO,2,19
ANCASH,INGENIERÍA DE MINAS,MASCULINO,SI,4,20
AYACUCHO,INGENIERÍA DE SISTEMAS,MASCULINO,NO,1,17
SAN MARTIN,INGENIERÍA GEOLÓGICA,FEMENINO,NO,3,20
LIMA,INGENIERÍA DE SOFTWARE,MASCULINO,NO,3,19
ANCASH,INGENIERÍA FÍSICA,MASCULINO,NO,1,18
AYACUCHO,INGENIERÍA CIVIL,MASCULINO,NO,1,18
LIMA,INGENIERÍA MECATRÓNICA,MASCULINO,NO,7,23
LIMA,INGENIERÍA DE SISTEMAS,MASCULINO,NO,2,19
LIMA,INGENIERÍA QUÍMICA,MASCULINO,SI,3,19
LIMA,INGENIERÍA CIVIL,MASCULINO,NO,3,20
LIMA,ARQUITECTURA,FEMENINO,NO,2,18
JUNIN,INGENIERÍA CIVIL,MASCULINO,NO,5,20
LIMA,INGENIERÍA DE SISTEMAS,MASCULINO,NO,2,18
LIMA,ARQUITECTURA,MASCULINO,NO,2,18
LIMA,ARQUITECTURA,MASCULINO,NO,7,24
LIMA,INGENIERÍA CIVIL,MASCULINO,NO,2,18
LIMA,INGENIERÍA DE MINAS,MASCULINO,NO,3,19
LIMA,ARQUITECTURA,MASCULINO,NO,3,19
LIMA,INGENIERÍA QUÍMICA,MASCULINO,NO,1,18
LIMA,INGENIERÍA TEXTIL,FEMENINO,NO,1,18
APURIMAC,INGENIERÍA DE MINAS,MASCULINO,NO,4,20
JUNIN,INGENIERÍA DE CIBERSEGURIDAD,MASCULINO,NO,2,18
LIMA,INGENIERÍA DE SISTEMAS,MASCULINO,NO,2,18
CALLAO,INGENIERÍA CIVIL,MASCULINO,NO,2,18
LIMA,INGENIERÍA CIVIL,MASCULINO,NO,3,20
LIMA,INGENIERÍA CIVIL,FEMENINO,NO,2,18
LIMA,INGENIERÍA DE CIBERSEGURIDAD,MASCULINO,NO,2,18
LIMA,INGENIERÍA CIVIL,MASCULINO,NO,1,17
LIMA,INGENIERÍA MECÁNICA,MASCULINO,NO,3,19
LIMA,INGENIERÍA MECATRÓNICA,MASCULINO,NO,4,21
LIMA,INGENIERÍA ELÉCTRICA,MASCULINO,NO,2,18
LIMA,INGENIERÍA INDUSTRIAL,FEMENINO,NO,23,19
LIMA,INGENIERÍA CIVIL,MASCULINO,NO,1,17
LIMA,INGENIERÍA FÍSICA,MASCULINO,SI,4,21
LIMA,INGENIERÍA CIVIL,FEMENINO,NO,4,21
PUNO,INGENIERÍA MECATRÓNICA,MASCULINO,NO,2,19
LIMA,INGENIERÍA ELECTRÓNICA,MASCULINO,NO,8,25
LIMA,ARQUITECTURA,FEMENINO,NO,3,20
ANCASH,INGENIERÍA DE MINAS,MASCULINO,NO,2,19
LIMA,ARQUITECTURA,MASCULINO,NO,4,21
LIMA,INGENIERÍA DE SISTEMAS,FEMENINO,NO,2,19
LIMA,INGENIERÍA MECÁNICA,MASCULINO,NO,2,18
LIMA,FÍSICA,MASCULINO,NO,3,19
CALLAO,INGENIERÍA DE SISTEMAS,MASCULINO,NO,4,21
LIMA,INGENIERÍA DE SISTEMAS,MASCULINO,NO,1,17
LIMA,INGENIERÍA DE SISTEMAS,MASCULINO,SI,2,18
AYACUCHO,INGENIERÍA CIVIL,MASCULINO,NO,2,18
LIMA,INGENIERÍA DE SISTEMAS,MASCULINO,NO,1,18
LIMA,INGENIERÍA GEOLÓGICA,FEMENINO,NO,3,19
ÁNCASH,INGENIERÍA CIVIL,MASCULINO,NO,3,19
LIMA,INGENIERÍA PETROQUÍMICA,MASCULINO,NO,1,17
JUNÍN,INGENIERÍA INDUSTRIAL,MASCULINO,NO,1,17
LIMA,INGENIERÍA CIVIL,FEMENINO,NO,2,19
CALLAO,INGENIERÍA MECATRÓNICA,MASCULINO,NO,3,20
CALLAO,FÍSICA,MASCULINO,NO,2,18
LIMA,ARQUITECTURA,MASCULINO,NO,1,17
LIMA,INGENIERÍA DE SISTEMAS,FEMENINO,NO,1,17
LIMA,ARQUITECTURA,MASCULINO,NO,1,17
LIMA,INGENIERÍA FÍSICA,MASCULINO,SI,5,21
LAMBAYEQUE,INGENIERÍA ELECTRÓNICA,MASCULINO,SI,2,19
LIMA,ARQUITECTURA,FEMENINO,NO,1,18
LIMA,INGENIERÍA ELECTRÓNICA,MASCULINO,SI,2,18
LIMA,ARQUITECTURA,FEMENINO,NO,1,17
LIMA,INGENIERÍA GEOLÓGICA,MASCULINO,NO,2,18
LIMA,INGENIERÍA CIVIL,MASCULINO,NO,1,18
LIMA,MATEMÁTICA,FEMENINO,NO,2,19
LIMA,INGENIERÍA DE MINAS,MASCULINO,SI,5,22
ÁNCASH,ARQUITECTURA,MASCULINO,NO,4,20
ÁNCASH,INGENIERÍA MECÁNICA,MASCULINO,NO,2,19
CALLAO,INGENIERÍA FÍSICA,MASCULINO,SI,4,22
LIMA,INGENIERÍA MECÁNICA-ELÉCTRICA,MASCULINO,SI,5,22
LIMA,CIENCIA DE LA COMPUTACIÓN,MASCULINO,NO,2,19
LA LIBERTAD,INGENIERÍA INDUSTRIAL,MASCULINO,SI,5,21
LIMA,INGENIERÍA CIVIL,MASCULINO,NO,2,19
LIMA,ARQUITECTURA,MASCULINO,NO,2,18
LIMA,CIENCIA DE LA COMPUTACIÓN,MASCULINO,NO,1,17
LIMA,INGENIERÍA ELECTRÓNICA,MASCULINO,NO,2,19
AMAZONAS,INGENIERÍA MECÁNICA-ELÉCTRICA,MASCULINO,NO,6,22
LIMA,INGENIERÍA CIVIL,MASCULINO,NO,3,20
APURÍMAC,INGENIERÍA CIVIL,MASCULINO,NO,5,22
LIMA,INGENIERÍA FÍSICA,MASCULINO,NO,7,23
LIMA,INGENIERÍA MECATRÓNICA,MASCULINO,NO,1,17
LIMA,INGENIERÍA INDUSTRIAL,MASCULINO,NO,2,18
LIMA,INGENIERÍA DE TELECOMUNICACIONES,MASCULINO,NO,1,18
LIMA,INGENIERÍA ELECTRÓNICA,MASCULINO,NO,4,21
LIMA,INGENIERÍA MECATRÓNICA,FEMENINO,NO,1,18
LIMA,INGENIERÍA CIVIL,MASCULINO,SI,4,20
LIMA,INGENIERÍA DE MINAS,MASCULINO,SI,5,23
LIMA,INGENIERÍA CIVIL,MASCULINO,NO,1,17
AYACUCHO,ARQUITECTURA,MASCULINO,SI,5,22
LIMA,INGENIERÍA DE SISTEMAS,MASCULINO,NO,2,18
LIMA,INGENIERÍA DE SISTEMAS,MASCULINO,NO,3,19
LIMA,INGENIERÍA MECATRÓNICA,MASCULINO,NO,1,17
HUÁNUCO,INGENIERÍA INDUSTRIAL,MASCULINO,SI,7,23
LIMA,INGENIERÍA AMBIENTAL,FEMENINO,SI,5,21
LIMA,INGENIERÍA DE MINAS,MASCULINO,NO,3,20
LIMA,INGENIERÍA DE SISTEMAS,MASCULINO,NO,1,17
LIMA,INGENIERÍA DE SISTEMAS,MASCULINO,NO,2,19
LIMA,ARQUITECTURA,FEMENINO,NO,1,17
LIMA,INGENIERÍA DE TELECOMUNICACIONES,MASCULINO,NO,3,20
LIMA,INGENIERÍA DE SISTEMAS,MASCULINO,NO,2,18
CAJAMARCA,INGENIERÍA NAVAL,MASCULINO,SI,3,19
PASCO,INGENIERÍA CIVIL,MASCULINO,NO,2,19
LIMA,INGENIERÍA ECONÓMICA,MASCULINO,NO,3,19
LIMA,INGENIERÍA DE HIGIENE Y SEGURIDAD INDUSTRIAL,FEMENINO,SI,4,20
LIMA,INGENIERÍA CIVIL,MASCULINO,NO,1,19
LIMA,INGENIERÍA CIVIL,FEMENINO,NO,1,17
LIMA,INGENIERÍA MECÁNICA-ELÉCTRICA,MASCULINO,NO,3,19
LIMA,INGENIERÍA DE SISTEMAS,MASCULINO,NO,3,19
LIMA,INGENIERÍA CIVIL,MASCULINO,NO,5,23
LIMA,QUÍMICA,FEMENINO,NO,1,18
LIMA,INGENIERÍA CIVIL,MASCULINO,NO,1,17
JUNÍN,INGENIERÍA MECATRÓNICA,MASCULINO,NO,1,18
CALLAO,INGENIERÍA DE SISTEMAS,MASCULINO,NO,4,19
LIMA,INGENIERÍA MECÁNICA,MASCULINO,NO,1,17
ÁNCASH,INGENIERÍA NAVAL,MASCULINO,NO,3,19
LIMA,INGENIERÍA DE SISTEMAS,MASCULINO,NO,4,20
LIMA,INGENIERÍA DE SISTEMAS,FEMENINO,NO,1,18
LIMA,INGENIERÍA DE SISTEMAS,MASCULINO,NO,1,17
LIMA,INGENIERÍA DE MINAS,MASCULINO,NO,1,17
CALLAO,INGENIERÍA QUÍMICA,MASCULINO,SI,4,21
LIMA,INGENIERÍA DE SISTEMAS,MASCULINO,NO,2,18
LIMA,INGENIERÍA DE SISTEMAS,MASCULINO,NO,2,18
LIMA,INGENIERÍA INDUSTRIAL,MASCULINO,NO,5,21
HUANCAVELICA,INGENIERÍA ECONÓMICA,MASCULINO,NO,6,22
LIMA,INGENIERÍA MECÁNICA,MASCULINO,NO,1,17
LIMA,INGENIERÍA CIVIL,MASCULINO,NO,2,18
LIMA,MATEMÁTICA,MASCULINO,SI,4,20
LIMA,INGENIERÍA INDUSTRIAL,MASCULINO,NO,2,19
LIMA,INGENIERÍA DE SISTEMAS,MASCULINO,NO,3,19
LA LIBERTAD,INGENIERÍA MECÁNICA,MASCULINO,SI,6,22
LIMA,INGENIERÍA DE SISTEMAS,MASCULINO,NO,3,19
LIMA,INGENIERÍA MECATRÓNICA,MASCULINO,NO,2,19
CALLAO,INGENIERÍA CIVIL,MASCULINO,NO,1,17
LIMA,INGENIERÍA CIVIL,FEMENINO,NO,2,18
LIMA,INGENIERÍA DE SISTEMAS,MASCULINO,NO,4,20
LA LIBERTAD,INGENIERÍA ELÉCTRICA,MASCULINO,SI,4,20
LIMA,ARQUITECTURA,FEMENINO,NO,1,17
LIMA,ARQUITECTURA,FEMENINO,NO,2,18
LAMBAYEQUE,INGENIERÍA CIVIL,MASCULINO,NO,3,19
LIMA,INGENIERÍA ECONÓMICA,FEMENINO,NO,3,19
LIMA,INGENIERÍA MECATRÓNICA,MASCULINO,NO,5,21
LIMA,INGENIERÍA ECONÓMICA,FEMENINO,SI,5,21
LIMA,INGENIERÍA CIVIL,MASCULINO,NO,3,19
ÁNCASH,FÍSICA,MASCULINO,NO,1,17
LIMA,INGENIERÍA DE SISTEMAS,FEMENINO,NO,3,20
LIMA,INGENIERÍA QUÍMICA,FEMENINO,NO,1,18
LIMA,INGENIERÍA CIVIL,FEMENINO,NO,2,19
LIMA,INGENIERÍA DE TELECOMUNICACIONES,MASCULINO,NO,2,19
LIMA,INGENIERÍA INDUSTRIAL,FEMENINO,NO,2,19
LIMA,INGENIERÍA DE SISTEMAS,MASCULINO,NO,1,18
AYACUCHO,INGENIERÍA CIVIL,FEMENINO,SI,3,20
LIMA,CIENCIA DE LA COMPUTACIÓN,MASCULINO,NO,7,23
LIMA,ARQUITECTURA,MASCULINO,NO,2,20
LIMA,INGENIERÍA SANITARIA,FEMENINO,SI,12,28
LIMA,INGENIERÍA CIVIL,MASCULINO,NO,27,43
ÁNCASH,INGENIERÍA CIVIL,FEMENINO,NO,2,19
LIMA,MATEMÁTICA,MASCULINO,SI,5,22
LA LIBERTAD,INGENIERÍA MECÁNICA-ELÉCTRICA,MASCULINO,SI,3,19
LIMA,INGENIERÍA CIVIL,MASCULINO,NO,3,19
LIMA,INGENIERÍA AMBIENTAL,FEMENINO,NO,2,19
LIMA,INGENIERÍA DE SISTEMAS,MASCULINO,NO,3,19
LIMA,INGENIERÍA CIVIL,MASCULINO,NO,1,17
TACNA,INGENIERÍA CIVIL,MASCULINO,NO,1,18
LIMA,INGENIERÍA ELÉCTRICA,MASCULINO,NO,4,20
LIMA,INGENIERÍA INDUSTRIAL,FEMENINO,NO,1,18
LIMA,INGENIERÍA ELÉCTRICA,MASCULINO,NO,4,20
LIMA,INGENIERÍA DE MINAS,FEMENINO,NO,1,17
LIMA,INGENIERÍA MECATRÓNICA,FEMENINO,NO,1,18
LIMA,INGENIERÍA CIVIL,FEMENINO,NO,3,19
LIMA,INGENIERÍA INDUSTRIAL,MASCULINO,NO,1,17
LIMA,INGENIERÍA CIVIL,MASCULINO,NO,1,17
LIMA,INGENIERÍA DE SISTEMAS,MASCULINO,NO,3,19
LIMA,INGENIERÍA DE TELECOMUNICACIONES,MASCULINO,NO,4,21
LIMA,INGENIERÍA INDUSTRIAL,MASCULINO,NO,3,19
LIMA,INGENIERÍA MECÁNICA,MASCULINO,NO,1,17
LIMA,INGENIERÍA MECÁNICA,MASCULINO,SI,2,18
LIMA,INGENIERÍA ELECTRÓNICA,MASCULINO,NO,4,21
HUÁNUCO,INGENIERÍA DE SISTEMAS,MASCULINO,SI,2,18
LIMA,INGENIERÍA MECATRÓNICA,MASCULINO,SI,2,18
LIMA,INGENIERÍA ELÉCTRICA,MASCULINO,NO,4,21
LIMA,INGENIERÍA DE SISTEMAS,MASCULINO,NO,2,18
LIMA,INGENIERÍA ELÉCTRICA,MASCULINO,NO,3,19
LIMA,INGENIERÍA ELÉCTRICA,MASCULINO,NO,3,19
LIMA,INGENIERÍA DE SISTEMAS,MASCULINO,NO,2,18
LIMA,INGENIERÍA MECATRÓNICA,MASCULINO,NO,2,18
LIMA,INGENIERÍA DE SISTEMAS,MASCULINO,NO,1,18
HUANCAVELICA,INGENIERÍA MECATRÓNICA,MASCULINO,NO,1,18
LIMA,INGENIERÍA CIVIL,MASCULINO,NO,2,18
LIMA,INGENIERÍA MECATRÓNICA,MASCULINO,NO,1,18
MADRE DE DIOS,INGENIERÍA MECATRÓNICA,MASCULINO,SI,7,23
LIMA,INGENIERÍA MECATRÓNICA,MASCULINO,NO,3,20
LIMA,INGENIERÍA CIVIL,FEMENINO,NO,4,19
LIMA,FÍSICA,MASCULINO,NO,5,21
LIMA,ARQUITECTURA,MASCULINO,SI,3,19
ÁNCASH,INGENIERÍA DE SISTEMAS,MASCULINO,NO,2,18
CALLAO,MATEMÁTICA,FEMENINO,NO,3,20
LIMA,INGENIERÍA MECATRÓNICA,MASCULINO,NO,2,19
LIMA,INGENIERÍA DE SOFTWARE,MASCULINO,NO,1,17
LIMA,INGENIERÍA ELÉCTRICA,MASCULINO,SI,3,19
LIMA,INGENIERÍA DE SISTEMAS,MASCULINO,NO,2,18
LIMA,INGENIERÍA CIVIL,MASCULINO,NO,2,19
LIMA,ARQUITECTURA,MASCULINO,SI,2,18
LIMA,INGENIERÍA DE SISTEMAS,MASCULINO,NO,2,19
LIMA,INGENIERÍA ECONÓMICA,MASCULINO,SI,4,21
LIMA,ARQUITECTURA,FEMENINO,NO,2,19
LIMA,CIENCIA DE LA COMPUTACIÓN,MASCULINO,NO,3,20
LIMA,INGENIERÍA QUÍMICA,MASCULINO,NO,4,21
LIMA,INGENIERÍA ELECTRÓNICA,MASCULINO,SI,2,19
LIMA,INGENIERÍA ECONÓMICA,MASCULINO,NO,2,18
LIMA,ARQUITECTURA,MASCULINO,NO,3,19
LIMA,INGENIERÍA DE SISTEMAS,MASCULINO,NO,4,21
LIMA,INGENIERÍA DE SISTEMAS,MASCULINO,NO,3,19
LIMA,ARQUITECTURA,FEMENINO,NO,4,20
LIMA,INGENIERÍA CIVIL,MASCULINO,NO,3,19
LIMA,INGENIERÍA DE SISTEMAS,MASCULINO,NO,2,18
CUSCO,INGENIERÍA CIVIL,MASCULINO,NO,6,23
LIMA,ARQUITECTURA,FEMENINO,NO,2,19
LIMA,INGENIERÍA DE SISTEMAS,FEMENINO,SI,1,18
LIMA,INGENIERÍA ELÉCTRICA,MASCULINO,NO,2,18
LIMA,INGENIERÍA METALÚRGICA,MASCULINO,NO,1,17
LIMA,INGENIERÍA DE SISTEMAS,MASCULINO,NO,2,18
LIMA,INGENIERÍA DE SISTEMAS,MASCULINO,NO,5,21
LIMA,INGENIERÍA INDUSTRIAL,FEMENINO,NO,1,17
CALLAO,INGENIERÍA DE SISTEMAS,MASCULINO,NO,3,19
LIMA,INGENIERÍA DE CIBERSEGURIDAD,MASCULINO,NO,1,18
LIMA,ARQUITECTURA,FEMENINO,NO,2,18
LIMA,INGENIERÍA DE SISTEMAS,MASCULINO,NO,3,19
LIMA,INGENIERÍA CIVIL,MASCULINO,NO,5,21
LIMA,INGENIERÍA CIVIL,MASCULINO,NO,1,17
LIMA,INGENIERÍA MECATRÓNICA,MASCULINO,NO,1,18
LIMA,INGENIERÍA MECATRÓNICA,MASCULINO,NO,2,19
LIMA,INGENIERÍA MECÁNICA,FEMENINO,NO,1,18
LIMA,INGENIERÍA ESTADÍSTICA,MASCULINO,NO,4,20
LIMA,ARQUITECTURA,FEMENINO,NO,1,18
LIMA,INGENIERÍA CIVIL,MASCULINO,NO,4,20
SAN MARTÍN,INGENIERÍA CIVIL,FEMENINO,NO,3,19
LIMA,INGENIERÍA ELECTRÓNICA,MASCULINO,NO,2,19
LIMA,CIENCIA DE LA COMPUTACIÓN,MASCULINO,NO,1,18
LIMA,INGENIERÍA INDUSTRIAL,FEMENINO,NO,1,18
LIMA,INGENIERÍA PETROQUÍMICA,MASCULINO,NO,3,20
LIMA,INGENIERÍA CIVIL,MASCULINO,SI,2,19
LIMA,INGENIERÍA MECÁNICA-ELÉCTRICA,MASCULINO,NO,1,18
LIMA,ARQUITECTURA,FEMENINO,NO,2,18
LIMA,INGENIERÍA DE SOFTWARE,MASCULINO,NO,3,19
CALLAO,INGENIERÍA CIVIL,FEMENINO,NO,2,18
LIMA,INGENIERÍA DE SISTEMAS,MASCULINO,NO,2,18
LIMA,INGENIERÍA DE SISTEMAS,MASCULINO,SI,3,19
LIMA,INGENIERÍA CIVIL,MASCULINO,NO,4,21
LIMA,INGENIERÍA CIVIL,MASCULINO,NO,1,18
LIMA,INGENIERÍA DE SISTEMAS,MASCULINO,NO,2,19
LIMA,INGENIERÍA CIVIL,MASCULINO,NO,2,19
LIMA,ARQUITECTURA,MASCULINO,NO,2,18
LIMA,ARQUITECTURA,MASCULINO,NO,2,18
LIMA,INGENIERÍA QUÍMICA,MASCULINO,NO,1,18
LIMA,ARQUITECTURA,FEMENINO,NO,1,17
HUÁNUCO,ARQUITECTURA,MASCULINO,NO,2,18
SAN MARTÍN,INGENIERÍA MECATRÓNICA,MASCULINO,NO,1,17
LIMA,INGENIERÍA INDUSTRIAL,FEMENINO,NO,2,19
LIMA,INGENIERÍA QUÍMICA,MASCULINO,SI,10,26
LIMA,INGENIERÍA DE SISTEMAS,MASCULINO,SI,2,18
LIMA,INGENIERÍA DE SISTEMAS,MASCULINO,NO,6,22
AREQUIPA,INGENIERÍA DE SISTEMAS,MASCULINO,NO,4,20
ICA,INGENIERÍA CIVIL,FEMENINO,NO,3,19
ÁNCASH,INGENIERÍA INDUSTRIAL,MASCULINO,NO,1,17
LIMA,ARQUITECTURA,FEMENINO,NO,1,18
LAMBAYEQUE,ARQUITECTURA,FEMENINO,NO,9,26
LIMA,INGENIERÍA ELÉCTRICA,MASCULINO,NO,3,19
LIMA,INGENIERÍA DE SISTEMAS,MASCULINO,NO,3,18
AYACUCHO,INGENIERÍA DE SISTEMAS,MASCULINO,NO,0,17
LIMA,INGENIERÍA CIVIL,MASCULINO,NO,4,20
LIMA,INGENIERÍA DE MINAS,MASCULINO,NO,2,18
LAMBAYEQUE,INGENIERÍA DE MINAS,MASCULINO,NO,1,17
AYACUCHO,INGENIERÍA MECATRÓNICA,FEMENINO,NO,2,19
LIMA,INGENIERÍA DE SISTEMAS,MASCULINO,SI,1,17
LIMA,INGENIERÍA CIVIL,MASCULINO,SI,6,22
PUNO,INGENIERÍA MECÁNICA,MASCULINO,NO,2,18
LIMA,INGENIERÍA INDUSTRIAL,MASCULINO,NO,1,17
LIMA,INGENIERÍA DE SISTEMAS,MASCULINO,NO,4,20
LIMA,INGENIERÍA DE SISTEMAS,MASCULINO,NO,4,20
PASCO,INGENIERÍA ELÉCTRICA,MASCULINO,NO,14,30
LIMA,INGENIERÍA CIVIL,MASCULINO,NO,2,19
LIMA,INGENIERÍA CIVIL,MASCULINO,NO,2,19
LIMA,INGENIERÍA INDUSTRIAL,MASCULINO,NO,2,18
LIMA,INGENIERÍA MECATRÓNICA,MASCULINO,NO,2,19
LIMA,INGENIERÍA DE SISTEMAS,MASCULINO,NO,1,17
LIMA,INGENIERÍA INDUSTRIAL,FEMENINO,SI,5,21
LIMA,INGENIERÍA ELÉCTRICA,MASCULINO,NO,6,23
LIMA,ARQUITECTURA,MASCULINO,NO,4,21
JUNÍN,INGENIERÍA QUÍMICA,FEMENINO,SI,1,17
LIMA,INGENIERÍA INDUSTRIAL,MASCULINO,NO,1,17
LIMA,INGENIERÍA MECATRÓNICA,MASCULINO,SI,3,19
LIMA,INGENIERÍA CIVIL,MASCULINO,NO,1,17
LIMA,INGENIERÍA DE SISTEMAS,MASCULINO,NO,1,17
LIMA,INGENIERÍA DE SISTEMAS,MASCULINO,NO,2,19
LIMA,INGENIERÍA FÍSICA,FEMENINO,NO,7,24
CALLAO,INGENIERÍA MECATRÓNICA,MASCULINO,NO,4,21
LIMA,INGENIERÍA INDUSTRIAL,MASCULINO,NO,1,17
LIMA,INGENIERÍA INDUSTRIAL,FEMENINO,NO,4,21
LIMA,INGENIERÍA DE SISTEMAS,MASCULINO,NO,2,19
LIMA,INGENIERÍA FÍSICA,MASCULINO,NO,5,22
LIMA,INGENIERÍA MECATRÓNICA,FEMENINO,NO,1,17
LIMA,QUÍMICA,MASCULINO,NO,6,22
LIMA,INGENIERÍA INDUSTRIAL,MASCULINO,NO,1,17
LIMA,INGENIERÍA CIVIL,MASCULINO,NO,5,21
LIMA,INGENIERÍA SANITARIA,FEMENINO,NO,5,21
LIMA,INGENIERÍA DE SISTEMAS,MASCULINO,NO,2,18
LIMA,INGENIERÍA QUÍMICA,MASCULINO,SI,2,19
AYACUCHO,INGENIERÍA CIVIL,FEMENINO,NO,1,18
AMAZONAS,INGENIERÍA CIVIL,MASCULINO,NO,3,20
APURIMAC,INGENIERÍA GEOLÓGICA,MASCULINO,NO,2,18
LIMA,ARQUITECTURA,FEMENINO,NO,2,19
LIMA,INGENIERÍA INDUSTRIAL,FEMENINO,NO,7,23
LIMA,INGENIERÍA INDUSTRIAL,MASCULINO,NO,1,18
LIMA,INGENIERÍA CIVIL,FEMENINO,NO,2,18
JUNIN,INGENIERÍA INDUSTRIAL,MASCULINO,NO,2,18
LIMA,INGENIERÍA MECATRÓNICA,MASCULINO,NO,1,17
LIMA,INGENIERÍA CIVIL,MASCULINO,NO,3,19
LIMA,INGENIERÍA CIVIL,MASCULINO,NO,3,19
LIMA,INGENIERÍA DE SISTEMAS,MASCULINO,NO,2,18
ICA,INGENIERÍA ELECTRÓNICA,MASCULINO,NO,10,26
LIMA,INGENIERÍA CIVIL,FEMENINO,NO,1,17
LIMA,INGENIERÍA DE SISTEMAS,MASCULINO,NO,3,20
LIMA,INGENIERÍA INDUSTRIAL,MASCULINO,NO,3,19
LIMA,ARQUITECTURA,MASCULINO,NO,4,20
LIMA,ARQUITECTURA,FEMENINO,NO,3,20
LIMA,MATEMÁTICA,MASCULINO,SI,3,20
LIMA,INGENIERÍA MECATRÓNICA,MASCULINO,NO,5,21
LIMA,INGENIERÍA CIVIL,FEMENINO,SI,5,22
LIMA,INGENIERÍA PETROQUÍMICA,FEMENINO,NO,2,19
LIMA,INGENIERÍA FÍSICA,FEMENINO,NO,3,20
LIMA,INGENIERÍA SANITARIA,MASCULINO,NO,4,21
PASCO,INGENIERÍA CIVIL,MASCULINO,NO,2,19
LIMA,INGENIERÍA SANITARIA,MASCULINO,NO,3,19
LIMA,INGENIERÍA CIVIL,MASCULINO,NO,3,19
MOQUEGUA,INGENIERÍA QUÍMICA,FEMENINO,NO,1,17
AYACUCHO,INGENIERÍA DE SISTEMAS,MASCULINO,NO,1,17
LIMA,INGENIERÍA ELÉCTRICA,MASCULINO,NO,7,23
LIMA,ARQUITECTURA,MASCULINO,NO,2,18
AREQUIPA,CIENCIA DE LA COMPUTACIÓN,MASCULINO,NO,8,24
LIMA,QUÍMICA,FEMENINO,NO,2,19
LIMA,INGENIERÍA INDUSTRIAL,MASCULINO,NO,2,18
CALLAO,INGENIERÍA INDUSTRIAL,MASCULINO,NO,3,19
LIMA,INGENIERÍA CIVIL,MASCULINO,NO,2,19
JUNIN,INGENIERÍA ECONÓMICA,MASCULINO,SI,2,18
LIMA,INGENIERÍA GEOLÓGICA,FEMENINO,NO,2,18
LIMA,INGENIERÍA ELÉCTRICA,MASCULINO,NO,2,18
LIMA,INGENIERÍA CIVIL,MASCULINO,NO,2,18
LIMA,INGENIERÍA MECATRÓNICA,MASCULINO,NO,2,18
LA LIBERTAD,ARQUITECTURA,FEMENINO,NO,2,18
LIMA,INGENIERÍA DE SISTEMAS,MASCULINO,NO,2,18
LIMA,INGENIERÍA CIVIL,FEMENINO,NO,2,19
LIMA,INGENIERÍA ECONÓMICA,MASCULINO,SI,1,18
LIMA,INGENIERÍA QUÍMICA,FEMENINO,SI,5,21
LIMA,INGENIERÍA DE MINAS,MASCULINO,SI,4,21
LIMA,INGENIERÍA ELÉCTRICA,MASCULINO,SI,4,20
PUNO,INGENIERÍA CIVIL,MASCULINO,NO,1,17
LIMA,INGENIERÍA CIVIL,MASCULINO,NO,2,19
CALLAO,INGENIERÍA DE SISTEMAS,MASCULINO,NO,3,20
LIMA,INGENIERÍA ELECTRÓNICA,MASCULINO,NO,1,17
LIMA,INGENIERÍA CIVIL,MASCULINO,NO,7,23
CALLAO,ARQUITECTURA,MASCULINO,NO,3,19
LIMA,INGENIERÍA CIVIL,FEMENINO,NO,2,19
LIMA,INGENIERÍA ESTADÍSTICA,MASCULINO,NO,8,24
LIMA,INGENIERÍA ECONÓMICA,FEMENINO,NO,2,18
LIMA,INGENIERÍA DE SISTEMAS,MASCULINO,NO,1,19
ANCASH,INGENIERÍA GEOLÓGICA,MASCULINO,SI,4,20
ANCASH,INGENIERÍA INDUSTRIAL,MASCULINO,NO,3,19
CAJAMARCA,INGENIERÍA DE SISTEMAS,MASCULINO,NO,2,19
LIMA,INGENIERÍA CIVIL,MASCULINO,NO,1,17
LIMA,INGENIERÍA MECATRÓNICA,MASCULINO,NO,2,19
LIMA,INGENIERÍA MECÁNICA,MASCULINO,NO,2,19
LIMA,INGENIERÍA AMBIENTAL,FEMENINO,NO,3,19
LIMA,INGENIERÍA DE SISTEMAS,MASCULINO,NO,0,16
LIMA,INGENIERÍA INDUSTRIAL,MASCULINO,NO,4,20
LIMA,INGENIERÍA CIVIL,MASCULINO,NO,2,19
LIMA,INGENIERÍA INDUSTRIAL,FEMENINO,NO,2,18
LIMA,INGENIERÍA DE SISTEMAS,MASCULINO,NO,1,18
LIMA,INGENIERÍA AMBIENTAL,MASCULINO,NO,4,20
LIMA,INGENIERÍA DE TELECOMUNICACIONES,MASCULINO,NO,3,19
LIMA,INGENIERÍA CIVIL,MASCULINO,NO,3,20
LIMA,INGENIERÍA CIVIL,MASCULINO,NO,3,20
CALLAO,INGENIERÍA DE SISTEMAS,MASCULINO,NO,2,19
LIMA,INGENIERÍA DE SISTEMAS,MASCULINO,NO,1,17
LIMA,ARQUITECTURA,MASCULINO,NO,2,18
LIMA,INGENIERÍA MECATRÓNICA,MASCULINO,NO,1,17
LIMA,INGENIERÍA CIVIL,MASCULINO,NO,5,21
LIMA,INGENIERÍA CIVIL,MASCULINO,NO,1,18
LIMA,INGENIERÍA CIVIL,MASCULINO,NO,2,19
HUANUCO,ARQUITECTURA,MASCULINO,NO,1,18
LIMA,INGENIERÍA ECONÓMICA,MASCULINO,SI,2,19
LIMA,INGENIERÍA DE SISTEMAS,MASCULINO,NO,2,18
LIMA,INGENIERÍA CIVIL,MASCULINO,NO,4,21
LIMA,ARQUITECTURA,FEMENINO,NO,4,20
LIMA,INGENIERÍA MECATRÓNICA,MASCULINO,NO,1,17
LIMA,INGENIERÍA DE MINAS,MASCULINO,SI,2,18
LIMA,INGENIERÍA ECONÓMICA,MASCULINO,SI,4,20
LIMA,INGENIERÍA DE SISTEMAS,MASCULINO,NO,1,18
LIMA,INGENIERÍA FÍSICA,MASCULINO,NO,1,17
LIMA,INGENIERÍA CIVIL,MASCULINO,NO,2,19
LIMA,INGENIERÍA DE SISTEMAS,MASCULINO,NO,2,18
LIMA,INGENIERÍA DE SISTEMAS,MASCULINO,NO,9,25
LIMA,INGENIERÍA QUÍMICA,MASCULINO,SI,1,17
LIMA,INGENIERÍA DE SISTEMAS,MASCULINO,NO,2,19
AYACUCHO,INGENIERÍA DE MINAS,MASCULINO,NO,2,18
LIMA,INGENIERÍA ECONÓMICA,FEMENINO,NO,1,18
ANCASH,ARQUITECTURA,FEMENINO,NO,3,19
LIMA,INGENIERÍA CIVIL,MASCULINO,NO,2,18
LIMA,INGENIERÍA DE SISTEMAS,MASCULINO,NO,2,18
LIMA,INGENIERÍA MECATRÓNICA,MASCULINO,NO,2,18
LIMA,ARQUITECTURA,FEMENINO,NO,2,18
CAJAMARCA,INGENIERÍA INDUSTRIAL,MASCULINO,NO,2,19
LIMA,INGENIERÍA MECATRÓNICA,MASCULINO,NO,1,17
CAJAMARCA,INGENIERÍA MECATRÓNICA,MASCULINO,NO,1,18
LIMA,INGENIERÍA DE SISTEMAS,MASCULINO,NO,2,18
PASCO,INGENIERÍA MECATRÓNICA,MASCULINO,NO,2,18
LIMA,INGENIERÍA CIVIL,MASCULINO,NO,1,17
LIMA,ARQUITECTURA,MASCULINO,NO,2,19
LIMA,INGENIERÍA TEXTIL,FEMENINO,NO,3,19
LIMA,INGENIERÍA MECATRÓNICA,MASCULINO,NO,2,18
LIMA,ARQUITECTURA,FEMENINO,NO,1,17
LIMA,INGENIERÍA INDUSTRIAL,MASCULINO,SI,2,18
LIMA,INGENIERÍA DE SISTEMAS,MASCULINO,NO,1,18
LIMA,INGENIERÍA DE TELECOMUNICACIONES,MASCULINO,NO,4,20
ICA,INGENIERÍA QUÍMICA,MASCULINO,SI,2,18
LIMA,INGENIERÍA CIVIL,FEMENINO,NO,1,17
HUÁNUCO,INGENIERÍA ELÉCTRICA,MASCULINO,NO,1,17
LIMA,INGENIERÍA MECATRÓNICA,MASCULINO,NO,4,21
LIMA,INGENIERÍA MECATRÓNICA,MASCULINO,SI,6,22
LIMA,ARQUITECTURA,FEMENINO,NO,1,17
LIMA,INGENIERÍA CIVIL,MASCULINO,NO,1,17
LIMA,QUÍMICA,MASCULINO,SI,4,21
LIMA,INGENIERÍA PETROQUÍMICA,MASCULINO,NO,1,17
LIMA,INGENIERÍA DE SISTEMAS,MASCULINO,NO,2,18
CALLAO,INGENIERÍA GEOLÓGICA,FEMENINO,SI,5,21
LIMA,INGENIERÍA QUÍMICA,MASCULINO,NO,4,21
LIMA,INGENIERÍA MECATRÓNICA,MASCULINO,NO,6,22
LIMA,INGENIERÍA CIVIL,FEMENINO,NO,4,20
LIMA,INGENIERÍA DE SISTEMAS,MASCULINO,NO,4,20
PUNO,INGENIERÍA ECONÓMICA,FEMENINO,NO,3,19
LIMA,INGENIERÍA DE SISTEMAS,MASCULINO,NO,4,20
LIMA,ARQUITECTURA,MASCULINO,NO,2,19
LIMA,INGENIERÍA ELÉCTRICA,MASCULINO,NO,7,23
LIMA,INGENIERÍA MECATRÓNICA,FEMENINO,SI,1,17
LIMA,INGENIERÍA MECÁNICA,MASCULINO,NO,3,20
AMAZONAS,INGENIERÍA DE MINAS,MASCULINO,NO,4,20
LIMA,ARQUITECTURA,FEMENINO,NO,2,18
LIMA,ARQUITECTURA,FEMENINO,NO,5,21
LIMA,INGENIERÍA AMBIENTAL,FEMENINO,NO,8,24
LIMA,ARQUITECTURA,FEMENINO,NO,7,23
LIMA,INGENIERÍA MECÁNICA,MASCULINO,NO,2,19
JUNÍN,INGENIERÍA CIVIL,MASCULINO,NO,1,17
LIMA,INGENIERÍA ECONÓMICA,MASCULINO,NO,2,18
LIMA,INGENIERÍA MECATRÓNICA,MASCULINO,NO,2,19
LIMA,INGENIERÍA MECÁNICA,MASCULINO,NO,2,18
LIMA,INGENIERÍA MECATRÓNICA,MASCULINO,NO,1,17
LIMA,INGENIERÍA ELECTRÓNICA,MASCULINO,NO,4,21
LIMA,INGENIERÍA INDUSTRIAL,FEMENINO,NO,3,20
LIMA,INGENIERÍA CIVIL,MASCULINO,NO,3,20
LIMA,INGENIERÍA METALÚRGICA,MASCULINO,NO,1,18
LIMA,ARQUITECTURA,MASCULINO,NO,1,17
LIMA,INGENIERÍA INDUSTRIAL,MASCULINO,NO,3,20
AREQUIPA,INGENIERÍA MECATRÓNICA,FEMENINO,NO,1,17
LIMA,INGENIERÍA AMBIENTAL,MASCULINO,SI,14,30
HUANUCO,ARQUITECTURA,FEMENINO,NO,1,17
LIMA,INGENIERÍA INDUSTRIAL,MASCULINO,NO,2,18
LIMA,INGENIERÍA MECÁNICA,MASCULINO,NO,2,18
LIMA,INGENIERÍA MECÁNICA,MASCULINO,NO,3,19
LIMA,INGENIERÍA DE SISTEMAS,MASCULINO,NO,1,17
ÁNCASH,FÍSICA,MASCULINO,SI,1,17
LIMA,INGENIERÍA AMBIENTAL,FEMENINO,NO,1,17
LIMA,INGENIERÍA INDUSTRIAL,MASCULINO,NO,2,18
SAN MARTÍN,CIENCIA DE LA COMPUTACIÓN,MASCULINO,NO,1,17
LIMA,INGENIERÍA CIVIL,MASCULINO,SI,1,18
ÁNCASH,INGENIERÍA DE TELECOMUNICACIONES,MASCULINO,NO,1,17
HUÁNUCO,INGENIERÍA AMBIENTAL,MASCULINO,NO,1,17
CALLAO,ARQUITECTURA,FEMENINO,NO,1,17
CAJAMARCA,INGENIERÍA CIVIL,MASCULINO,NO,3,19
CALLAO,INGENIERÍA DE SISTEMAS,MASCULINO,NO,3,20
HUANCAVELICA,INGENIERÍA CIVIL,MASCULINO,NO,1,18
LIMA,INGENIERÍA CIVIL,MASCULINO,NO,2,18
LIMA,INGENIERÍA ELECTRÓNICA,MASCULINO,NO,4,20
LIMA,ARQUITECTURA,FEMENINO,NO,3,19
LIMA,INGENIERÍA INDUSTRIAL,FEMENINO,NO,1,18
LIMA,INGENIERÍA MECATRÓNICA,MASCULINO,NO,2,19
CALLAO,INGENIERÍA DE PETRÓLEO Y GAS NATURAL,FEMENINO,NO,3,18
LIMA,QUÍMICA,FEMENINO,SI,3,19
ICA,INGENIERÍA PETROQUÍMICA,MASCULINO,NO,3,20
LIMA,INGENIERÍA AMBIENTAL,MASCULINO,NO,1,17
LIMA,INGENIERÍA MECÁNICA,MASCULINO,NO,2,18
LIMA,INGENIERÍA CIVIL,MASCULINO,NO,2,17
ÁNCASH,INGENIERÍA MECATRÓNICA,MASCULINO,NO,1,17
LIMA,INGENIERÍA AMBIENTAL,MASCULINO,NO,4,21
LIMA,INGENIERÍA CIVIL,MASCULINO,NO,2,18
TACNA,INGENIERÍA MECATRÓNICA,FEMENINO,NO,2,19
LIMA,INGENIERÍA MECATRÓNICA,MASCULINO,NO,4,21
PUNO,INGENIERÍA MECATRÓNICA,MASCULINO,NO,6,22
LIMA,INGENIERÍA GEOLÓGICA,MASCULINO,NO,2,18
LIMA,INGENIERÍA PETROQUÍMICA,MASCULINO,SI,1,17
LIMA,INGENIERÍA MECÁNICA,MASCULINO,NO,2,19
PUNO,INGENIERÍA GEOLÓGICA,MASCULINO,SI,4,20
LIMA,INGENIERÍA MECÁNICA,MASCULINO,NO,24,21
LIMA,INGENIERÍA ELECTRÓNICA,FEMENINO,NO,1,17
LIMA,INGENIERÍA INDUSTRIAL,FEMENINO,NO,7,23
APURIMAC,INGENIERÍA CIVIL,MASCULINO,NO,9,25
LIMA,ARQUITECTURA,FEMENINO,NO,4,21
LIMA,INGENIERÍA MECATRÓNICA,MASCULINO,NO,1,17
LIMA,INGENIERÍA DE CIBERSEGURIDAD,MASCULINO,NO,2,19
LIMA,INGENIERÍA CIVIL,MASCULINO,NO,2,18
LIMA,INGENIERÍA INDUSTRIAL,MASCULINO,NO,5,22
LIMA,ARQUITECTURA,FEMENINO,NO,5,21
LIMA,ARQUITECTURA,FEMENINO,NO,2,18
CAJAMARCA,INGENIERÍA CIVIL,MASCULINO,SI,4,20
LIMA,INGENIERÍA MECÁNICA,MASCULINO,NO,2,20
LIMA,INGENIERÍA CIVIL,MASCULINO,NO,3,19
CALLAO,INGENIERÍA MECATRÓNICA,MASCULINO,NO,2,18
LIMA,INGENIERÍA CIVIL,MASCULINO,NO,1,18
PUNO,INGENIERÍA CIVIL,MASCULINO,NO,1,17
LIMA,INGENIERÍA CIVIL,FEMENINO,NO,1,17
CALLAO,INGENIERÍA ECONÓMICA,FEMENINO,NO,3,19
CALLAO,INGENIERÍA INDUSTRIAL,FEMENINO,NO,3,19
CALLAO,INGENIERÍA ESTADÍSTICA,MASCULINO,NO,3,19
LIMA,INGENIERÍA DE SISTEMAS,MASCULINO,NO,1,17
LIMA,INGENIERÍA ECONÓMICA,FEMENINO,NO,2,19
LIMA,INGENIERÍA CIVIL,MASCULINO,SI,3,20
LIMA,INGENIERÍA INDUSTRIAL,MASCULINO,NO,1,18
LIMA,INGENIERÍA CIVIL,MASCULINO,NO,1,17
AREQUIPA,INGENIERÍA CIVIL,MASCULINO,NO,1,17
LIMA,INGENIERÍA ECONÓMICA,MASCULINO,NO,3,19
JUNÍN,INGENIERÍA CIVIL,MASCULINO,SI,1,16
LIMA,INGENIERÍA DE SISTEMAS,MASCULINO,NO,4,21
JUNÍN,INGENIERÍA DE SISTEMAS,MASCULINO,NO,3,20
ÁNCASH,INGENIERÍA CIVIL,MASCULINO,NO,1,17
LIMA,INGENIERÍA DE SISTEMAS,MASCULINO,NO,1,17
LIMA,INGENIERÍA DE SISTEMAS,MASCULINO,NO,1,17
LIMA,INGENIERÍA CIVIL,FEMENINO,NO,2,18
LIMA,INGENIERÍA DE SISTEMAS,MASCULINO,SI,3,19
LIMA,ARQUITECTURA,FEMENINO,SI,2,18
LIMA,INGENIERÍA FÍSICA,MASCULINO,NO,1,17
LIMA,ARQUITECTURA,FEMENINO,NO,2,18
ÁNCASH,INGENIERÍA INDUSTRIAL,MASCULINO,NO,1,18
AYACUCHO,INGENIERÍA CIVIL,MASCULINO,SI,2,18
LIMA,INGENIERÍA INDUSTRIAL,FEMENINO,NO,2,19
LIMA,INGENIERÍA SANITARIA,MASCULINO,NO,2,19
CALLAO,INGENIERÍA MECATRÓNICA,MASCULINO,NO,4,20
LIMA,INGENIERÍA CIVIL,MASCULINO,NO,4,20
LIMA,INGENIERÍA DE TELECOMUNICACIONES,MASCULINO,NO,2,18
LIMA,INGENIERÍA MECATRÓNICA,FEMENINO,NO,3,19
ICA,INGENIERÍA ESTADÍSTICA,FEMENINO,SI,2,18
LIMA,INGENIERÍA CIVIL,MASCULINO,NO,7,23
LIMA,INGENIERÍA DE TELECOMUNICACIONES,MASCULINO,NO,2,18
CUSCO,INGENIERÍA MECATRÓNICA,MASCULINO,SI,1,18
LIMA,INGENIERÍA INDUSTRIAL,MASCULINO,SI,2,18
LIMA,INGENIERÍA ECONÓMICA,MASCULINO,NO,4,20
LIMA,INGENIERÍA CIVIL,MASCULINO,NO,4,20
LIMA,INGENIERÍA DE SISTEMAS,MASCULINO,NO,4,21
JUNÍN,INGENIERÍA ELÉCTRICA,MASCULINO,NO,2,19
LIMA,INGENIERÍA CIVIL,MASCULINO,NO,1,17
JUNÍN,INGENIERÍA QUÍMICA,FEMENINO,NO,1,18
HUANCAVELICA,INGENIERÍA CIVIL,MASCULINO,NO,6,23
LIMA,INGENIERÍA MECATRÓNICA,MASCULINO,NO,1,17
LAMBAYEQUE,INGENIERÍA MECÁNICA-ELÉCTRICA,MASCULINO,NO,3,20
LIMA,CIENCIA DE LA COMPUTACIÓN,MASCULINO,NO,3,19
CALLAO,INGENIERÍA FÍSICA,MASCULINO,SI,8,24
LIMA,INGENIERÍA DE TELECOMUNICACIONES,MASCULINO,NO,1,17
CALLAO,INGENIERÍA DE SISTEMAS,MASCULINO,NO,2,19
LIMA,INGENIERÍA DE MINAS,MASCULINO,NO,2,18
LIMA,INGENIERÍA DE TELECOMUNICACIONES,MASCULINO,NO,1,18
LIMA,INGENIERÍA DE SISTEMAS,MASCULINO,NO,2,18
AREQUIPA,INGENIERÍA CIVIL,FEMENINO,NO,1,18
JUNIN,INGENIERÍA DE SISTEMAS,MASCULINO,NO,3,19
LIMA,INGENIERÍA DE CIBERSEGURIDAD,MASCULINO,NO,2,18
LIMA,INGENIERÍA CIVIL,FEMENINO,NO,4,20
CAJAMARCA,INGENIERÍA DE SISTEMAS,MASCULINO,NO,1,18
LIMA,INGENIERÍA CIVIL,MASCULINO,SI,1,18
LIMA,INGENIERÍA ECONÓMICA,FEMENINO,NO,3,19
LIMA,INGENIERÍA DE CIBERSEGURIDAD,MASCULINO,NO,4,22
LIMA,INGENIERÍA ELECTRÓNICA,MASCULINO,NO,5,22
LIMA,INGENIERÍA ELÉCTRICA,MASCULINO,NO,4,21
LIMA,INGENIERÍA DE SISTEMAS,FEMENINO,NO,3,20
LIMA,ARQUITECTURA,FEMENINO,NO,5,21
LIMA,INGENIERÍA ESTADÍSTICA,MASCULINO,NO,6,23
LIMA,INGENIERÍA INDUSTRIAL,FEMENINO,NO,4,20
LIMA,INGENIERÍA INDUSTRIAL,FEMENINO,NO,2,19
LIMA,INGENIERÍA MECATRÓNICA,MASCULINO,NO,2,19
LIMA,INGENIERÍA MECATRÓNICA,MASCULINO,NO,2,18
LIMA,INGENIERÍA AMBIENTAL,MASCULINO,SI,2,18
AYACUCHO,INGENIERÍA ELÉCTRICA,MASCULINO,NO,3,19
LIMA,INGENIERÍA DE SOFTWARE,MASCULINO,NO,5,21
LIMA,INGENIERÍA ESTADÍSTICA,FEMENINO,NO,3,19
LIMA,INGENIERÍA MECATRÓNICA,MASCULINO,NO,3,20
CALLAO,INGENIERÍA DE TELECOMUNICACIONES,MASCULINO,NO,2,18
PUNO,ARQUITECTURA,FEMENINO,NO,1,17
JUNIN,INGENIERÍA DE SISTEMAS,MASCULINO,NO,2,18
LIMA,INGENIERÍA INDUSTRIAL,MASCULINO,NO,2,18
LIMA,INGENIERÍA DE HIGIENE Y SEGURIDAD INDUSTRIAL,FEMENINO,NO,3,19
LIMA,INGENIERÍA MECATRÓNICA,FEMENINO,SI,5,22
AYACUCHO,INGENIERÍA ELECTRÓNICA,MASCULINO,SI,3,19
LIMA,INGENIERÍA QUÍMICA,FEMENINO,NO,2,19
LIMA,INGENIERÍA QUÍMICA,FEMENINO,NO,2,19
LIMA,INGENIERÍA CIVIL,MASCULINO,NO,1,18
LIMA,INGENIERÍA MECATRÓNICA,MASCULINO,NO,2,19
CALLAO,INGENIERÍA DE SISTEMAS,MASCULINO,NO,2,18
LIMA,INGENIERÍA CIVIL,MASCULINO,NO,2,18
LIMA,INGENIERÍA DE SISTEMAS,MASCULINO,SI,3,19
LIMA,INGENIERÍA PETROQUÍMICA,MASCULINO,NO,2,18
LIMA,INGENIERÍA ELECTRÓNICA,MASCULINO,NO,4,22
LIMA,INGENIERÍA MECÁNICA,FEMENINO,SI,1,18
CALLAO,INGENIERÍA CIVIL,MASCULINO,NO,2,19
LIMA,INGENIERÍA DE TELECOMUNICACIONES,MASCULINO,NO,3,20
LIMA,INGENIERÍA DE SISTEMAS,MASCULINO,NO,1,17
LIMA,INGENIERÍA CIVIL,MASCULINO,NO,2,18
LIMA,INGENIERÍA METALÚRGICA,FEMENINO,NO,2,18
JUNIN,INGENIERÍA DE CIBERSEGURIDAD,MASCULINO,NO,5,22
LIMA,INGENIERÍA DE TELECOMUNICACIONES,MASCULINO,NO,3,20
LIMA,INGENIERÍA CIVIL,MASCULINO,NO,1,17
AREQUIPA,INGENIERÍA CIVIL,MASCULINO,SI,1,17
LIMA,INGENIERÍA INDUSTRIAL,MASCULINO,SI,6,22
PIURA,INGENIERÍA MECATRÓNICA,MASCULINO,SI,1,18
LIMA,INGENIERÍA ELECTRÓNICA,MASCULINO,SI,3,19
JUNÍN,INGENIERÍA CIVIL,MASCULINO,NO,1,18
ÁNCASH,INGENIERÍA MECATRÓNICA,MASCULINO,NO,1,18
LIMA,ARQUITECTURA,FEMENINO,NO,3,19
LIMA,INGENIERÍA DE SISTEMAS,MASCULINO,SI,2,20
LIMA,INGENIERÍA ESTADÍSTICA,FEMENINO,NO,2,18
LIMA,INGENIERÍA CIVIL,MASCULINO,NO,2,18
LA LIBERTAD,INGENIERÍA DE MINAS,MASCULINO,NO,1,18
ÁNCASH,INGENIERÍA CIVIL,MASCULINO,NO,9,26
LIMA,INGENIERÍA INDUSTRIAL,FEMENINO,NO,5,21
LIMA,INGENIERÍA FÍSICA,MASCULINO,SI,4,21
LIMA,INGENIERÍA CIVIL,MASCULINO,NO,1,17
LIMA,ARQUITECTURA,FEMENINO,NO,3,19
LIMA,CIENCIA DE LA COMPUTACIÓN,MASCULINO,NO,3,19
LIMA,INGENIERÍA CIVIL,MASCULINO,NO,1,18
LIMA,INGENIERÍA DE SISTEMAS,MASCULINO,NO,1,17
LIMA,INGENIERÍA ELECTRÓNICA,MASCULINO,SI,4,19
LIMA,INGENIERÍA CIVIL,MASCULINO,NO,4,20
LIMA,INGENIERÍA ELÉCTRICA,MASCULINO,SI,5,21
HUÁNUCO,INGENIERÍA MECÁNICA,MASCULINO,SI,1,18
CUSCO,INGENIERÍA CIVIL,FEMENINO,NO,2,19
LIMA,INGENIERÍA DE SISTEMAS,MASCULINO,NO,1,17
LIMA,INGENIERÍA DE MINAS,MASCULINO,NO,3,19
LIMA,INGENIERÍA DE SISTEMAS,MASCULINO,NO,2,19
LIMA,INGENIERÍA DE SISTEMAS,MASCULINO,NO,1,18
LIMA,ARQUITECTURA,MASCULINO,NO,2,21
LIMA,INGENIERÍA AMBIENTAL,FEMENINO,NO,2,19
LIMA,INGENIERÍA DE SISTEMAS,MASCULINO,NO,2,19
LIMA,INGENIERÍA CIVIL,MASCULINO,SI,8,24
LIMA,INGENIERÍA CIVIL,MASCULINO,NO,2,18
LIMA,INGENIERÍA CIVIL,MASCULINO,NO,1,18
CUSCO,INGENIERÍA DE SOFTWARE,MASCULINO,NO,5,22
LIMA,INGENIERÍA DE SOFTWARE,MASCULINO,NO,2,19
LIMA,INGENIERÍA ELECTRÓNICA,MASCULINO,NO,2,18
LIMA,CIENCIA DE LA COMPUTACIÓN,FEMENINO,NO,10,26
LIMA,INGENIERÍA GEOLÓGICA,FEMENINO,NO,3,20
ICA,INGENIERÍA DE SOFTWARE,MASCULINO,NO,2,19
LAMBAYEQUE,INGENIERÍA DE HIGIENE Y SEGURIDAD INDUSTRIAL,FEMENINO,NO,23,19
LIMA,INGENIERÍA MECÁNICA,MASCULINO,NO,5,24
CALLAO,INGENIERÍA DE SISTEMAS,MASCULINO,NO,1,17
LIMA,ARQUITECTURA,FEMENINO,NO,2,18
LIMA,INGENIERÍA INDUSTRIAL,MASCULINO,NO,2,19
LIMA,INGENIERÍA QUÍMICA,MASCULINO,SI,9,25
LIMA,INGENIERÍA AMBIENTAL,MASCULINO,NO,1,18
LIMA,INGENIERÍA AMBIENTAL,FEMENINO,NO,1,17
LAMBAYEQUE,INGENIERÍA CIVIL,MASCULINO,NO,2,18
SAN MARTIN,INGENIERÍA DE CIBERSEGURIDAD,MASCULINO,NO,13,29
LIMA,INGENIERÍA ECONÓMICA,MASCULINO,SI,10,27
LIMA,INGENIERÍA ECONÓMICA,MASCULINO,NO,2,18
LIMA,INGENIERÍA INDUSTRIAL,MASCULINO,NO,1,18
LIMA,INGENIERÍA ELECTRÓNICA,MASCULINO,NO,10,27
ANCASH,INGENIERÍA CIVIL,MASCULINO,NO,2,20
LIMA,INGENIERÍA INDUSTRIAL,MASCULINO,NO,2,18
LIMA,INGENIERÍA MECATRÓNICA,MASCULINO,NO,3,19
ANCASH,INGENIERÍA MECATRÓNICA,MASCULINO,NO,1,17
PASCO,INGENIERÍA CIVIL,MASCULINO,NO,2,18
LIMA,INGENIERÍA DE SISTEMAS,FEMENINO,NO,3,20
LIMA,INGENIERÍA GEOLÓGICA,MASCULINO,SI,2,18
LIMA,ARQUITECTURA,FEMENINO,NO,2,18
LIMA,INGENIERÍA CIVIL,MASCULINO,NO,4,20
CALLAO,ARQUITECTURA,MASCULINO,NO,3,21
CUSCO,INGENIERÍA DE SISTEMAS,MASCULINO,NO,2,18
LIMA,INGENIERÍA ELÉCTRICA,MASCULINO,NO,2,19
LIMA,INGENIERÍA ELÉCTRICA,MASCULINO,SI,2,19
AMAZONAS,CIENCIA DE LA COMPUTACIÓN,MASCULINO,NO,5,21
LIMA,INGENIERÍA DE SISTEMAS,MASCULINO,NO,3,19
LIMA,INGENIERÍA CIVIL,MASCULINO,NO,8,25
PUNO,INGENIERÍA CIVIL,MASCULINO,NO,9,25
ANCASH,INGENIERÍA CIVIL,MASCULINO,NO,1,17
LIMA,INGENIERÍA CIVIL,MASCULINO,NO,1,18
LIMA,INGENIERÍA CIVIL,MASCULINO,NO,4,20
PIURA,INGENIERÍA CIVIL,MASCULINO,NO,1,18
LIMA,INGENIERÍA DE MINAS,MASCULINO,NO,1,17
LIMA,INGENIERÍA DE SISTEMAS,MASCULINO,NO,2,18
LIMA,INGENIERÍA CIVIL,MASCULINO,NO,1,17
LIMA,ARQUITECTURA,FEMENINO,NO,3,20
LIMA,INGENIERÍA ELÉCTRICA,MASCULINO,NO,2,18
LIMA,INGENIERÍA QUÍMICA,FEMENINO,NO,2,18
LIMA,INGENIERÍA CIVIL,MASCULINO,NO,2,18
LIMA,INGENIERÍA PETROQUÍMICA,FEMENINO,NO,2,19
LIMA,INGENIERÍA ESTADÍSTICA,MASCULINO,NO,3,19
LIMA,ARQUITECTURA,FEMENINO,NO,2,19
LIMA,ARQUITECTURA,MASCULINO,NO,1,17
LIMA,INGENIERÍA MECATRÓNICA,MASCULINO,NO,3,19
LIMA,INGENIERÍA ELECTRÓNICA,MASCULINO,NO,4,20
LIMA,INGENIERÍA CIVIL,MASCULINO,NO,3,20
LIMA,INGENIERÍA GEOLÓGICA,MASCULINO,NO,3,19
ANCASH,INGENIERÍA MECATRÓNICA,MASCULINO,NO,1,18
JUNIN,INGENIERÍA MECATRÓNICA,MASCULINO,NO,4,20
LIMA,INGENIERÍA CIVIL,MASCULINO,NO,3,19
LIMA,INGENIERÍA ELECTRÓNICA,MASCULINO,NO,5,21
CAJAMARCA,INGENIERÍA INDUSTRIAL,FEMENINO,NO,2,18
LIMA,INGENIERÍA QUÍMICA,MASCULINO,NO,2,19
PUNO,INGENIERÍA CIVIL,MASCULINO,NO,1,17
LIMA,INGENIERÍA DE SISTEMAS,MASCULINO,NO,1,17
PIURA,INGENIERÍA INDUSTRIAL,FEMENINO,NO,2,18
LIMA,INGENIERÍA INDUSTRIAL,MASCULINO,NO,5,21
ANCASH,INGENIERÍA AMBIENTAL,MASCULINO,NO,3,20
LIMA,INGENIERÍA AMBIENTAL,MASCULINO,NO,3,19
LIMA,INGENIERÍA DE SISTEMAS,MASCULINO,NO,3,20
CALLAO,INGENIERÍA CIVIL,MASCULINO,NO,3,20
LIMA,INGENIERÍA DE MINAS,MASCULINO,NO,3,19
JUNIN,INGENIERÍA MECATRÓNICA,FEMENINO,NO,2,19
LIMA,INGENIERÍA INDUSTRIAL,FEMENINO,NO,2,19
LIMA,INGENIERÍA DE SOFTWARE,MASCULINO,NO,1,18
LIMA,INGENIERÍA MECÁNICA,FEMENINO,NO,4,20
LIMA,INGENIERÍA CIVIL,MASCULINO,NO,1,18
ÁNCASH,INGENIERÍA DE SISTEMAS,MASCULINO,NO,1,17
JUNÍN,INGENIERÍA CIVIL,MASCULINO,NO,2,19
LIMA,INGENIERÍA QUÍMICA,MASCULINO,NO,2,18
LIMA,ARQUITECTURA,FEMENINO,NO,1,18
LIMA,CIENCIA DE LA COMPUTACIÓN,MASCULINO,NO,1,18
LIMA,INGENIERÍA ECONÓMICA,MASCULINO,SI,2,18
LIMA,INGENIERÍA CIVIL,MASCULINO,NO,1,17
LIMA,INGENIERÍA DE SISTEMAS,MASCULINO,NO,1,17
LIMA,INGENIERÍA GEOLÓGICA,FEMENINO,NO,3,19
JUNÍN,INGENIERÍA MECATRÓNICA,MASCULINO,NO,1,18
LIMA,INGENIERÍA DE SISTEMAS,MASCULINO,NO,6,22
LIMA,INGENIERÍA DE SISTEMAS,MASCULINO,SI,3,19
LIMA,INGENIERÍA CIVIL,MASCULINO,NO,4,20
ICA,INGENIERÍA CIVIL,FEMENINO,NO,1,18
JUNÍN,ARQUITECTURA,FEMENINO,NO,1,17
CALLAO,INGENIERÍA ELECTRÓNICA,MASCULINO,NO,5,21
LIMA,ARQUITECTURA,FEMENINO,NO,2,19
PUNO,INGENIERÍA DE HIGIENE Y SEGURIDAD INDUSTRIAL,FEMENINO,NO,6,21
LIMA,FÍSICA,MASCULINO,SI,1,17
LIMA,INGENIERÍA DE SISTEMAS,MASCULINO,NO,2,18
CALLAO,INGENIERÍA MECÁNICA-ELÉCTRICA,MASCULINO,NO,2,18
LIMA,INGENIERÍA DE SISTEMAS,MASCULINO,NO,2,18
LIMA,INGENIERÍA ECONÓMICA,MASCULINO,NO,6,22
LIMA,INGENIERÍA ELECTRÓNICA,MASCULINO,NO,1,18
LIMA,INGENIERÍA CIVIL,MASCULINO,NO,1,18
LIMA,INGENIERÍA ELECTRÓNICA,MASCULINO,NO,1,18
LIMA,INGENIERÍA DE SISTEMAS,MASCULINO,NO,4,20
LIMA,INGENIERÍA DE SISTEMAS,MASCULINO,SI,1,17
LIMA,INGENIERÍA ELECTRÓNICA,FEMENINO,NO,1,17
LIMA,INGENIERÍA MECÁNICA,MASCULINO,NO,4,20
SAN MARTÍN,INGENIERÍA CIVIL,MASCULINO,NO,1,18
LIMA,ARQUITECTURA,FEMENINO,NO,1,18
LIMA,INGENIERÍA SANITARIA,MASCULINO,NO,16,33
LIMA,INGENIERÍA INDUSTRIAL,FEMENINO,NO,1,17
ÁNCASH,ARQUITECTURA,FEMENINO,NO,3,19
LIMA,INGENIERÍA ECONÓMICA,MASCULINO,NO,6,23
LIMA,INGENIERÍA CIVIL,FEMENINO,NO,2,18
LIMA,INGENIERÍA DE SISTEMAS,MASCULINO,NO,2,18
LIMA,INGENIERÍA DE SISTEMAS,MASCULINO,NO,1,17
LIMA,INGENIERÍA DE SISTEMAS,MASCULINO,NO,2,19
LIMA,ARQUITECTURA,FEMENINO,NO,3,19
LIMA,INGENIERÍA CIVIL,MASCULINO,NO,2,18
LIMA,INGENIERÍA QUÍMICA,MASCULINO,NO,5,21
LIMA,ARQUITECTURA,FEMENINO,NO,4,20
LIMA,INGENIERÍA CIVIL,FEMENINO,NO,4,20
LIMA,INGENIERÍA INDUSTRIAL,MASCULINO,NO,1,17
ÁNCASH,INGENIERÍA ECONÓMICA,MASCULINO,SI,4,20
APURÍMAC,INGENIERÍA MECÁNICA,MASCULINO,NO,2,18
LIMA,INGENIERÍA ECONÓMICA,MASCULINO,NO,3,20
LIMA,CIENCIA DE LA COMPUTACIÓN,FEMENINO,NO,1,17
PUNO,INGENIERÍA MECATRÓNICA,MASCULINO,NO,1,17
ÁNCASH,INGENIERÍA CIVIL,FEMENINO,SI,4,21
AYACUCHO,INGENIERÍA CIVIL,MASCULINO,NO,1,17
LIMA,INGENIERÍA SANITARIA,MASCULINO,SI,2,18
LIMA,INGENIERÍA GEOLÓGICA,MASCULINO,NO,2,18
LIMA,INGENIERÍA CIVIL,FEMENINO,NO,4,21
LIMA,INGENIERÍA DE SISTEMAS,MASCULINO,NO,1,17
LIMA,ARQUITECTURA,MASCULINO,NO,3,19
LIMA,INGENIERÍA ELÉCTRICA,MASCULINO,NO,2,18
LIMA,INGENIERÍA QUÍMICA,MASCULINO,NO,4,20
LIMA,INGENIERÍA INDUSTRIAL,FEMENINO,NO,2,19
LIMA,ARQUITECTURA,FEMENINO,NO,1,17
CALLAO,ARQUITECTURA,MASCULINO,NO,1,17
LIMA,INGENIERÍA CIVIL,MASCULINO,NO,2,19
LIMA,ARQUITECTURA,FEMENINO,NO,3,19
JUNÍN,INGENIERÍA CIVIL,FEMENINO,NO,1,17
LIMA,INGENIERÍA MECÁNICA,MASCULINO,NO,2,18
HUÁNUCO,INGENIERÍA CIVIL,MASCULINO,NO,4,21
LIMA,INGENIERÍA INDUSTRIAL,MASCULINO,NO,2,18
LIMA,INGENIERÍA QUÍMICA,MASCULINO,NO,2,18
LIMA,INGENIERÍA MECÁNICA-ELÉCTRICA,MASCULINO,NO,1,18
LIMA,INGENIERÍA INDUSTRIAL,MASCULINO,NO,1,17
LIMA,INGENIERÍA DE MINAS,MASCULINO,NO,1,17
CALLAO,INGENIERÍA DE SISTEMAS,MASCULINO,NO,4,20
LIMA,INGENIERÍA ESTADÍSTICA,MASCULINO,NO,2,18
JUNÍN,ARQUITECTURA,MASCULINO,NO,2,20
LIMA,INGENIERÍA CIVIL,MASCULINO,NO,2,19
LIMA,ARQUITECTURA,FEMENINO,NO,2,18
LIMA,INGENIERÍA ELÉCTRICA,MASCULINO,SI,2,18
LIMA,INGENIERÍA QUÍMICA,MASCULINO,NO,2,18
LIMA,INGENIERÍA MECÁNICA-ELÉCTRICA,MASCULINO,NO,3,19
LIMA,INGENIERÍA MECÁNICA,MASCULINO,NO,3,19
LIMA,INGENIERÍA CIVIL,MASCULINO,NO,1,17
LIMA,INGENIERÍA QUÍMICA,MASCULINO,NO,7,23
LIMA,INGENIERÍA CIVIL,FEMENINO,NO,3,19
LIMA,INGENIERÍA FÍSICA,MASCULINO,NO,2,19
LIMA,INGENIERÍA ECONÓMICA,MASCULINO,NO,2,19
LIMA,INGENIERÍA QUÍMICA,FEMENINO,NO,1,18
LIMA,INGENIERÍA INDUSTRIAL,MASCULINO,NO,2,18
LIMA,INGENIERÍA DE MINAS,MASCULINO,NO,2,18
PUNO,INGENIERÍA DE SISTEMAS,FEMENINO,NO,1,17
LIMA,INGENIERÍA DE TELECOMUNICACIONES,MASCULINO,NO,1,18
LIMA,ARQUITECTURA,FEMENINO,NO,1,19
LIMA,INGENIERÍA DE SISTEMAS,MASCULINO,NO,2,18
LIMA,INGENIERÍA CIVIL,MASCULINO,NO,2,18
LIMA,ARQUITECTURA,FEMENINO,NO,6,22
LIMA,INGENIERÍA DE MINAS,MASCULINO,NO,2,19
LIMA,INGENIERÍA DE SISTEMAS,MASCULINO,NO,1,18
PASCO,INGENIERÍA CIVIL,MASCULINO,NO,1,17
LIMA,ARQUITECTURA,MASCULINO,NO,1,18
HUANCAVELICA,INGENIERÍA MECATRÓNICA,MASCULINO,NO,1,17
LIMA,ARQUITECTURA,FEMENINO,NO,5,21
LIMA,INGENIERÍA DE SISTEMAS,MASCULINO,NO,3,20
LIMA,INGENIERÍA MECÁNICA,MASCULINO,NO,2,18
LIMA,ARQUITECTURA,FEMENINO,NO,2,18
LIMA,INGENIERÍA DE MINAS,MASCULINO,NO,17,33
LIMA,INGENIERÍA INDUSTRIAL,FEMENINO,NO,4,20
LIMA,INGENIERÍA CIVIL,MASCULINO,NO,1,17
LIMA,INGENIERÍA MECATRÓNICA,FEMENINO,NO,3,20
LIMA,INGENIERÍA MECATRÓNICA,MASCULINO,NO,3,19
CAJAMARCA,INGENIERÍA MECATRÓNICA,MASCULINO,NO,2,19
LIMA,INGENIERÍA INDUSTRIAL,MASCULINO,NO,1,18
LIMA,ARQUITECTURA,MASCULINO,NO,2,18
LIMA,INGENIERÍA MECÁNICA-ELÉCTRICA,MASCULINO,NO,1,17
LIMA,INGENIERÍA MECÁNICA,MASCULINO,SI,3,19
LIMA,INGENIERÍA DE SISTEMAS,MASCULINO,NO,2,19
HUANCAVELICA,INGENIERÍA ECONÓMICA,FEMENINO,NO,3,20
LIMA,INGENIERÍA DE SISTEMAS,FEMENINO,NO,2,18
LIMA,INGENIERÍA MECATRÓNICA,MASCULINO,NO,1,18
LIMA,INGENIERÍA DE SISTEMAS,MASCULINO,NO,1,17
ÁNCASH,INGENIERÍA MECÁNICA,MASCULINO,NO,1,18
LIMA,INGENIERÍA ECONÓMICA,FEMENINO,NO,1,17
LIMA,INGENIERÍA MECATRÓNICA,MASCULINO,NO,3,20
LIMA,INGENIERÍA MECATRÓNICA,MASCULINO,NO,1,18
LIMA,INGENIERÍA MECATRÓNICA,MASCULINO,NO,1,18
ANCASH,INGENIERÍA CIVIL,MASCULINO,NO,1,18
LIMA,INGENIERÍA MECÁNICA,MASCULINO,NO,2,19
ANCASH,INGENIERÍA INDUSTRIAL,MASCULINO,NO,1,18
LIMA,INGENIERÍA MECATRÓNICA,MASCULINO,NO,2,18
LIMA,INGENIERÍA DE TELECOMUNICACIONES,MASCULINO,NO,1,18
LIMA,INGENIERÍA DE HIGIENE Y SEGURIDAD INDUSTRIAL,FEMENINO,NO,3,20
LIMA,INGENIERÍA MECATRÓNICA,MASCULINO,NO,1,18
LIMA,INGENIERÍA INDUSTRIAL,MASCULINO,NO,1,18
LIMA,INGENIERÍA INDUSTRIAL,MASCULINO,NO,2,19
LIMA,INGENIERÍA ECONÓMICA,MASCULINO,NO,3,19
PUNO,QUÍMICA,MASCULINO,NO,3,20
CALLAO,INGENIERÍA QUÍMICA,MASCULINO,NO,1,17
LIMA,INGENIERÍA MECATRÓNICA,MASCULINO,NO,3,20
CALLAO,ARQUITECTURA,FEMENINO,NO,0,17
LIMA,INGENIERÍA DE SISTEMAS,MASCULINO,NO,3,19
LIMA,INGENIERÍA DE MINAS,MASCULINO,SI,5,21
LAMBAYEQUE,INGENIERÍA MECÁNICA,MASCULINO,NO,3,20
LIMA,INGENIERÍA INDUSTRIAL,MASCULINO,NO,2,18
LIMA,INGENIERÍA DE SISTEMAS,MASCULINO,NO,2,18
ANCASH,INGENIERÍA CIVIL,MASCULINO,NO,4,20
LIMA,INGENIERÍA MECATRÓNICA,MASCULINO,NO,2,19
ICA,INGENIERÍA INDUSTRIAL,MASCULINO,NO,2,19
LIMA,INGENIERÍA QUÍMICA,FEMENINO,NO,5,20
UCAYALI,INGENIERÍA MECÁNICA,MASCULINO,NO,2,19
LIMA,ARQUITECTURA,FEMENINO,NO,2,18
LIMA,INGENIERÍA INDUSTRIAL,MASCULINO,NO,3,19
LIMA,ARQUITECTURA,MASCULINO,NO,2,18
HUANUCO,INGENIERÍA DE SISTEMAS,MASCULINO,NO,33,49
LIMA,INGENIERÍA CIVIL,MASCULINO,NO,1,17
LIMA,INGENIERÍA INDUSTRIAL,MASCULINO,NO,5,21
LIMA,INGENIERÍA CIVIL,MASCULINO,NO,2,18
LIMA,ARQUITECTURA,FEMENINO,NO,1,17
LIMA,INGENIERÍA CIVIL,MASCULINO,NO,2,18
CALLAO,INGENIERÍA CIVIL,MASCULINO,NO,1,17
LIMA,INGENIERÍA DE SISTEMAS,MASCULINO,NO,3,19
LIMA,INGENIERÍA MECATRÓNICA,MASCULINO,NO,4,21
LIMA,INGENIERÍA INDUSTRIAL,MASCULINO,NO,4,21
LIMA,MATEMÁTICA,MASCULINO,NO,3,19
LIMA,INGENIERÍA CIVIL,MASCULINO,NO,3,19
LIMA,INGENIERÍA DE SISTEMAS,MASCULINO,SI,4,20
LIMA,INGENIERÍA DE SISTEMAS,MASCULINO,NO,2,18
JUNIN,INGENIERÍA NAVAL,MASCULINO,NO,3,19
AREQUIPA,INGENIERÍA CIVIL,MASCULINO,NO,4,21
LIMA,CIENCIA DE LA COMPUTACIÓN,MASCULINO,NO,4,20
LIMA,INGENIERÍA MECATRÓNICA,MASCULINO,NO,7,23
LIMA,INGENIERÍA ELECTRÓNICA,MASCULINO,NO,1,17
LIMA,INGENIERÍA DE SISTEMAS,MASCULINO,NO,2,19
LIMA,INGENIERÍA DE SISTEMAS,MASCULINO,NO,2,18
LIMA,INGENIERÍA ELECTRÓNICA,MASCULINO,NO,8,24
LIMA,INGENIERÍA MECATRÓNICA,MASCULINO,NO,1,18
CALLAO,INGENIERÍA CIVIL,MASCULINO,NO,5,22
LIMA,CIENCIA DE LA COMPUTACIÓN,MASCULINO,NO,2,18
LIMA,INGENIERÍA DE SISTEMAS,MASCULINO,NO,3,19
LAMBAYEQUE,INGENIERÍA CIVIL,MASCULINO,NO,2,18
LIMA,INGENIERÍA CIVIL,MASCULINO,NO,1,18
LIMA,INGENIERÍA QUÍMICA,MASCULINO,SI,8,24
PUNO,INGENIERÍA GEOLÓGICA,FEMENINO,NO,1,18
LIMA,INGENIERÍA ELÉCTRICA,MASCULINO,NO,2,18
LIMA,INGENIERÍA DE SISTEMAS,MASCULINO,NO,1,17
LIMA,INGENIERÍA CIVIL,MASCULINO,NO,5,22
LIMA,INGENIERÍA DE SISTEMAS,MASCULINO,NO,3,18
LIMA,INGENIERÍA MECÁNICA,MASCULINO,SI,2,18
LIMA,INGENIERÍA DE SISTEMAS,MASCULINO,NO,2,19
LIMA,INGENIERÍA DE SISTEMAS,MASCULINO,SI,3,20
LIMA,ARQUITECTURA,MASCULINO,NO,2,19
ANCASH,INGENIERÍA MECÁNICA,MASCULINO,NO,3,20
LIMA,INGENIERÍA DE SISTEMAS,MASCULINO,NO,2,18
LIMA,INGENIERÍA CIVIL,MASCULINO,NO,3,20
LIMA,ARQUITECTURA,MASCULINO,NO,1,17
SAN MARTÍN,INGENIERÍA CIVIL,MASCULINO,NO,3,19
LIMA,INGENIERÍA CIVIL,MASCULINO,NO,2,18
LIMA,INGENIERÍA DE SISTEMAS,FEMENINO,NO,3,19
LIMA,FÍSICA,FEMENINO,SI,9,25
LIMA,INGENIERÍA ELECTRÓNICA,MASCULINO,NO,2,18
LIMA,INGENIERÍA DE TELECOMUNICACIONES,MASCULINO,NO,3,19
LIMA,INGENIERÍA METALÚRGICA,MASCULINO,NO,2,19
LIMA,INGENIERÍA METALÚRGICA,MASCULINO,NO,4,20
LIMA,INGENIERÍA ELECTRÓNICA,MASCULINO,NO,3,20
AYACUCHO,ARQUITECTURA,FEMENINO,NO,6,23
LIMA,ARQUITECTURA,FEMENINO,NO,3,19
LIMA,INGENIERÍA INDUSTRIAL,MASCULINO,SI,1,18
LIMA,INGENIERÍA DE PETRÓLEO Y GAS NATURAL,MASCULINO,NO,5,20
ICA,INGENIERÍA DE SISTEMAS,MASCULINO,NO,2,18
LIMA,INGENIERÍA DE MINAS,MASCULINO,NO,2,18
LIMA,INGENIERÍA CIVIL,FEMENINO,NO,1,17
LIMA,INGENIERÍA CIVIL,MASCULINO,NO,4,20
LIMA,INGENIERÍA DE SISTEMAS,MASCULINO,NO,3,19
LIMA,INGENIERÍA CIVIL,MASCULINO,NO,1,18
LIMA,INGENIERÍA MECÁNICA-ELÉCTRICA,MASCULINO,NO,2,19
LIMA,ARQUITECTURA,FEMENINO,NO,4,20
LIMA,INGENIERÍA ELECTRÓNICA,MASCULINO,NO,2,18
CAJAMARCA,ARQUITECTURA,MASCULINO,NO,2,18
LIMA,ARQUITECTURA,FEMENINO,NO,2,18
ANCASH,INGENIERÍA CIVIL,MASCULINO,NO,3,20
CALLAO,ARQUITECTURA,FEMENINO,NO,2,18
JUNIN,INGENIERÍA INDUSTRIAL,MASCULINO,NO,3,19
LIMA,INGENIERÍA FÍSICA,FEMENINO,NO,1,17
LIMA,ARQUITECTURA,FEMENINO,NO,2,19
LIMA,INGENIERÍA INDUSTRIAL,MASCULINO,NO,1,17
CALLAO,INGENIERÍA DE CIBERSEGURIDAD,MASCULINO,NO,1,19
LIMA,INGENIERÍA DE SISTEMAS,MASCULINO,NO,2,18
LIMA,INGENIERÍA CIVIL,MASCULINO,NO,2,18
LIMA,ARQUITECTURA,MASCULINO,NO,4,20
LIMA,MATEMÁTICA,MASCULINO,NO,2,19
PUNO,INGENIERÍA DE MINAS,MASCULINO,NO,3,19
ANCASH,ARQUITECTURA,MASCULINO,NO,5,22
JUNIN,INGENIERÍA MECATRÓNICA,MASCULINO,NO,1,17
APURIMAC,INGENIERÍA ELECTRÓNICA,MASCULINO,NO,10,26
LIMA,INGENIERÍA CIVIL,MASCULINO,NO,2,19
LIMA,INGENIERÍA DE TELECOMUNICACIONES,FEMENINO,NO,4,21
LIMA,INGENIERÍA DE SISTEMAS,MASCULINO,NO,4,21
LIMA,INGENIERÍA MECATRÓNICA,MASCULINO,NO,2,18
LIMA,INGENIERÍA DE SISTEMAS,MASCULINO,NO,2,18
LIMA,INGENIERÍA DE MINAS,FEMENINO,NO,2,19
LIMA,INGENIERÍA DE SISTEMAS,MASCULINO,NO,2,18
LIMA,ARQUITECTURA,FEMENINO,NO,2,18
LIMA,INGENIERÍA CIVIL,MASCULINO,NO,2,18
LIMA,ARQUITECTURA,FEMENINO,NO,2,18
LIMA,INGENIERÍA QUÍMICA,FEMENINO,NO,2,18
CALLAO,INGENIERÍA CIVIL,MASCULINO,NO,2,18
LIMA,INGENIERÍA ELECTRÓNICA,MASCULINO,NO,6,22
LIMA,ARQUITECTURA,MASCULINO,NO,3,19
LIMA,ARQUITECTURA,MASCULINO,NO,3,19
CALLAO,ARQUITECTURA,MASCULINO,NO,3,20
LIMA,CIENCIA DE LA COMPUTACIÓN,MASCULINO,NO,4,20
LIMA,INGENIERÍA CIVIL,MASCULINO,NO,2,18
LIMA,ARQUITECTURA,MASCULINO,NO,1,17
LIMA,INGENIERÍA CIVIL,MASCULINO,SI,5,21
JUNÍN,INGENIERÍA DE TELECOMUNICACIONES,MASCULINO,NO,1,17
LIMA,CIENCIA DE LA COMPUTACIÓN,MASCULINO,NO,1,17
LIMA,INGENIERÍA DE SISTEMAS,MASCULINO,NO,3,20
CALLAO,INGENIERÍA NAVAL,MASCULINO,NO,4,20
LIMA,INGENIERÍA INDUSTRIAL,MASCULINO,NO,2,18
LIMA,ARQUITECTURA,FEMENINO,NO,3,19
AMAZONAS,CIENCIA DE LA COMPUTACIÓN,MASCULINO,NO,2,18
LIMA,INGENIERÍA DE SISTEMAS,MASCULINO,NO,3,20
LIMA,ARQUITECTURA,FEMENINO,NO,3,19
LIMA,INGENIERÍA CIVIL,MASCULINO,NO,4,22
LIMA,INGENIERÍA MECATRÓNICA,MASCULINO,NO,2,18
LIMA,INGENIERÍA DE SISTEMAS,MASCULINO,NO,3,19
LIMA,INGENIERÍA SANITARIA,MASCULINO,SI,3,19
HUANUCO,INGENIERÍA DE SISTEMAS,MASCULINO,NO,2,19
LIMA,INGENIERÍA DE SISTEMAS,MASCULINO,NO,4,20
LIMA,INGENIERÍA MECÁNICA-ELÉCTRICA,MASCULINO,NO,5,22
LIMA,ARQUITECTURA,FEMENINO,NO,1,17
LIMA,INGENIERÍA DE SISTEMAS,MASCULINO,NO,1,18
LIMA,INGENIERÍA ECONÓMICA,FEMENINO,NO,3,19
AMAZONAS,INGENIERÍA DE MINAS,MASCULINO,NO,4,20
CUSCO,INGENIERÍA CIVIL,MASCULINO,NO,5,21
CALLAO,INGENIERÍA DE SISTEMAS,MASCULINO,NO,3,20
LIMA,FÍSICA,MASCULINO,SI,9,26
LIMA,INGENIERÍA CIVIL,MASCULINO,NO,1,18
LIMA,INGENIERÍA INDUSTRIAL,MASCULINO,NO,2,18
LIMA,INGENIERÍA DE SISTEMAS,MASCULINO,NO,2,18
LIMA,INGENIERÍA MECÁNICA,MASCULINO,NO,5,22
LIMA,INGENIERÍA DE SISTEMAS,MASCULINO,NO,1,17
LIMA,INGENIERÍA INDUSTRIAL,MASCULINO,NO,1,18
LIMA,INGENIERÍA CIVIL,MASCULINO,NO,2,19
PUNO,ARQUITECTURA,MASCULINO,NO,2,19
LIMA,INGENIERÍA INDUSTRIAL,MASCULINO,NO,2,18
JUNIN,INGENIERÍA CIVIL,MASCULINO,NO,1,17
LIMA,ARQUITECTURA,MASCULINO,NO,3,19
CALLAO,INGENIERÍA DE SISTEMAS,MASCULINO,NO,9,27
LIMA,INGENIERÍA DE SISTEMAS,MASCULINO,NO,2,18
LIMA,INGENIERÍA DE SISTEMAS,MASCULINO,NO,3,19
LIMA,INGENIERÍA DE SISTEMAS,MASCULINO,NO,1,17
CALLAO,INGENIERÍA CIVIL,MASCULINO,NO,2,19
LIMA,ARQUITECTURA,FEMENINO,NO,2,18
LIMA,ARQUITECTURA,FEMENINO,NO,1,18
LIMA,INGENIERÍA MECATRÓNICA,FEMENINO,SI,3,19
LIMA,INGENIERÍA MECATRÓNICA,MASCULINO,NO,2,18
LIMA,INGENIERÍA CIVIL,MASCULINO,SI,3,19
LIMA,INGENIERÍA CIVIL,MASCULINO,NO,1,17
CALLAO,INGENIERÍA MECÁNICA,MASCULINO,NO,4,20
LIMA,INGENIERÍA DE SISTEMAS,MASCULINO,NO,1,18
LIMA,INGENIERÍA DE CIBERSEGURIDAD,MASCULINO,NO,2,18
LIMA,INGENIERÍA INDUSTRIAL,MASCULINO,NO,2,18
LIMA,INGENIERÍA DE MINAS,MASCULINO,SI,2,19
CALLAO,ARQUITECTURA,MASCULINO,NO,2,19
LIMA,INGENIERÍA DE SISTEMAS,MASCULINO,NO,1,18
APURIMAC,ARQUITECTURA,MASCULINO,NO,4,20
LIMA,INGENIERÍA DE SISTEMAS,MASCULINO,SI,1,17
LIMA,INGENIERÍA INDUSTRIAL,MASCULINO,NO,3,19
LIMA,INGENIERÍA MECATRÓNICA,MASCULINO,NO,1,17
LIMA,INGENIERÍA DE MINAS,FEMENINO,NO,2,18
LIMA,INGENIERÍA ELECTRÓNICA,MASCULINO,NO,2,18
LIMA,INGENIERÍA DE SISTEMAS,MASCULINO,NO,4,20
LIMA,INGENIERÍA MECATRÓNICA,MASCULINO,NO,3,19
CALLAO,ARQUITECTURA,FEMENINO,SI,4,21
LIMA,INGENIERÍA DE SISTEMAS,MASCULINO,NO,3,19
AMAZONAS,INGENIERÍA MECATRÓNICA,MASCULINO,NO,4,21
JUNIN,INGENIERÍA DE MINAS,MASCULINO,NO,4,20
LIMA,INGENIERÍA MECATRÓNICA,MASCULINO,NO,2,19
JUNIN,INGENIERÍA DE CIBERSEGURIDAD,MASCULINO,NO,5,22
LIMA,CIENCIA DE LA COMPUTACIÓN,MASCULINO,NO,2,19
LIMA,INGENIERÍA GEOLÓGICA,MASCULINO,SI,1,18
LIMA,INGENIERÍA MECÁNICA,MASCULINO,NO,2,18
LIMA,INGENIERÍA SANITARIA,MASCULINO,NO,3,20
LIMA,INGENIERÍA DE PETRÓLEO Y GAS NATURAL,MASCULINO,NO,1,17
LIMA,INGENIERÍA MECATRÓNICA,MASCULINO,NO,4,21
ANCASH,INGENIERÍA INDUSTRIAL,MASCULINO,NO,1,17
LIMA,INGENIERÍA GEOLÓGICA,MASCULINO,NO,3,19
LIMA,INGENIERÍA ECONÓMICA,MASCULINO,NO,1,17
LIMA,MATEMÁTICA,FEMENINO,NO,5,21
ANCASH,INGENIERÍA PETROQUÍMICA,MASCULINO,SI,3,19
JUNIN,INGENIERÍA CIVIL,MASCULINO,NO,1,18
CALLAO,INGENIERÍA ELECTRÓNICA,MASCULINO,SI,3,19
LIMA,FÍSICA,MASCULINO,SI,1,18
LIMA,INGENIERÍA DE CIBERSEGURIDAD,MASCULINO,NO,1,18
LIMA,INGENIERÍA DE SISTEMAS,MASCULINO,NO,3,19
LIMA,ARQUITECTURA,MASCULINO,NO,2,18
LIMA,ARQUITECTURA,FEMENINO,NO,2,18
LIMA,INGENIERÍA ELECTRÓNICA,MASCULINO,SI,3,20
LIMA,INGENIERÍA CIVIL,FEMENINO,NO,1,18
CALLAO,INGENIERÍA DE CIBERSEGURIDAD,MASCULINO,NO,2,18
AMAZONAS,INGENIERÍA CIVIL,MASCULINO,NO,7,23
LIMA,INGENIERÍA GEOLÓGICA,MASCULINO,NO,5,24
LIMA,INGENIERÍA QUÍMICA,MASCULINO,NO,4,20
CAJAMARCA,INGENIERÍA MECATRÓNICA,FEMENINO,NO,1,17
LIMA,INGENIERÍA DE SISTEMAS,MASCULINO,NO,1,17
JUNÍN,INGENIERÍA CIVIL,MASCULINO,NO,1,18
LIMA,INGENIERÍA ELECTRÓNICA,MASCULINO,NO,22,38
LIMA,INGENIERÍA SANITARIA,FEMENINO,NO,3,19
SAN MARTÍN,INGENIERÍA CIVIL,MASCULINO,NO,2,20
LIMA,INGENIERÍA ECONÓMICA,MASCULINO,SI,3,19
LIMA,ARQUITECTURA,MASCULINO,NO,3,20
LIMA,INGENIERÍA DE MINAS,MASCULINO,NO,2,19
LIMA,ARQUITECTURA,FEMENINO,NO,2,18
LIMA,INGENIERÍA DE HIGIENE Y SEGURIDAD INDUSTRIAL,FEMENINO,NO,2,19
LIMA,INGENIERÍA MECATRÓNICA,MASCULINO,NO,2,19
LIMA,INGENIERÍA INDUSTRIAL,MASCULINO,NO,1,17
LIMA,INGENIERÍA DE SISTEMAS,MASCULINO,NO,2,18
LIMA,INGENIERÍA DE CIBERSEGURIDAD,MASCULINO,NO,2,18
LIMA,INGENIERÍA ESTADÍSTICA,MASCULINO,SI,1,17
LIMA,INGENIERÍA CIVIL,MASCULINO,NO,2,19
LIMA,INGENIERÍA DE SISTEMAS,MASCULINO,NO,1,18
LIMA,INGENIERÍA ELECTRÓNICA,MASCULINO,NO,6,23
LIMA,INGENIERÍA ESTADÍSTICA,MASCULINO,SI,2,18
LIMA,INGENIERÍA ECONÓMICA,FEMENINO,NO,1,18
LIMA,INGENIERÍA AMBIENTAL,FEMENINO,NO,4,21
LIMA,INGENIERÍA CIVIL,MASCULINO,NO,2,19
ICA,INGENIERÍA MECÁNICA-ELÉCTRICA,MASCULINO,NO,1,18
LIMA,ARQUITECTURA,FEMENINO,NO,1,17
LIMA,INGENIERÍA INDUSTRIAL,FEMENINO,NO,1,17
LIMA,INGENIERÍA DE CIBERSEGURIDAD,MASCULINO,NO,4,20
SAN MARTIN,INGENIERÍA DE PETRÓLEO Y GAS NATURAL,FEMENINO,NO,4,20
AREQUIPA,INGENIERÍA ELÉCTRICA,MASCULINO,NO,3,19
LIMA,INGENIERÍA MECÁNICA,MASCULINO,SI,4,21
HUANCAVELICA,INGENIERÍA CIVIL,MASCULINO,NO,4,20
LIMA,INGENIERÍA CIVIL,MASCULINO,NO,2,18
LIMA,INGENIERÍA CIVIL,MASCULINO,NO,3,19
LIMA,INGENIERÍA MECÁNICA-ELÉCTRICA,MASCULINO,SI,3,19
AYACUCHO,ARQUITECTURA,MASCULINO,SI,3,19
AYACUCHO,QUÍMICA,FEMENINO,NO,3,20
LIMA,INGENIERÍA DE SISTEMAS,MASCULINO,NO,2,18
LIMA,INGENIERÍA CIVIL,MASCULINO,NO,1,17
LIMA,INGENIERÍA MECATRÓNICA,MASCULINO,NO,1,18
CALLAO,INGENIERÍA ELECTRÓNICA,MASCULINO,NO,2,18
LIMA,INGENIERÍA DE SISTEMAS,MASCULINO,NO,2,18
SAN MARTIN,INGENIERÍA MECATRÓNICA,MASCULINO,NO,2,18
LIMA,INGENIERÍA DE MINAS,MASCULINO,SI,1,18
LIMA,INGENIERÍA MECATRÓNICA,MASCULINO,NO,1,17
LIMA,INGENIERÍA DE SISTEMAS,MASCULINO,NO,2,18
ICA,INGENIERÍA DE SISTEMAS,MASCULINO,NO,1,18
LIMA,INGENIERÍA CIVIL,MASCULINO,NO,2,19
LIMA,INGENIERÍA ECONÓMICA,MASCULINO,NO,5,21
LIMA,INGENIERÍA DE MINAS,MASCULINO,NO,3,18
LIMA,INGENIERÍA MECATRÓNICA,MASCULINO,NO,4,21
LIMA,INGENIERÍA DE SISTEMAS,MASCULINO,NO,1,18
LIMA,INGENIERÍA MECATRÓNICA,MASCULINO,NO,0,16
LIMA,ARQUITECTURA,FEMENINO,NO,1,17
CALLAO,INGENIERÍA DE SISTEMAS,MASCULINO,NO,1,17
APURÍMAC,INGENIERÍA MECÁNICA,MASCULINO,NO,1,17
LIMA,ARQUITECTURA,MASCULINO,NO,3,19
JUNÍN,INGENIERÍA INDUSTRIAL,MASCULINO,NO,1,17
PUNO,INGENIERÍA MECATRÓNICA,MASCULINO,NO,3,19
PIURA,INGENIERÍA ECONÓMICA,MASCULINO,NO,3,19
LIMA,INGENIERÍA CIVIL,FEMENINO,NO,2,18
LIMA,INGENIERÍA CIVIL,MASCULINO,NO,3,20
LIMA,INGENIERÍA DE SISTEMAS,MASCULINO,NO,1,18
LIMA,INGENIERÍA MECATRÓNICA,MASCULINO,NO,1,18
LIMA,INGENIERÍA MECATRÓNICA,MASCULINO,NO,1,17
LIMA,ARQUITECTURA,FEMENINO,NO,2,18
LIMA,INGENIERÍA QUÍMICA,MASCULINO,SI,4,21
LIMA,INGENIERÍA DE SISTEMAS,MASCULINO,NO,3,18
LIMA,INGENIERÍA MECATRÓNICA,MASCULINO,NO,2,18
CUSCO,INGENIERÍA MECATRÓNICA,MASCULINO,NO,3,19
LIMA,FÍSICA,MASCULINO,NO,6,22
LIMA,INGENIERÍA INDUSTRIAL,FEMENINO,NO,1,17
LIMA,INGENIERÍA CIVIL,MASCULINO,NO,1,17
LIMA,ARQUITECTURA,FEMENINO,NO,1,16
LIMA,INGENIERÍA DE SISTEMAS,FEMENINO,NO,1,18
LIMA,INGENIERÍA CIVIL,MASCULINO,NO,2,18
LIMA,INGENIERÍA MECATRÓNICA,MASCULINO,NO,5,21
LA LIBERTAD,INGENIERÍA AMBIENTAL,FEMENINO,NO,3,19
LIMA,INGENIERÍA DE SISTEMAS,MASCULINO,NO,1,17
LIMA,INGENIERÍA NAVAL,MASCULINO,NO,1,18
LIMA,INGENIERÍA CIVIL,MASCULINO,SI,5,21
LIMA,INGENIERÍA DE SISTEMAS,FEMENINO,NO,2,19
LIMA,INGENIERÍA CIVIL,MASCULINO,NO,2,18
LAMBAYEQUE,INGENIERÍA INDUSTRIAL,MASCULINO,NO,1,18
LIMA,ARQUITECTURA,MASCULINO,NO,3,19
LIMA,INGENIERÍA DE SISTEMAS,MASCULINO,NO,2,19
JUNIN,INGENIERÍA CIVIL,MASCULINO,NO,4,20
LIMA,INGENIERÍA DE SISTEMAS,MASCULINO,NO,2,19
LIMA,INGENIERÍA NAVAL,MASCULINO,NO,1,18
LIMA,INGENIERÍA ELÉCTRICA,MASCULINO,NO,2,17
AYACUCHO,INGENIERÍA CIVIL,MASCULINO,NO,2,17
LIMA,INGENIERÍA DE SISTEMAS,MASCULINO,NO,4,20
LIMA,INGENIERÍA FÍSICA,FEMENINO,NO,1,17
LIMA,INGENIERÍA ELECTRÓNICA,MASCULINO,NO,1,18
CALLAO,INGENIERÍA ECONÓMICA,FEMENINO,NO,1,17
ANCASH,QUÍMICA,MASCULINO,NO,1,17
CALLAO,INGENIERÍA CIVIL,MASCULINO,NO,2,18
LIMA,INGENIERÍA MECATRÓNICA,MASCULINO,NO,2,18
LIMA,ARQUITECTURA,MASCULINO,NO,1,17
JUNIN,INGENIERÍA CIVIL,MASCULINO,NO,1,18
LIMA,INGENIERÍA MECATRÓNICA,MASCULINO,NO,2,18
LIMA,INGENIERÍA DE SISTEMAS,MASCULINO,NO,1,17
APURIMAC,INGENIERÍA MECATRÓNICA,MASCULINO,NO,4,20
LIMA,INGENIERÍA MECATRÓNICA,FEMENINO,NO,2,18
LIMA,INGENIERÍA CIVIL,MASCULINO,NO,1,18
LIMA,FÍSICA,MASCULINO,NO,9,26
LIMA,CIENCIA DE LA COMPUTACIÓN,MASCULINO,SI,9,25
LAMBAYEQUE,ARQUITECTURA,MASCULINO,NO,1,17
HUANCAVELICA,INGENIERÍA ELÉCTRICA,MASCULINO,NO,7,24
JUNIN,INGENIERÍA MECATRÓNICA,MASCULINO,SI,4,20
LIMA,ARQUITECTURA,FEMENINO,NO,1,19
LIMA,ARQUITECTURA,FEMENINO,NO,2,18
LIMA,CIENCIA DE LA COMPUTACIÓN,MASCULINO,NO,2,19
LIMA,INGENIERÍA CIVIL,MASCULINO,NO,1,17
HUÁNUCO,CIENCIA DE LA COMPUTACIÓN,MASCULINO,NO,6,22
LA LIBERTAD,INGENIERÍA INDUSTRIAL,FEMENINO,NO,3,19
LIMA,INGENIERÍA CIVIL,MASCULINO,NO,5,21
PASCO,INGENIERÍA QUÍMICA,MASCULINO,NO,7,23
LIMA,INGENIERÍA DE SISTEMAS,MASCULINO,NO,1,18
LIMA,INGENIERÍA MECATRÓNICA,MASCULINO,NO,3,20
LIMA,INGENIERÍA MECÁNICA-ELÉCTRICA,MASCULINO,NO,4,21
LIMA,INGENIERÍA CIVIL,FEMENINO,NO,2,18
JUNÍN,CIENCIA DE LA COMPUTACIÓN,MASCULINO,NO,1,17
ÁNCASH,INGENIERÍA DE MINAS,MASCULINO,NO,3,19
JUNÍN,INGENIERÍA GEOLÓGICA,MASCULINO,NO,1,17
LIMA,INGENIERÍA CIVIL,MASCULINO,NO,2,18
ÁNCASH,CIENCIA DE LA COMPUTACIÓN,MASCULINO,NO,3,20
LIMA,INGENIERÍA MECÁNICA-ELÉCTRICA,MASCULINO,NO,3,19
LIMA,ARQUITECTURA,FEMENINO,SI,4,20
LIMA,INGENIERÍA CIVIL,FEMENINO,NO,14,31
LIMA,INGENIERÍA CIVIL,MASCULINO,NO,3,20
LIMA,INGENIERÍA CIVIL,MASCULINO,NO,1,18
LIMA,INGENIERÍA CIVIL,MASCULINO,NO,5,21
LIMA,INGENIERÍA MECÁNICA-ELÉCTRICA,MASCULINO,NO,5,21
LIMA,INGENIERÍA INDUSTRIAL,FEMENINO,NO,2,18
ICA,INGENIERÍA DE TELECOMUNICACIONES,MASCULINO,NO,1,17
LIMA,ARQUITECTURA,FEMENINO,NO,2,18
LIMA,INGENIERÍA INDUSTRIAL,MASCULINO,NO,2,19
HUÁNUCO,INGENIERÍA DE TELECOMUNICACIONES,MASCULINO,NO,1,18
LIMA,INGENIERÍA DE SISTEMAS,MASCULINO,NO,1,17
LIMA,ARQUITECTURA,FEMENINO,NO,2,18
LIMA,INGENIERÍA ELÉCTRICA,MASCULINO,NO,2,18
ÁNCASH,INGENIERÍA ELECTRÓNICA,MASCULINO,NO,2,19
LIMA,INGENIERÍA DE MINAS,MASCULINO,NO,2,19
LIMA,INGENIERÍA DE SISTEMAS,MASCULINO,NO,7,24
LIMA,INGENIERÍA ELÉCTRICA,MASCULINO,SI,10,28
LIMA,INGENIERÍA ECONÓMICA,FEMENINO,NO,1,17
LIMA,INGENIERÍA DE SISTEMAS,MASCULINO,NO,3,19
PIURA,ARQUITECTURA,MASCULINO,NO,3,20
ANCASH,INGENIERÍA DE CIBERSEGURIDAD,MASCULINO,SI,3,20
LIMA,INGENIERÍA CIVIL,MASCULINO,NO,2,18
LIMA,INGENIERÍA CIVIL,MASCULINO,NO,4,20
CUSCO,INGENIERÍA MECATRÓNICA,MASCULINO,NO,4,20
LIMA,INGENIERÍA DE MINAS,MASCULINO,NO,4,21
LIMA,INGENIERÍA DE SISTEMAS,MASCULINO,NO,3,20
LIMA,INGENIERÍA PETROQUÍMICA,MASCULINO,NO,2,18
CUSCO,INGENIERÍA CIVIL,MASCULINO,SI,2,19
AREQUIPA,INGENIERÍA PETROQUÍMICA,FEMENINO,NO,1,18
LIMA,ARQUITECTURA,FEMENINO,NO,3,19
LIMA,MATEMÁTICA,MASCULINO,NO,5,22
LIMA,INGENIERÍA MECATRÓNICA,MASCULINO,NO,2,19
LIMA,INGENIERÍA DE SISTEMAS,MASCULINO,NO,2,19
LIMA,INGENIERÍA CIVIL,FEMENINO,NO,2,18
LIMA,INGENIERÍA SANITARIA,MASCULINO,NO,5,22
LIMA,INGENIERÍA QUÍMICA,FEMENINO,SI,6,22
LIMA,INGENIERÍA DE SISTEMAS,MASCULINO,NO,2,18
LIMA,INGENIERÍA AMBIENTAL,MASCULINO,NO,3,20
LIMA,INGENIERÍA ECONÓMICA,MASCULINO,SI,1,17
LIMA,INGENIERÍA MECATRÓNICA,MASCULINO,NO,2,19
LIMA,ARQUITECTURA,FEMENINO,NO,1,17
LIMA,INGENIERÍA MECATRÓNICA,MASCULINO,NO,3,19
LIMA,INGENIERÍA ESTADÍSTICA,FEMENINO,NO,3,19
LIMA,ARQUITECTURA,FEMENINO,NO,3,19
LIMA,ARQUITECTURA,FEMENINO,NO,3,19
ICA,ARQUITECTURA,MASCULINO,NO,1,17
LIMA,INGENIERÍA INDUSTRIAL,MASCULINO,NO,2,18
LIMA,INGENIERÍA DE SISTEMAS,MASCULINO,NO,2,18
LIMA,INGENIERÍA MECÁNICA,MASCULINO,SI,1,18
LIMA,INGENIERÍA DE SISTEMAS,MASCULINO,NO,3,18
LIMA,INGENIERÍA DE SISTEMAS,MASCULINO,NO,2,19
LIMA,INGENIERÍA DE SISTEMAS,MASCULINO,NO,3,19
LIMA,ARQUITECTURA,MASCULINO,NO,2,19
LIMA,INGENIERÍA CIVIL,MASCULINO,NO,1,18
LIMA,INGENIERÍA ELÉCTRICA,FEMENINO,NO,2,18
LIMA,INGENIERÍA DE TELECOMUNICACIONES,MASCULINO,NO,1,18
LIMA,ARQUITECTURA,FEMENINO,NO,2,18
LIMA,INGENIERÍA FÍSICA,FEMENINO,SI,3,18
JUNIN,INGENIERÍA DE SISTEMAS,MASCULINO,NO,1,17
LIMA,INGENIERÍA MECÁNICA,MASCULINO,NO,2,18
CALLAO,CIENCIA DE LA COMPUTACIÓN,MASCULINO,NO,3,19
LIMA,INGENIERÍA AMBIENTAL,FEMENINO,NO,1,17
LIMA,INGENIERÍA TEXTIL,MASCULINO,NO,5,21
LIMA,INGENIERÍA CIVIL,MASCULINO,SI,2,18
LIMA,ARQUITECTURA,FEMENINO,NO,1,18
LIMA,INGENIERÍA CIVIL,MASCULINO,NO,3,19
LIMA,INGENIERÍA DE MINAS,MASCULINO,SI,4,20
LIMA,INGENIERÍA ESTADÍSTICA,MASCULINO,NO,1,17
LIMA,ARQUITECTURA,MASCULINO,NO,4,20
HUANCAVELICA,INGENIERÍA DE SISTEMAS,MASCULINO,NO,1,18
LIMA,INGENIERÍA DE SISTEMAS,FEMENINO,SI,1,17
LIMA,INGENIERÍA INDUSTRIAL,FEMENINO,NO,1,18
HUANCAVELICA,ARQUITECTURA,MASCULINO,NO,2,18
LIMA,INGENIERÍA DE TELECOMUNICACIONES,MASCULINO,SI,2,18
LIMA,INGENIERÍA DE SISTEMAS,MASCULINO,NO,4,20
CUSCO,INGENIERÍA MECATRÓNICA,FEMENINO,SI,4,19
LIMA,INGENIERÍA DE SISTEMAS,FEMENINO,NO,3,19
LIMA,INGENIERÍA INDUSTRIAL,MASCULINO,NO,3,19
LIMA,INGENIERÍA INDUSTRIAL,FEMENINO,NO,2,19
LIMA,INGENIERÍA CIVIL,MASCULINO,NO,4,20
HUANUCO,INGENIERÍA ECONÓMICA,FEMENINO,NO,3,19
LIMA,INGENIERÍA ELÉCTRICA,MASCULINO,NO,2,17
ÁNCASH,INGENIERÍA CIVIL,MASCULINO,NO,2,19
LIMA,INGENIERÍA DE SISTEMAS,MASCULINO,NO,2,18
LIMA,CIENCIA DE LA COMPUTACIÓN,MASCULINO,SI,6,22
LIMA,INGENIERÍA CIVIL,MASCULINO,NO,2,18
LIMA,INGENIERÍA ECONÓMICA,MASCULINO,NO,2,19
LIMA,INGENIERÍA DE SISTEMAS,MASCULINO,NO,2,18
LIMA,INGENIERÍA QUÍMICA,MASCULINO,NO,2,19
JUNÍN,INGENIERÍA MECATRÓNICA,FEMENINO,NO,6,22
PASCO,ARQUITECTURA,FEMENINO,NO,3,19
LIMA,ARQUITECTURA,FEMENINO,NO,4,20
LIMA,INGENIERÍA ELECTRÓNICA,MASCULINO,NO,1,17
LIMA,INGENIERÍA DE SISTEMAS,MASCULINO,NO,2,18
LIMA,INGENIERÍA FÍSICA,FEMENINO,NO,4,20
LIMA,INGENIERÍA MECÁNICA,MASCULINO,NO,4,21
LIMA,INGENIERÍA CIVIL,MASCULINO,NO,1,18
HUÁNUCO,ARQUITECTURA,MASCULINO,NO,2,17
HUANCAVELICA,INGENIERÍA MECATRÓNICA,MASCULINO,NO,3,20
LIMA,INGENIERÍA CIVIL,FEMENINO,NO,5,21
LIMA,INGENIERÍA CIVIL,MASCULINO,NO,2,18
AMAZONAS,INGENIERÍA CIVIL,FEMENINO,NO,7,23
LIMA,INGENIERÍA CIVIL,MASCULINO,NO,2,18
PIURA,CIENCIA DE LA COMPUTACIÓN,MASCULINO,NO,1,18
AYACUCHO,ARQUITECTURA,FEMENINO,NO,4,20
LIMA,ARQUITECTURA,MASCULINO,NO,3,20
HUANCAVELICA,INGENIERÍA MECÁNICA,MASCULINO,NO,1,17
LIMA,INGENIERÍA INDUSTRIAL,MASCULINO,NO,2,18
LIMA,INGENIERÍA MECÁNICA-ELÉCTRICA,MASCULINO,NO,2,19
LIMA,ARQUITECTURA,FEMENINO,NO,1,17
PASCO,INGENIERÍA AMBIENTAL,FEMENINO,NO,3,19
LIMA,INGENIERÍA FÍSICA,MASCULINO,SI,4,20
LIMA,ARQUITECTURA,FEMENINO,NO,2,18
LIMA,INGENIERÍA DE TELECOMUNICACIONES,MASCULINO,NO,12,27
LIMA,INGENIERÍA ELECTRÓNICA,MASCULINO,NO,2,18
ÁNCASH,INGENIERÍA DE SISTEMAS,MASCULINO,NO,1,17
LIMA,INGENIERÍA DE SISTEMAS,MASCULINO,NO,1,17
LIMA,ARQUITECTURA,FEMENINO,NO,2,20
CAJAMARCA,INGENIERÍA CIVIL,MASCULINO,NO,3,19
LIMA,INGENIERÍA DE MINAS,FEMENINO,NO,1,17
LIMA,INGENIERÍA CIVIL,MASCULINO,NO,1,17
CALLAO,ARQUITECTURA,FEMENINO,NO,1,17
LIMA,INGENIERÍA DE TELECOMUNICACIONES,MASCULINO,NO,4,20
LIMA,INGENIERÍA INDUSTRIAL,FEMENINO,NO,3,19
LIMA,INGENIERÍA INDUSTRIAL,MASCULINO,SI,2,18
LIMA,INGENIERÍA ELECTRÓNICA,MASCULINO,NO,3,19
LIMA,MATEMÁTICA,MASCULINO,NO,1,17
CALLAO,ARQUITECTURA,FEMENINO,NO,5,21
LIMA,CIENCIA DE LA COMPUTACIÓN,MASCULINO,NO,1,18
LIMA,INGENIERÍA MECÁNICA,MASCULINO,NO,3,19
AYACUCHO,INGENIERÍA ELECTRÓNICA,MASCULINO,NO,3,19
LIMA,INGENIERÍA DE SISTEMAS,MASCULINO,NO,2,17
CAJAMARCA,INGENIERÍA MECATRÓNICA,MASCULINO,NO,1,17
LIMA,INGENIERÍA DE SISTEMAS,MASCULINO,NO,1,17
LIMA,INGENIERÍA DE SISTEMAS,MASCULINO,NO,2,19
LIMA,INGENIERÍA CIVIL,MASCULINO,NO,5,23
LIMA,INGENIERÍA MECATRÓNICA,MASCULINO,NO,2,19
LIMA,INGENIERÍA DE MINAS,MASCULINO,SI,1,18
LIMA,INGENIERÍA CIVIL,MASCULINO,NO,3,20
AREQUIPA,INGENIERÍA CIVIL,FEMENINO,NO,1,18
LIMA,INGENIERÍA DE CIBERSEGURIDAD,MASCULINO,NO,4,20
LIMA,INGENIERÍA ELECTRÓNICA,MASCULINO,NO,2,18
LIMA,INGENIERÍA FÍSICA,FEMENINO,NO,2,19
LIMA,INGENIERÍA ELÉCTRICA,MASCULINO,NO,2,19
LIMA,INGENIERÍA PETROQUÍMICA,MASCULINO,NO,3,19
ANCASH,INGENIERÍA CIVIL,MASCULINO,NO,2,18
LIMA,INGENIERÍA DE MINAS,MASCULINO,SI,1,17
LIMA,ARQUITECTURA,MASCULINO,NO,2,18
LIMA,INGENIERÍA DE SISTEMAS,MASCULINO,NO,0,17
LIMA,INGENIERÍA AMBIENTAL,FEMENINO,NO,2,19
LIMA,INGENIERÍA ELÉCTRICA,MASCULINO,NO,2,18
LIMA,INGENIERÍA DE MINAS,FEMENINO,NO,2,19
HUANCAVELICA,INGENIERÍA CIVIL,MASCULINO,NO,6,22
LIMA,INGENIERÍA CIVIL,MASCULINO,NO,2,18
JUNIN,INGENIERÍA CIVIL,MASCULINO,NO,1,18
LIMA,INGENIERÍA INDUSTRIAL,MASCULINO,NO,1,18
LIMA,INGENIERÍA DE SISTEMAS,MASCULINO,NO,1,17
LIMA,INGENIERÍA MECATRÓNICA,MASCULINO,NO,4,20
LIMA,INGENIERÍA DE CIBERSEGURIDAD,FEMENINO,NO,3,19
LIMA,CIENCIA DE LA COMPUTACIÓN,MASCULINO,SI,2,18
LIMA,INGENIERÍA MECATRÓNICA,MASCULINO,NO,21,17
LIMA,ARQUITECTURA,MASCULINO,NO,2,19
LIMA,INGENIERÍA CIVIL,FEMENINO,NO,3,19
CALLAO,INGENIERÍA ECONÓMICA,FEMENINO,NO,2,18
LIMA,INGENIERÍA CIVIL,MASCULINO,NO,2,19
LIMA,INGENIERÍA DE MINAS,MASCULINO,NO,2,19
LIMA,INGENIERÍA ECONÓMICA,MASCULINO,NO,4,21
LIMA,INGENIERÍA DE SISTEMAS,MASCULINO,NO,1,18
ANCASH,INGENIERÍA INDUSTRIAL,MASCULINO,NO,1,17
LIMA,INGENIERÍA DE SISTEMAS,MASCULINO,NO,2,19
LIMA,INGENIERÍA MECATRÓNICA,MASCULINO,NO,5,21
LIMA,INGENIERÍA CIVIL,MASCULINO,SI,1,18
LIMA,INGENIERÍA MECÁNICA,MASCULINO,NO,4,20
LIMA,ARQUITECTURA,MASCULINO,NO,1,18
LIMA,INGENIERÍA DE SISTEMAS,MASCULINO,NO,3,20
LIMA,INGENIERÍA MECATRÓNICA,FEMENINO,NO,2,18
AYACUCHO,INGENIERÍA PETROQUÍMICA,MASCULINO,NO,1,18
LIMA,INGENIERÍA ELÉCTRICA,MASCULINO,NO,2,19
LIMA,INGENIERÍA MECATRÓNICA,FEMENINO,NO,4,20
LIMA,CIENCIA DE LA COMPUTACIÓN,MASCULINO,NO,2,18
LIMA,INGENIERÍA DE SISTEMAS,MASCULINO,NO,1,17
LIMA,INGENIERÍA DE SOFTWARE,MASCULINO,SI,1,18
LIMA,INGENIERÍA GEOLÓGICA,FEMENINO,NO,3,19
LIMA,INGENIERÍA MECATRÓNICA,MASCULINO,NO,1,17
CALLAO,INGENIERÍA CIVIL,MASCULINO,NO,4,20
LIMA,INGENIERÍA INDUSTRIAL,MASCULINO,NO,1,17
LIMA,INGENIERÍA INDUSTRIAL,FEMENINO,NO,1,18
LIMA,INGENIERÍA CIVIL,MASCULINO,SI,4,21
LIMA,INGENIERÍA ELECTRÓNICA,MASCULINO,NO,5,21
LIMA,INGENIERÍA ELÉCTRICA,MASCULINO,NO,2,18
LIMA,INGENIERÍA ELECTRÓNICA,MASCULINO,NO,5,21
LIMA,INGENIERÍA INDUSTRIAL,MASCULINO,NO,3,20
LIMA,INGENIERÍA DE SISTEMAS,MASCULINO,NO,2,19
AYACUCHO,INGENIERÍA CIVIL,MASCULINO,NO,6,22
AYACUCHO,INGENIERÍA MECATRÓNICA,MASCULINO,NO,2,18
CALLAO,INGENIERÍA DE SOFTWARE,MASCULINO,NO,1,17
LIMA,INGENIERÍA MECÁNICA,MASCULINO,NO,6,22
LIMA,INGENIERÍA CIVIL,MASCULINO,NO,2,18
LIMA,INGENIERÍA SANITARIA,FEMENINO,NO,1,17
LIMA,INGENIERÍA MECATRÓNICA,MASCULINO,SI,1,18
SAN MARTIN,INGENIERÍA DE SOFTWARE,FEMENINO,NO,1,18
LIMA,INGENIERÍA ECONÓMICA,MASCULINO,SI,3,19
LIMA,INGENIERÍA ELECTRÓNICA,MASCULINO,NO,1,17
LIMA,INGENIERÍA CIVIL,MASCULINO,NO,5,22
LIMA,INGENIERÍA DE MINAS,MASCULINO,NO,2,18
PUNO,INGENIERÍA MECATRÓNICA,MASCULINO,SI,3,20
ANCASH,INGENIERÍA CIVIL,MASCULINO,NO,2,18
LIMA,INGENIERÍA QUÍMICA,MASCULINO,NO,4,21
LIMA,MATEMÁTICA,MASCULINO,NO,2,19
LIMA,ARQUITECTURA,MASCULINO,NO,4,20
LIMA,INGENIERÍA DE SISTEMAS,MASCULINO,NO,2,19
LIMA,INGENIERÍA DE SISTEMAS,MASCULINO,NO,1,17
LIMA,INGENIERÍA MECÁNICA,MASCULINO,SI,2,19
LIMA,INGENIERÍA INDUSTRIAL,MASCULINO,NO,2,19
ICA,INGENIERÍA MECATRÓNICA,MASCULINO,NO,2,19
CAJAMARCA,INGENIERÍA CIVIL,MASCULINO,NO,3,19
PUNO,INGENIERÍA ELECTRÓNICA,MASCULINO,NO,4,20
LIMA,ARQUITECTURA,MASCULINO,NO,2,18
HUANUCO,INGENIERÍA CIVIL,MASCULINO,NO,2,18
LIMA,INGENIERÍA ELÉCTRICA,MASCULINO,SI,2,19
LIMA,INGENIERÍA SANITARIA,MASCULINO,NO,3,19
LIMA,INGENIERÍA MECATRÓNICA,MASCULINO,NO,1,17
LIMA,INGENIERÍA INDUSTRIAL,MASCULINO,NO,2,19
LIMA,INGENIERÍA DE CIBERSEGURIDAD,MASCULINO,NO,1,17
LIMA,INGENIERÍA MECÁNICA,MASCULINO,NO,2,18
LIMA,INGENIERÍA CIVIL,MASCULINO,NO,1,17
LIMA,INGENIERÍA DE MINAS,MASCULINO,SI,2,18
LIMA,INGENIERÍA DE SISTEMAS,MASCULINO,NO,2,18
LIMA,INGENIERÍA DE SISTEMAS,MASCULINO,NO,2,18
LIMA,INGENIERÍA MECATRÓNICA,MASCULINO,NO,2,19
LIMA,INGENIERÍA INDUSTRIAL,MASCULINO,NO,5,21
LIMA,INGENIERÍA DE SISTEMAS,MASCULINO,NO,3,20
LIMA,INGENIERÍA DE SISTEMAS,MASCULINO,NO,2,18
LIMA,INGENIERÍA MECATRÓNICA,MASCULINO,SI,2,18
LIMA,INGENIERÍA MECÁNICA,MASCULINO,SI,3,20
AYACUCHO,INGENIERÍA CIVIL,MASCULINO,NO,2,18
ICA,INGENIERÍA INDUSTRIAL,MASCULINO,NO,1,18
LIMA,INGENIERÍA CIVIL,MASCULINO,NO,3,19
LIMA,INGENIERÍA INDUSTRIAL,MASCULINO,NO,3,19
LIMA,INGENIERÍA INDUSTRIAL,MASCULINO,NO,2,18
LIMA,INGENIERÍA SANITARIA,FEMENINO,NO,3,20
PASCO,INGENIERÍA MECATRÓNICA,MASCULINO,NO,2,18
LIMA,INGENIERÍA QUÍMICA,MASCULINO,NO,2,18
LIMA,INGENIERÍA CIVIL,MASCULINO,NO,3,19
MADRE DE DIOS,INGENIERÍA CIVIL,MASCULINO,NO,5,21
LIMA,ARQUITECTURA,FEMENINO,NO,6,23
LIMA,INGENIERÍA CIVIL,MASCULINO,NO,2,19
CALLAO,INGENIERÍA CIVIL,MASCULINO,NO,3,20
LIMA,INGENIERÍA AMBIENTAL,MASCULINO,SI,3,19
LIMA,INGENIERÍA DE TELECOMUNICACIONES,MASCULINO,NO,2,19
LIMA,INGENIERÍA QUÍMICA,MASCULINO,SI,2,18
LIMA,INGENIERÍA DE SISTEMAS,MASCULINO,NO,2,19
JUNIN,INGENIERÍA INDUSTRIAL,MASCULINO,NO,2,19
TACNA,INGENIERÍA CIVIL,MASCULINO,NO,6,22
LIMA,INGENIERÍA AMBIENTAL,MASCULINO,NO,4,20
LIMA,INGENIERÍA DE MINAS,MASCULINO,NO,2,18
LIMA,INGENIERÍA METALÚRGICA,FEMENINO,NO,2,18
LIMA,INGENIERÍA CIVIL,MASCULINO,NO,1,18
LIMA,INGENIERÍA MECATRÓNICA,FEMENINO,NO,2,18
CALLAO,INGENIERÍA MECATRÓNICA,MASCULINO,NO,3,20
LIMA,INGENIERÍA DE SISTEMAS,MASCULINO,SI,5,21
LIMA,ARQUITECTURA,FEMENINO,NO,2,18
LIMA,INGENIERÍA DE SISTEMAS,MASCULINO,NO,2,19
LIMA,INGENIERÍA MECÁNICA-ELÉCTRICA,MASCULINO,SI,2,19
LIMA,INGENIERÍA AMBIENTAL,MASCULINO,NO,5,21
LIMA,INGENIERÍA DE CIBERSEGURIDAD,MASCULINO,NO,3,19
ANCASH,INGENIERÍA DE CIBERSEGURIDAD,MASCULINO,NO,3,20
LIMA,INGENIERÍA DE TELECOMUNICACIONES,MASCULINO,NO,4,20
LIMA,INGENIERÍA ELECTRÓNICA,MASCULINO,NO,1,17
LIMA,INGENIERÍA MECATRÓNICA,MASCULINO,NO,1,18
AREQUIPA,INGENIERÍA MECATRÓNICA,MASCULINO,NO,2,19
LIMA,ARQUITECTURA,FEMENINO,NO,6,22
LIMA,INGENIERÍA DE SISTEMAS,MASCULINO,NO,2,19
LIMA,ARQUITECTURA,FEMENINO,NO,3,20
LIMA,INGENIERÍA INDUSTRIAL,MASCULINO,NO,2,18
LIMA,INGENIERÍA DE SISTEMAS,MASCULINO,NO,3,19
LIMA,ARQUITECTURA,MASCULINO,NO,5,22
LIMA,ARQUITECTURA,MASCULINO,NO,2,19
JUNIN,INGENIERÍA CIVIL,MASCULINO,NO,4,19
LIMA,INGENIERÍA ESTADÍSTICA,MASCULINO,NO,2,19
LIMA,INGENIERÍA CIVIL,FEMENINO,NO,2,18
LIMA,INGENIERÍA CIVIL,FEMENINO,NO,3,19
LIMA,INGENIERÍA AMBIENTAL,MASCULINO,NO,3,19
CALLAO,INGENIERÍA DE CIBERSEGURIDAD,MASCULINO,NO,15,32
LIMA,INGENIERÍA ECONÓMICA,MASCULINO,SI,4,21
LIMA,INGENIERÍA CIVIL,MASCULINO,NO,1,18
PUNO,INGENIERÍA MECÁNICA,MASCULINO,NO,1,17
JUNIN,INGENIERÍA DE MINAS,MASCULINO,NO,3,20
LIMA,INGENIERÍA CIVIL,MASCULINO,NO,2,18
LIMA,INGENIERÍA DE SISTEMAS,MASCULINO,NO,2,18
LIMA,INGENIERÍA DE SISTEMAS,MASCULINO,NO,2,18
LIMA,INGENIERÍA DE MINAS,MASCULINO,NO,2,19
LIMA,INGENIERÍA INDUSTRIAL,FEMENINO,NO,2,19
LIMA,ARQUITECTURA,FEMENINO,NO,2,18
LIMA,INGENIERÍA CIVIL,MASCULINO,NO,4,21
LIMA,ARQUITECTURA,MASCULINO,NO,3,20
LIMA,INGENIERÍA MECATRÓNICA,MASCULINO,NO,2,18
ICA,MATEMÁTICA,MASCULINO,SI,2,18
LIMA,INGENIERÍA CIVIL,FEMENINO,NO,2,18
LIMA,INGENIERÍA CIVIL,MASCULINO,NO,1,17
LIMA,ARQUITECTURA,FEMENINO,NO,4,20
LIMA,INGENIERÍA DE SISTEMAS,MASCULINO,NO,2,18
LIMA,INGENIERÍA ESTADÍSTICA,MASCULINO,SI,2,18
LIMA,INGENIERÍA ELECTRÓNICA,MASCULINO,SI,2,18
LIMA,INGENIERÍA MECATRÓNICA,MASCULINO,NO,1,18
LIMA,INGENIERÍA GEOLÓGICA,FEMENINO,NO,3,18
LIMA,INGENIERÍA MECÁNICA,MASCULINO,NO,3,19
LIMA,INGENIERÍA CIVIL,MASCULINO,NO,1,17
LIMA,INGENIERÍA INDUSTRIAL,MASCULINO,SI,4,20
CAJAMARCA,INGENIERÍA CIVIL,MASCULINO,SI,2,18
LIMA,INGENIERÍA NAVAL,MASCULINO,NO,1,17
SAN MARTÍN,INGENIERÍA MECATRÓNICA,FEMENINO,NO,1,17
LIMA,INGENIERÍA DE HIGIENE Y SEGURIDAD INDUSTRIAL,MASCULINO,NO,1,17
LIMA,INGENIERÍA DE HIGIENE Y SEGURIDAD INDUSTRIAL,FEMENINO,NO,3,20
CAJAMARCA,ARQUITECTURA,FEMENINO,NO,1,17
LIMA,INGENIERÍA QUÍMICA,FEMENINO,NO,3,19
LIMA,INGENIERÍA ELECTRÓNICA,MASCULINO,NO,1,17
LIMA,ARQUITECTURA,MASCULINO,NO,6,23
LIMA,INGENIERÍA CIVIL,MASCULINO,NO,1,17
LIMA,INGENIERÍA MECÁNICA-ELÉCTRICA,MASCULINO,NO,2,18
CAJAMARCA,ARQUITECTURA,MASCULINO,NO,1,17
LIMA,INGENIERÍA DE SISTEMAS,MASCULINO,NO,2,18
LIMA,INGENIERÍA MECÁNICA,FEMENINO,SI,4,20
LIMA,QUÍMICA,MASCULINO,NO,5,22
LAMBAYEQUE,INGENIERÍA CIVIL,FEMENINO,NO,2,19
SAN MARTÍN,INGENIERÍA MECATRÓNICA,MASCULINO,NO,1,17
LIMA,ARQUITECTURA,FEMENINO,NO,8,26
LIMA,INGENIERÍA MECATRÓNICA,MASCULINO,NO,1,17
LIMA,INGENIERÍA DE SISTEMAS,FEMENINO,NO,1,18
LIMA,INGENIERÍA DE TELECOMUNICACIONES,MASCULINO,NO,1,18
LIMA,INGENIERÍA DE SISTEMAS,MASCULINO,NO,1,18
LIMA,ARQUITECTURA,FEMENINO,NO,3,20
LIMA,INGENIERÍA MECATRÓNICA,MASCULINO,NO,4,20
LIMA,ARQUITECTURA,FEMENINO,NO,2,18
ÁNCASH,ARQUITECTURA,FEMENINO,NO,1,17
LIMA,INGENIERÍA DE SISTEMAS,MASCULINO,NO,2,18
LIMA,INGENIERÍA GEOLÓGICA,FEMENINO,NO,3,20
LIMA,CIENCIA DE LA COMPUTACIÓN,MASCULINO,SI,3,19
LIMA,INGENIERÍA CIVIL,MASCULINO,NO,1,17
LIMA,INGENIERÍA CIVIL,MASCULINO,NO,2,18
APURIMAC,INGENIERÍA CIVIL,MASCULINO,NO,2,18
LIMA,INGENIERÍA DE SISTEMAS,MASCULINO,NO,4,20
LIMA,INGENIERÍA ELECTRÓNICA,MASCULINO,SI,1,18
AREQUIPA,ARQUITECTURA,FEMENINO,NO,2,19
LIMA,INGENIERÍA DE SISTEMAS,MASCULINO,NO,3,19
LIMA,INGENIERÍA INDUSTRIAL,MASCULINO,NO,3,20
LIMA,INGENIERÍA MECATRÓNICA,MASCULINO,NO,1,17
LIMA,INGENIERÍA SANITARIA,MASCULINO,NO,3,19
LIMA,ARQUITECTURA,FEMENINO,NO,2,18
LIMA,INGENIERÍA CIVIL,FEMENINO,NO,2,18
LIMA,INGENIERÍA CIVIL,MASCULINO,NO,12,28
APURIMAC,INGENIERÍA CIVIL,MASCULINO,NO,2,18
LIMA,INGENIERÍA DE MINAS,MASCULINO,NO,3,19
LIMA,INGENIERÍA DE SISTEMAS,MASCULINO,NO,1,17
CALLAO,INGENIERÍA DE PETRÓLEO Y GAS NATURAL,MASCULINO,NO,4,20
LIMA,INGENIERÍA DE SISTEMAS,MASCULINO,NO,5,21
CALLAO,INGENIERÍA INDUSTRIAL,FEMENINO,NO,5,21
SAN MARTIN,INGENIERÍA DE SISTEMAS,MASCULINO,NO,3,19
LIMA,INGENIERÍA DE SISTEMAS,MASCULINO,NO,2,18
LIMA,INGENIERÍA INDUSTRIAL,FEMENINO,NO,1,17
AYACUCHO,INGENIERÍA ECONÓMICA,FEMENINO,NO,10,26
LIMA,INGENIERÍA AMBIENTAL,FEMENINO,NO,1,17
LIMA,FÍSICA,MASCULINO,SI,1,18
LIMA,ARQUITECTURA,MASCULINO,NO,2,18
LIMA,INGENIERÍA METALÚRGICA,FEMENINO,NO,1,18
LIMA,INGENIERÍA INDUSTRIAL,MASCULINO,NO,3,20
LIMA,INGENIERÍA QUÍMICA,MASCULINO,SI,1,17
LIMA,INGENIERÍA ELÉCTRICA,MASCULINO,NO,4,20
LIMA,INGENIERÍA FÍSICA,MASCULINO,SI,4,20
LIMA,INGENIERÍA CIVIL,MASCULINO,NO,2,18
PUNO,INGENIERÍA CIVIL,MASCULINO,NO,1,18
LAMBAYEQUE,INGENIERÍA DE SISTEMAS,MASCULINO,NO,1,17
LIMA,ARQUITECTURA,FEMENINO,NO,3,20
LIMA,MATEMÁTICA,MASCULINO,NO,-1,16
LIMA,INGENIERÍA DE SISTEMAS,MASCULINO,NO,2,19
LIMA,INGENIERÍA DE SISTEMAS,MASCULINO,NO,3,19
LIMA,INGENIERÍA CIVIL,MASCULINO,NO,2,19
CUSCO,INGENIERÍA CIVIL,MASCULINO,NO,2,18
ANCASH,INGENIERÍA GEOLÓGICA,MASCULINO,NO,2,18
HUANUCO,INGENIERÍA DE SISTEMAS,MASCULINO,NO,2,19
LIMA,INGENIERÍA ELECTRÓNICA,MASCULINO,NO,2,18
LIMA,INGENIERÍA INDUSTRIAL,MASCULINO,NO,3,19
LIMA,INGENIERÍA ELECTRÓNICA,MASCULINO,SI,1,17
LIMA,INGENIERÍA DE SISTEMAS,MASCULINO,NO,3,20
LIMA,INGENIERÍA CIVIL,MASCULINO,NO,1,17
JUNIN,INGENIERÍA DE SISTEMAS,MASCULINO,NO,2,18
LIMA,INGENIERÍA DE PETRÓLEO Y GAS NATURAL,MASCULINO,NO,1,18
LAMBAYEQUE,INGENIERÍA CIVIL,FEMENINO,NO,3,20
LIMA,INGENIERÍA DE SOFTWARE,MASCULINO,NO,1,17
LIMA,INGENIERÍA DE TELECOMUNICACIONES,MASCULINO,NO,1,17
CUSCO,INGENIERÍA INDUSTRIAL,MASCULINO,NO,3,19
LIMA,INGENIERÍA QUÍMICA,MASCULINO,SI,3,19
LIMA,INGENIERÍA MECÁNICA,MASCULINO,NO,1,17
LIMA,INGENIERÍA ELECTRÓNICA,FEMENINO,NO,3,19
JUNIN,INGENIERÍA ECONÓMICA,MASCULINO,SI,1,17
LIMA,INGENIERÍA CIVIL,MASCULINO,NO,4,20
LIMA,INGENIERÍA CIVIL,MASCULINO,NO,3,19
LIMA,INGENIERÍA DE SISTEMAS,MASCULINO,NO,2,18
LIMA,INGENIERÍA ELECTRÓNICA,MASCULINO,NO,1,17
LIMA,ARQUITECTURA,MASCULINO,NO,3,19
LIMA,INGENIERÍA CIVIL,MASCULINO,NO,1,17
LIMA,INGENIERÍA MECATRÓNICA,MASCULINO,NO,2,18
LIMA,INGENIERÍA MECATRÓNICA,MASCULINO,NO,1,17
LIMA,INGENIERÍA DE MINAS,FEMENINO,NO,2,18
JUNÍN,INGENIERÍA DE TELECOMUNICACIONES,MASCULINO,SI,1,17
LIMA,INGENIERÍA ELECTRÓNICA,MASCULINO,NO,2,19
CALLAO,INGENIERÍA CIVIL,MASCULINO,NO,2,18
APURÍMAC,INGENIERÍA CIVIL,MASCULINO,NO,4,21
LIMA,INGENIERÍA QUÍMICA,FEMENINO,NO,6,22
LIMA,INGENIERÍA DE SISTEMAS,MASCULINO,SI,3,19
LIMA,INGENIERÍA ELECTRÓNICA,MASCULINO,NO,1,17
LIMA,CIENCIA DE LA COMPUTACIÓN,MASCULINO,NO,2,19
LIMA,INGENIERÍA CIVIL,MASCULINO,NO,1,17
LIMA,INGENIERÍA MECATRÓNICA,MASCULINO,NO,1,17
PUNO,ARQUITECTURA,MASCULINO,NO,3,20
LIMA,INGENIERÍA GEOLÓGICA,FEMENINO,NO,3,19
LIMA,MATEMÁTICA,MASCULINO,NO,3,19
AYACUCHO,INGENIERÍA CIVIL,MASCULINO,NO,1,17
LIMA,QUÍMICA,MASCULINO,SI,3,19
PUNO,INGENIERÍA QUÍMICA,FEMENINO,NO,3,19
LIMA,INGENIERÍA DE SISTEMAS,MASCULINO,NO,2,18
JUNÍN,INGENIERÍA MECÁNICA,MASCULINO,NO,1,18
LIMA,INGENIERÍA INDUSTRIAL,MASCULINO,NO,7,24
LIMA,INGENIERÍA AMBIENTAL,MASCULINO,NO,2,19
JUNÍN,INGENIERÍA CIVIL,MASCULINO,NO,1,17
LIMA,INGENIERÍA MECATRÓNICA,MASCULINO,NO,1,18
ICA,ARQUITECTURA,FEMENINO,NO,1,17
LIMA,INGENIERÍA SANITARIA,MASCULINO,SI,3,19
LIMA,INGENIERÍA INDUSTRIAL,MASCULINO,NO,2,18
LIMA,INGENIERÍA ECONÓMICA,MASCULINO,SI,4,20
HUANUCO,INGENIERÍA CIVIL,MASCULINO,NO,3,20
LIMA,INGENIERÍA ESTADÍSTICA,MASCULINO,SI,3,20
LIMA,INGENIERÍA DE CIBERSEGURIDAD,MASCULINO,NO,9,25
LIMA,ARQUITECTURA,FEMENINO,NO,5,21
LIMA,MATEMÁTICA,MASCULINO,SI,3,20
PASCO,INGENIERÍA INDUSTRIAL,MASCULINO,NO,2,19
CALLAO,ARQUITECTURA,MASCULINO,NO,1,18
LIMA,ARQUITECTURA,FEMENINO,NO,1,17
LIMA,ARQUITECTURA,FEMENINO,NO,2,18
LIMA,INGENIERÍA SANITARIA,FEMENINO,NO,3,19
CALLAO,INGENIERÍA DE SISTEMAS,MASCULINO,NO,2,18
LIMA,INGENIERÍA DE MINAS,MASCULINO,NO,4,21
LIMA,INGENIERÍA ELECTRÓNICA,MASCULINO,NO,5,22
LIMA,ARQUITECTURA,MASCULINO,NO,1,17
LIMA,INGENIERÍA CIVIL,MASCULINO,NO,3,19
LIMA,INGENIERÍA CIVIL,MASCULINO,NO,5,21
LIMA,INGENIERÍA DE TELECOMUNICACIONES,MASCULINO,SI,10,26
PASCO,INGENIERÍA CIVIL,MASCULINO,NO,4,20
LIMA,INGENIERÍA DE SISTEMAS,MASCULINO,NO,4,21
LIMA,INGENIERÍA SANITARIA,MASCULINO,NO,3,20
LIMA,ARQUITECTURA,MASCULINO,NO,2,19
LIMA,INGENIERÍA CIVIL,MASCULINO,NO,2,18
LIMA,INGENIERÍA MECÁNICA,MASCULINO,NO,3,19
LIMA,ARQUITECTURA,FEMENINO,NO,4,20
LIMA,INGENIERÍA DE TELECOMUNICACIONES,MASCULINO,NO,5,21
CALLAO,INGENIERÍA QUÍMICA,MASCULINO,NO,2,18
LIMA,INGENIERÍA CIVIL,MASCULINO,NO,2,19
LIMA,INGENIERÍA CIVIL,MASCULINO,NO,2,18
LIMA,ARQUITECTURA,MASCULINO,NO,2,19
LIMA,INGENIERÍA CIVIL,MASCULINO,NO,5,21
LIMA,INGENIERÍA DE TELECOMUNICACIONES,MASCULINO,NO,2,19
LIMA,ARQUITECTURA,FEMENINO,NO,1,17
HUANUCO,INGENIERÍA MECATRÓNICA,MASCULINO,NO,1,17
LIMA,INGENIERÍA ECONÓMICA,MASCULINO,NO,2,18
LIMA,INGENIERÍA ELECTRÓNICA,MASCULINO,SI,2,18
LIMA,INGENIERÍA DE SISTEMAS,MASCULINO,NO,2,18
LIMA,CIENCIA DE LA COMPUTACIÓN,MASCULINO,NO,4,22
LIMA,INGENIERÍA CIVIL,MASCULINO,NO,3,20
LIMA,ARQUITECTURA,MASCULINO,NO,3,20
LIMA,INGENIERÍA ECONÓMICA,MASCULINO,NO,1,17
JUNIN,INGENIERÍA PETROQUÍMICA,MASCULINO,NO,2,18
LIMA,INGENIERÍA DE SISTEMAS,MASCULINO,NO,8,24
LIMA,CIENCIA DE LA COMPUTACIÓN,MASCULINO,SI,4,21
LIMA,INGENIERÍA DE SISTEMAS,MASCULINO,NO,3,20
ANCASH,INGENIERÍA MECÁNICA-ELÉCTRICA,MASCULINO,NO,3,19
LIMA,INGENIERÍA DE SISTEMAS,MASCULINO,NO,2,18
LIMA,INGENIERÍA MECÁNICA,MASCULINO,NO,5,22
LIMA,INGENIERÍA CIVIL,MASCULINO,NO,2,18
LIMA,INGENIERÍA DE SISTEMAS,MASCULINO,NO,2,18
LIMA,INGENIERÍA INDUSTRIAL,FEMENINO,NO,2,18
PASCO,INGENIERÍA MECATRÓNICA,MASCULINO,NO,1,17
LIMA,INGENIERÍA MECATRÓNICA,FEMENINO,NO,4,21
LIMA,INGENIERÍA DE TELECOMUNICACIONES,MASCULINO,NO,1,18
LIMA,ARQUITECTURA,FEMENINO,NO,1,17
ÁNCASH,INGENIERÍA MECÁNICA,MASCULINO,NO,3,19
CALLAO,INGENIERÍA CIVIL,MASCULINO,NO,2,19
ICA,ARQUITECTURA,MASCULINO,NO,1,17
LIMA,INGENIERÍA CIVIL,MASCULINO,NO,1,18
LIMA,INGENIERÍA ECONÓMICA,FEMENINO,NO,2,18
LIMA,INGENIERÍA CIVIL,MASCULINO,NO,1,17
CALLAO,INGENIERÍA INDUSTRIAL,MASCULINO,NO,2,18
LIMA,INGENIERÍA ELÉCTRICA,MASCULINO,NO,3,20
LIMA,INGENIERÍA CIVIL,MASCULINO,NO,1,18
LIMA,INGENIERÍA INDUSTRIAL,MASCULINO,NO,1,17
LIMA,INGENIERÍA CIVIL,MASCULINO,NO,3,19
CALLAO,INGENIERÍA DE TELECOMUNICACIONES,FEMENINO,NO,1,18
LIMA,INGENIERÍA DE SISTEMAS,MASCULINO,NO,1,17
LIMA,INGENIERÍA DE SISTEMAS,MASCULINO,NO,1,18
LIMA,INGENIERÍA CIVIL,MASCULINO,NO,2,18
LIMA,CIENCIA DE LA COMPUTACIÓN,MASCULINO,NO,5,21
ICA,INGENIERÍA CIVIL,MASCULINO,NO,3,19
LIMA,INGENIERÍA DE SISTEMAS,FEMENINO,NO,1,18
ÁNCASH,INGENIERÍA CIVIL,MASCULINO,NO,1,17
ICA,INGENIERÍA AMBIENTAL,MASCULINO,NO,1,18
LIMA,INGENIERÍA INDUSTRIAL,MASCULINO,NO,2,19
LIMA,INGENIERÍA INDUSTRIAL,FEMENINO,NO,2,19
LIMA,INGENIERÍA QUÍMICA,MASCULINO,NO,3,20
LIMA,INGENIERÍA INDUSTRIAL,MASCULINO,NO,4,21
LIMA,INGENIERÍA ELECTRÓNICA,MASCULINO,NO,2,18
LA LIBERTAD,INGENIERÍA CIVIL,MASCULINO,NO,1,18
LIMA,INGENIERÍA MECATRÓNICA,MASCULINO,NO,2,19
LIMA,INGENIERÍA CIVIL,MASCULINO,NO,3,19
LIMA,ARQUITECTURA,MASCULINO,NO,2,19
JUNIN,INGENIERÍA DE TELECOMUNICACIONES,MASCULINO,NO,2,18
LIMA,INGENIERÍA CIVIL,MASCULINO,NO,4,20
LIMA,INGENIERÍA DE SISTEMAS,FEMENINO,NO,1,17
LIMA,INGENIERÍA CIVIL,MASCULINO,SI,3,20
LIMA,INGENIERÍA CIVIL,FEMENINO,NO,1,18
LIMA,INGENIERÍA DE TELECOMUNICACIONES,MASCULINO,NO,5,21
LIMA,INGENIERÍA DE CIBERSEGURIDAD,MASCULINO,SI,7,23
JUNIN,INGENIERÍA CIVIL,FEMENINO,NO,2,19
LAMBAYEQUE,INGENIERÍA CIVIL,MASCULINO,NO,2,18
APURIMAC,INGENIERÍA CIVIL,MASCULINO,NO,1,18
LIMA,ARQUITECTURA,FEMENINO,NO,1,17
LIMA,INGENIERÍA DE HIGIENE Y SEGURIDAD INDUSTRIAL,MASCULINO,NO,1,17
CUSCO,INGENIERÍA DE SISTEMAS,MASCULINO,NO,2,18
LIMA,ARQUITECTURA,FEMENINO,NO,2,19
LIMA,INGENIERÍA CIVIL,MASCULINO,NO,1,17
LIMA,INGENIERÍA DE SOFTWARE,MASCULINO,NO,1,17
LIMA,INGENIERÍA MECATRÓNICA,FEMENINO,NO,3,19
LIMA,INGENIERÍA MECÁNICA,MASCULINO,NO,4,20
LIMA,INGENIERÍA CIVIL,MASCULINO,NO,3,19
LORETO,INGENIERÍA MECATRÓNICA,MASCULINO,NO,1,18
LIMA,INGENIERÍA DE SISTEMAS,MASCULINO,NO,2,18
LIMA,INGENIERÍA ELECTRÓNICA,MASCULINO,SI,4,20
LIMA,ARQUITECTURA,FEMENINO,NO,5,21
LIMA,INGENIERÍA DE TELECOMUNICACIONES,MASCULINO,NO,5,22
LIMA,INGENIERÍA DE SOFTWARE,MASCULINO,SI,1,18
LIMA,CIENCIA DE LA COMPUTACIÓN,MASCULINO,NO,2,18
LIMA,INGENIERÍA MECÁNICA-ELÉCTRICA,MASCULINO,NO,1,18
LIMA,CIENCIA DE LA COMPUTACIÓN,MASCULINO,SI,1,18
LIMA,INGENIERÍA DE SISTEMAS,MASCULINO,NO,4,20
LIMA,INGENIERÍA AMBIENTAL,MASCULINO,SI,1,18
LIMA,INGENIERÍA DE CIBERSEGURIDAD,MASCULINO,NO,4,21
LIMA,INGENIERÍA INDUSTRIAL,MASCULINO,NO,4,21
LIMA,INGENIERÍA DE SOFTWARE,MASCULINO,NO,2,19
LIMA,INGENIERÍA ECONÓMICA,MASCULINO,SI,3,20
JUNIN,INGENIERÍA CIVIL,MASCULINO,NO,5,21
LIMA,INGENIERÍA QUÍMICA,MASCULINO,NO,1,18
CALLAO,INGENIERÍA DE HIGIENE Y SEGURIDAD INDUSTRIAL,FEMENINO,NO,4,21
LIMA,INGENIERÍA CIVIL,FEMENINO,NO,2,19
LIMA,INGENIERÍA DE SISTEMAS,MASCULINO,SI,5,21
LIMA,INGENIERÍA QUÍMICA,MASCULINO,SI,2,18
LIMA,INGENIERÍA DE HIGIENE Y SEGURIDAD INDUSTRIAL,FEMENINO,NO,2,18
LIMA,INGENIERÍA MECÁNICA,MASCULINO,NO,2,18
LIMA,INGENIERÍA ELÉCTRICA,MASCULINO,NO,4,21
ÁNCASH,INGENIERÍA CIVIL,MASCULINO,NO,4,20
LIMA,INGENIERÍA CIVIL,MASCULINO,NO,3,19
LIMA,INGENIERÍA CIVIL,MASCULINO,NO,6,22
LIMA,INGENIERÍA DE SISTEMAS,FEMENINO,NO,2,18
CALLAO,INGENIERÍA ECONÓMICA,MASCULINO,NO,1,17
LIMA,INGENIERÍA DE SISTEMAS,MASCULINO,NO,6,21
LIMA,INGENIERÍA CIVIL,MASCULINO,NO,2,19
LIMA,INGENIERÍA DE SISTEMAS,MASCULINO,NO,1,18
CAJAMARCA,INGENIERÍA MECATRÓNICA,MASCULINO,NO,1,17
PASCO,INGENIERÍA CIVIL,FEMENINO,NO,4,20
LIMA,INGENIERÍA DE SISTEMAS,FEMENINO,NO,1,17
LIMA,INGENIERÍA DE SISTEMAS,FEMENINO,NO,3,20
LIMA,INGENIERÍA ECONÓMICA,FEMENINO,SI,5,21
LIMA,INGENIERÍA ESTADÍSTICA,FEMENINO,NO,1,17
LIMA,INGENIERÍA DE SISTEMAS,MASCULINO,NO,2,19
LIMA,INGENIERÍA INDUSTRIAL,FEMENINO,NO,2,19
LIMA,INGENIERÍA MECATRÓNICA,MASCULINO,NO,1,17
LIMA,INGENIERÍA INDUSTRIAL,FEMENINO,NO,2,18
LIMA,MATEMÁTICA,MASCULINO,SI,2,18
LIMA,INGENIERÍA DE SISTEMAS,MASCULINO,NO,1,18
LIMA,INGENIERÍA DE SISTEMAS,FEMENINO,NO,3,19
LIMA,INGENIERÍA MECATRÓNICA,MASCULINO,NO,4,20
LIMA,INGENIERÍA DE MINAS,MASCULINO,NO,1,17
LIMA,ARQUITECTURA,FEMENINO,NO,2,18
AYACUCHO,ARQUITECTURA,FEMENINO,NO,1,17
LIMA,INGENIERÍA MECATRÓNICA,FEMENINO,NO,2,19
LIMA,INGENIERÍA CIVIL,FEMENINO,NO,4,20
LIMA,INGENIERÍA DE MINAS,MASCULINO,NO,3,19
LIMA,INGENIERÍA AMBIENTAL,MASCULINO,NO,2,19
ANCASH,INGENIERÍA QUÍMICA,MASCULINO,NO,1,18
LIMA,INGENIERÍA SANITARIA,MASCULINO,SI,2,18
LIMA,ARQUITECTURA,MASCULINO,NO,3,19
ANCASH,INGENIERÍA INDUSTRIAL,MASCULINO,NO,2,19
LIMA,INGENIERÍA DE TELECOMUNICACIONES,MASCULINO,NO,4,20
LIMA,INGENIERÍA ECONÓMICA,FEMENINO,NO,1,17
ICA,INGENIERÍA DE MINAS,FEMENINO,NO,2,19
LIMA,ARQUITECTURA,FEMENINO,SI,1,17
LIMA,INGENIERÍA ECONÓMICA,FEMENINO,NO,5,22
LIMA,INGENIERÍA AMBIENTAL,FEMENINO,SI,4,21
LIMA,INGENIERÍA ESTADÍSTICA,FEMENINO,NO,-1,16
AYACUCHO,ARQUITECTURA,FEMENINO,NO,3,19
LIMA,ARQUITECTURA,MASCULINO,NO,2,19
LIMA,INGENIERÍA ELÉCTRICA,MASCULINO,NO,4,20
LIMA,INGENIERÍA DE SISTEMAS,MASCULINO,NO,2,19
LIMA,INGENIERÍA MECÁNICA,MASCULINO,NO,2,18
LIMA,INGENIERÍA DE SOFTWARE,MASCULINO,NO,2,18
HUANUCO,INGENIERÍA CIVIL,MASCULINO,NO,2,18
LIMA,ARQUITECTURA,FEMENINO,NO,3,19
LIMA,INGENIERÍA ELÉCTRICA,MASCULINO,NO,2,19
LIMA,INGENIERÍA INDUSTRIAL,MASCULINO,NO,5,22
LIMA,INGENIERÍA INDUSTRIAL,MASCULINO,NO,2,19
LIMA,INGENIERÍA MECATRÓNICA,MASCULINO,SI,1,18
LIMA,INGENIERÍA ECONÓMICA,MASCULINO,NO,3,20
LIMA,INGENIERÍA DE SOFTWARE,MASCULINO,NO,2,19
LIMA,INGENIERÍA INDUSTRIAL,FEMENINO,NO,2,18
JUNIN,INGENIERÍA ELECTRÓNICA,MASCULINO,NO,1,18
LIMA,INGENIERÍA CIVIL,MASCULINO,NO,1,17
LIMA,INGENIERÍA DE SISTEMAS,MASCULINO,SI,1,17
LIMA,INGENIERÍA DE CIBERSEGURIDAD,MASCULINO,NO,3,19
JUNIN,INGENIERÍA DE MINAS,MASCULINO,NO,1,18
LIMA,INGENIERÍA MECATRÓNICA,MASCULINO,NO,2,19
LIMA,ARQUITECTURA,FEMENINO,SI,4,20
LIMA,INGENIERÍA ESTADÍSTICA,MASCULINO,NO,2,19
AMAZONAS,INGENIERÍA CIVIL,MASCULINO,NO,4,21
LIMA,INGENIERÍA DE SISTEMAS,MASCULINO,NO,2,18
LIMA,INGENIERÍA CIVIL,MASCULINO,NO,2,18
LIMA,INGENIERÍA DE SISTEMAS,MASCULINO,NO,4,20
LIMA,INGENIERÍA DE SISTEMAS,MASCULINO,NO,3,19
LIMA,ARQUITECTURA,FEMENINO,NO,6,22
LIMA,INGENIERÍA MECATRÓNICA,MASCULINO,NO,4,21
LIMA,INGENIERÍA INDUSTRIAL,MASCULINO,NO,2,18
LIMA,INGENIERÍA PETROQUÍMICA,FEMENINO,NO,2,19
LIMA,INGENIERÍA CIVIL,MASCULINO,NO,3,21
AREQUIPA,INGENIERÍA INDUSTRIAL,MASCULINO,NO,6,21
CAJAMARCA,INGENIERÍA MECATRÓNICA,MASCULINO,NO,2,19
MOQUEGUA,INGENIERÍA ELECTRÓNICA,MASCULINO,NO,1,18
LIMA,INGENIERÍA ELÉCTRICA,MASCULINO,SI,1,18
LIMA,FÍSICA,MASCULINO,SI,2,18
LIMA,INGENIERÍA QUÍMICA,MASCULINO,SI,1,18
LIMA,INGENIERÍA DE CIBERSEGURIDAD,MASCULINO,SI,3,19
LIMA,INGENIERÍA CIVIL,MASCULINO,NO,9,25
LIMA,INGENIERÍA CIVIL,MASCULINO,NO,2,18
LIMA,INGENIERÍA ECONÓMICA,MASCULINO,SI,1,18
LIMA,INGENIERÍA DE SISTEMAS,MASCULINO,NO,3,20
LIMA,QUÍMICA,MASCULINO,SI,3,20
LIMA,INGENIERÍA CIVIL,MASCULINO,NO,3,20
LIMA,INGENIERÍA ECONÓMICA,MASCULINO,NO,2,18
LIMA,ARQUITECTURA,FEMENINO,NO,5,21
LIMA,INGENIERÍA AMBIENTAL,FEMENINO,NO,2,18
JUNIN,INGENIERÍA MECATRÓNICA,FEMENINO,NO,1,18
LIMA,INGENIERÍA MECATRÓNICA,MASCULINO,NO,2,19
LIMA,INGENIERÍA DE SISTEMAS,MASCULINO,NO,4,19
LIMA,INGENIERÍA CIVIL,MASCULINO,NO,2,18
LIMA,INGENIERÍA METALÚRGICA,MASCULINO,NO,3,19
LIMA,INGENIERÍA CIVIL,MASCULINO,SI,1,18
LIMA,INGENIERÍA DE SOFTWARE,FEMENINO,NO,2,19
LIMA,INGENIERÍA ECONÓMICA,MASCULINO,NO,3,20
LIMA,ARQUITECTURA,FEMENINO,NO,2,18
LIMA,INGENIERÍA DE SISTEMAS,MASCULINO,NO,1,18
AMAZONAS,INGENIERÍA DE MINAS,MASCULINO,NO,3,19
SAN MARTIN,INGENIERÍA AMBIENTAL,MASCULINO,NO,4,20
LIMA,INGENIERÍA INDUSTRIAL,MASCULINO,NO,2,19
LIMA,ARQUITECTURA,FEMENINO,NO,3,19
LIMA,ARQUITECTURA,FEMENINO,NO,3,19
LIMA,INGENIERÍA MECÁNICA,MASCULINO,NO,2,18
LIMA,INGENIERÍA DE SISTEMAS,MASCULINO,NO,2,19
CALLAO,ARQUITECTURA,FEMENINO,NO,6,22
LIMA,INGENIERÍA DE SISTEMAS,MASCULINO,NO,4,21
CAJAMARCA,INGENIERÍA SANITARIA,MASCULINO,NO,2,18
LIMA,ARQUITECTURA,FEMENINO,NO,2,19
LIMA,INGENIERÍA MECÁNICA,MASCULINO,NO,2,18
LIMA,INGENIERÍA MECATRÓNICA,MASCULINO,NO,5,21
LIMA,INGENIERÍA ECONÓMICA,FEMENINO,NO,3,20
LIMA,INGENIERÍA DE SISTEMAS,MASCULINO,NO,3,19
LIMA,INGENIERÍA ELÉCTRICA,MASCULINO,NO,2,18
ANCASH,INGENIERÍA SANITARIA,MASCULINO,NO,2,19
LIMA,INGENIERÍA QUÍMICA,MASCULINO,NO,2,18
LIMA,INGENIERÍA MECÁNICA,FEMENINO,SI,8,24
JUNIN,INGENIERÍA MECATRÓNICA,MASCULINO,NO,2,18
LIMA,ARQUITECTURA,FEMENINO,NO,3,20
LIMA,INGENIERÍA NAVAL,MASCULINO,NO,3,25
LIMA,INGENIERÍA DE SOFTWARE,FEMENINO,NO,3,19
LIMA,INGENIERÍA ELÉCTRICA,MASCULINO,SI,1,17
CAJAMARCA,INGENIERÍA CIVIL,MASCULINO,NO,7,22
LIMA,INGENIERÍA SANITARIA,MASCULINO,NO,1,18
LIMA,ARQUITECTURA,FEMENINO,NO,5,21
LIMA,INGENIERÍA DE SISTEMAS,MASCULINO,NO,2,18
ICA,ARQUITECTURA,FEMENINO,NO,1,17
LIMA,INGENIERÍA ESTADÍSTICA,MASCULINO,NO,5,21
LIMA,INGENIERÍA MECATRÓNICA,FEMENINO,NO,1,17
LIMA,INGENIERÍA INDUSTRIAL,FEMENINO,NO,1,17
LIMA,INGENIERÍA ELECTRÓNICA,MASCULINO,NO,2,19
LIMA,INGENIERÍA CIVIL,MASCULINO,NO,3,19
LIMA,INGENIERÍA DE TELECOMUNICACIONES,MASCULINO,NO,1,17
LIMA,INGENIERÍA ELECTRÓNICA,MASCULINO,NO,2,18
LIMA,INGENIERÍA ELÉCTRICA,MASCULINO,NO,1,17
AMAZONAS,INGENIERÍA DE MINAS,MASCULINO,NO,1,17
LIMA,CIENCIA DE LA COMPUTACIÓN,FEMENINO,NO,3,19
TACNA,INGENIERÍA INDUSTRIAL,MASCULINO,NO,1,18
LIMA,MATEMÁTICA,MASCULINO,NO,3,19
LIMA,INGENIERÍA QUÍMICA,FEMENINO,NO,2,18
LIMA,FÍSICA,FEMENINO,NO,2,18
LIMA,INGENIERÍA ELECTRÓNICA,MASCULINO,SI,3,20
LIMA,ARQUITECTURA,MASCULINO,NO,1,18
AREQUIPA,INGENIERÍA MECÁNICA,MASCULINO,NO,2,18
LIMA,INGENIERÍA ELECTRÓNICA,MASCULINO,NO,5,21
LIMA,INGENIERÍA ELÉCTRICA,MASCULINO,NO,8,24
CALLAO,INGENIERÍA CIVIL,MASCULINO,NO,1,17
ICA,INGENIERÍA ELECTRÓNICA,MASCULINO,NO,1,18
LIMA,INGENIERÍA ELECTRÓNICA,MASCULINO,NO,5,22
LIMA,INGENIERÍA ECONÓMICA,MASCULINO,SI,4,21
LIMA,INGENIERÍA MECÁNICA,MASCULINO,NO,3,19
LIMA,INGENIERÍA CIVIL,MASCULINO,NO,7,23
LIMA,INGENIERÍA CIVIL,MASCULINO,NO,3,19
LIMA,INGENIERÍA MECÁNICA,MASCULINO,NO,2,18
LAMBAYEQUE,INGENIERÍA AMBIENTAL,MASCULINO,SI,1,17
CAJAMARCA,INGENIERÍA INDUSTRIAL,MASCULINO,NO,1,18
JUNÍN,INGENIERÍA ELÉCTRICA,MASCULINO,NO,2,18
LIMA,INGENIERÍA INDUSTRIAL,MASCULINO,NO,2,18
LAMBAYEQUE,INGENIERÍA MECATRÓNICA,MASCULINO,SI,2,19
LIMA,INGENIERÍA MECATRÓNICA,MASCULINO,NO,2,18
JUNÍN,FÍSICA,MASCULINO,NO,5,20
LIMA,INGENIERÍA GEOLÓGICA,FEMENINO,NO,3,19
LIMA,INGENIERÍA CIVIL,MASCULINO,NO,2,18
LIMA,ARQUITECTURA,FEMENINO,NO,1,18
LIMA,INGENIERÍA DE SISTEMAS,MASCULINO,SI,3,19
LIMA,INGENIERÍA INDUSTRIAL,FEMENINO,NO,2,18
ÁNCASH,INGENIERÍA ELECTRÓNICA,MASCULINO,NO,3,19
LIMA,INGENIERÍA CIVIL,MASCULINO,NO,3,19
LIMA,INGENIERÍA DE SISTEMAS,MASCULINO,NO,1,18
LIMA,INGENIERÍA INDUSTRIAL,MASCULINO,NO,2,18
LIMA,INGENIERÍA QUÍMICA,FEMENINO,NO,5,22
LIMA,INGENIERÍA DE MINAS,FEMENINO,NO,1,17
LIMA,INGENIERÍA DE HIGIENE Y SEGURIDAD INDUSTRIAL,MASCULINO,NO,3,19
JUNÍN,INGENIERÍA CIVIL,MASCULINO,NO,1,17
ÁNCASH,INGENIERÍA DE SISTEMAS,MASCULINO,NO,4,21
PUNO,INGENIERÍA ECONÓMICA,MASCULINO,NO,10,26
LIMA,INGENIERÍA QUÍMICA,MASCULINO,SI,4,22
LIMA,INGENIERÍA QUÍMICA,MASCULINO,NO,1,17
LIMA,CIENCIA DE LA COMPUTACIÓN,MASCULINO,NO,2,19
LIMA,ARQUITECTURA,FEMENINO,NO,4,21
LIMA,INGENIERÍA DE SISTEMAS,MASCULINO,NO,5,22
LIMA,INGENIERÍA DE SISTEMAS,MASCULINO,NO,3,20
LIMA,INGENIERÍA INDUSTRIAL,FEMENINO,NO,2,18
LIMA,INGENIERÍA ELÉCTRICA,MASCULINO,NO,1,18
PUNO,INGENIERÍA GEOLÓGICA,MASCULINO,NO,2,19
LIMA,INGENIERÍA DE TELECOMUNICACIONES,FEMENINO,NO,3,20
JUNIN,INGENIERÍA MECÁNICA,MASCULINO,NO,2,18
LIMA,ARQUITECTURA,FEMENINO,NO,6,22
LIMA,INGENIERÍA INDUSTRIAL,MASCULINO,SI,4,20
LIMA,INGENIERÍA QUÍMICA,FEMENINO,SI,2,18
LIMA,INGENIERÍA MECÁNICA-ELÉCTRICA,MASCULINO,NO,-1,16
ANCASH,INGENIERÍA INDUSTRIAL,MASCULINO,NO,2,18
LIMA,ARQUITECTURA,MASCULINO,NO,2,19
CALLAO,INGENIERÍA MECATRÓNICA,MASCULINO,NO,3,19
LIMA,INGENIERÍA MECÁNICA,MASCULINO,NO,3,19
APURÍMAC,INGENIERÍA AMBIENTAL,FEMENINO,NO,1,17
APURÍMAC,INGENIERÍA CIVIL,MASCULINO,NO,2,18
LIMA,INGENIERÍA QUÍMICA,MASCULINO,SI,1,17
LIMA,INGENIERÍA INDUSTRIAL,MASCULINO,SI,3,19
LIMA,INGENIERÍA DE MINAS,FEMENINO,NO,4,20
LIMA,INGENIERÍA INDUSTRIAL,FEMENINO,NO,1,17
LIMA,INGENIERÍA DE MINAS,MASCULINO,NO,4,20
PASCO,INGENIERÍA MECATRÓNICA,MASCULINO,NO,1,18
LIMA,INGENIERÍA CIVIL,FEMENINO,NO,2,18
CALLAO,INGENIERÍA MECATRÓNICA,MASCULINO,NO,1,18
LIMA,INGENIERÍA MECATRÓNICA,MASCULINO,NO,4,20
LIMA,INGENIERÍA QUÍMICA,FEMENINO,SI,4,20
LIMA,ARQUITECTURA,MASCULINO,NO,6,23
CALLAO,ARQUITECTURA,MASCULINO,NO,4,20
SAN MARTÍN,INGENIERÍA ECONÓMICA,MASCULINO,NO,4,20
LIMA,INGENIERÍA INDUSTRIAL,FEMENINO,NO,1,18
LIMA,INGENIERÍA DE SISTEMAS,MASCULINO,NO,4,20
LIMA,INGENIERÍA GEOLÓGICA,MASCULINO,NO,4,20
LIMA,INGENIERÍA MECÁNICA,MASCULINO,NO,4,21
LIMA,INGENIERÍA CIVIL,MASCULINO,NO,2,18
ICA,INGENIERÍA CIVIL,MASCULINO,NO,4,21
LIMA,ARQUITECTURA,FEMENINO,NO,4,20
HUÁNUCO,INGENIERÍA INDUSTRIAL,MASCULINO,NO,1,18
LIMA,ARQUITECTURA,FEMENINO,NO,1,18
LIMA,INGENIERÍA INDUSTRIAL,MASCULINO,NO,2,18
LIMA,INGENIERÍA DE SISTEMAS,MASCULINO,NO,1,18
LIMA,CIENCIA DE LA COMPUTACIÓN,MASCULINO,NO,4,21
LIMA,INGENIERÍA CIVIL,MASCULINO,NO,1,17
LIMA,INGENIERÍA DE TELECOMUNICACIONES,FEMENINO,SI,2,18
LIMA,INGENIERÍA CIVIL,MASCULINO,NO,3,20
LIMA,INGENIERÍA CIVIL,MASCULINO,NO,1,18
LIMA,INGENIERÍA CIVIL,MASCULINO,NO,1,18
LIMA,INGENIERÍA DE TELECOMUNICACIONES,MASCULINO,SI,6,22
LIMA,INGENIERÍA CIVIL,MASCULINO,NO,1,18
LIMA,INGENIERÍA INDUSTRIAL,MASCULINO,NO,2,18
HUÁNUCO,INGENIERÍA CIVIL,MASCULINO,NO,2,19
CALLAO,INGENIERÍA DE SISTEMAS,MASCULINO,NO,1,17
AMAZONAS,INGENIERÍA CIVIL,MASCULINO,NO,2,19
LIMA,INGENIERÍA ELECTRÓNICA,MASCULINO,NO,1,17
LIMA,ARQUITECTURA,FEMENINO,NO,3,19
LIMA,INGENIERÍA QUÍMICA,MASCULINO,NO,4,22
LIMA,INGENIERÍA MECÁNICA,MASCULINO,NO,2,18
CALLAO,INGENIERÍA ELECTRÓNICA,MASCULINO,NO,2,18
LIMA,INGENIERÍA DE SISTEMAS,MASCULINO,NO,3,19
LIMA,ARQUITECTURA,FEMENINO,NO,1,17
CALLAO,CIENCIA DE LA COMPUTACIÓN,MASCULINO,NO,3,19
LIMA,ARQUITECTURA,FEMENINO,NO,5,21
LIMA,INGENIERÍA DE SISTEMAS,MASCULINO,NO,2,18
LIMA,INGENIERÍA AMBIENTAL,MASCULINO,NO,2,18
LIMA,INGENIERÍA MECATRÓNICA,MASCULINO,SI,1,18
LIMA,INGENIERÍA CIVIL,FEMENINO,NO,2,20
SAN MARTIN,INGENIERÍA MECATRÓNICA,MASCULINO,SI,2,18
LIMA,INGENIERÍA ELECTRÓNICA,MASCULINO,SI,2,18
LIMA,INGENIERÍA QUÍMICA,FEMENINO,NO,3,20
LIMA,INGENIERÍA MECATRÓNICA,MASCULINO,NO,3,20
ANCASH,INGENIERÍA AMBIENTAL,FEMENINO,NO,3,20
LIMA,INGENIERÍA ECONÓMICA,MASCULINO,NO,2,19
LIMA,INGENIERÍA ECONÓMICA,MASCULINO,NO,2,18
AYACUCHO,INGENIERÍA ELÉCTRICA,MASCULINO,NO,5,21
ICA,INGENIERÍA ELECTRÓNICA,MASCULINO,NO,9,25
LIMA,INGENIERÍA ECONÓMICA,MASCULINO,NO,2,19
JUNÍN,INGENIERÍA INDUSTRIAL,FEMENINO,NO,2,19
LIMA,INGENIERÍA ECONÓMICA,FEMENINO,NO,3,19
LIMA,INGENIERÍA PETROQUÍMICA,FEMENINO,SI,2,19
LIMA,ARQUITECTURA,MASCULINO,NO,2,18
LIMA,INGENIERÍA QUÍMICA,MASCULINO,NO,5,21
LIMA,INGENIERÍA CIVIL,MASCULINO,NO,5,21
ICA,INGENIERÍA MECATRÓNICA,MASCULINO,NO,1,17
AYACUCHO,INGENIERÍA CIVIL,MASCULINO,NO,3,20
LIMA,INGENIERÍA MECATRÓNICA,FEMENINO,NO,4,20
LIMA,INGENIERÍA MECATRÓNICA,MASCULINO,NO,1,17
LIMA,INGENIERÍA MECATRÓNICA,FEMENINO,NO,2,18
LIMA,INGENIERÍA DE TELECOMUNICACIONES,MASCULINO,NO,4,20
LAMBAYEQUE,FÍSICA,MASCULINO,SI,2,18
LIMA,INGENIERÍA ELECTRÓNICA,MASCULINO,NO,6,23
LIMA,INGENIERÍA MECÁNICA,MASCULINO,NO,4,20
LIMA,ARQUITECTURA,FEMENINO,NO,2,18
LIMA,INGENIERÍA DE MINAS,FEMENINO,NO,1,18
LIMA,INGENIERÍA CIVIL,MASCULINO,NO,4,20
LIMA,INGENIERÍA ECONÓMICA,MASCULINO,SI,3,19
LIMA,INGENIERÍA QUÍMICA,MASCULINO,SI,9,26
LIMA,INGENIERÍA DE SISTEMAS,MASCULINO,NO,2,18
LIMA,INGENIERÍA ELÉCTRICA,MASCULINO,NO,3,19
LIMA,ARQUITECTURA,MASCULINO,NO,1,17
LIMA,INGENIERÍA DE HIGIENE Y SEGURIDAD INDUSTRIAL,MASCULINO,NO,5,20
LIMA,QUÍMICA,FEMENINO,SI,3,19
LIMA,INGENIERÍA DE SISTEMAS,FEMENINO,NO,2,18
LIMA,INGENIERÍA CIVIL,MASCULINO,NO,2,18
LIMA,INGENIERÍA MECATRÓNICA,MASCULINO,NO,1,17
LIMA,INGENIERÍA DE SISTEMAS,MASCULINO,NO,2,19
JUNÍN,INGENIERÍA INDUSTRIAL,MASCULINO,NO,2,18
LIMA,INGENIERÍA MECATRÓNICA,MASCULINO,NO,3,19
LIMA,ARQUITECTURA,FEMENINO,NO,1,17
LIMA,ARQUITECTURA,MASCULINO,SI,1,18
LIMA,INGENIERÍA INDUSTRIAL,MASCULINO,NO,2,18
LIMA,INGENIERÍA DE SISTEMAS,MASCULINO,NO,8,24
LIMA,INGENIERÍA MECÁNICA-ELÉCTRICA,MASCULINO,NO,2,18
LIMA,INGENIERÍA MECATRÓNICA,MASCULINO,NO,2,19
ÁNCASH,INGENIERÍA INDUSTRIAL,MASCULINO,NO,3,19
JUNÍN,INGENIERÍA DE SISTEMAS,MASCULINO,NO,2,18
LIMA,INGENIERÍA DE TELECOMUNICACIONES,MASCULINO,NO,1,18
LAMBAYEQUE,INGENIERÍA MECATRÓNICA,MASCULINO,SI,1,17
LIMA,INGENIERÍA CIVIL,MASCULINO,NO,4,20
LIMA,CIENCIA DE LA COMPUTACIÓN,MASCULINO,NO,7,24
LIMA,INGENIERÍA ESTADÍSTICA,FEMENINO,NO,5,21
LIMA,INGENIERÍA MECATRÓNICA,MASCULINO,NO,21,38
LIMA,INGENIERÍA ECONÓMICA,MASCULINO,NO,4,20
LIMA,INGENIERÍA QUÍMICA,MASCULINO,NO,2,19
CALLAO,MATEMÁTICA,MASCULINO,SI,2,19
CAJAMARCA,INGENIERÍA MECATRÓNICA,MASCULINO,NO,1,17
LIMA,INGENIERÍA DE MINAS,MASCULINO,NO,2,18
LIMA,FÍSICA,MASCULINO,NO,14,31
LIMA,INGENIERÍA DE TELECOMUNICACIONES,MASCULINO,NO,2,18
TACNA,INGENIERÍA MECATRÓNICA,FEMENINO,NO,1,17
LIMA,INGENIERÍA CIVIL,MASCULINO,NO,2,18
LIMA,INGENIERÍA MECATRÓNICA,MASCULINO,NO,6,22
LIMA,INGENIERÍA DE TELECOMUNICACIONES,MASCULINO,NO,2,18
LIMA,CIENCIA DE LA COMPUTACIÓN,MASCULINO,NO,1,18
LIMA,ARQUITECTURA,FEMENINO,NO,2,18
LIMA,ARQUITECTURA,MASCULINO,NO,5,21
LIMA,INGENIERÍA DE SISTEMAS,MASCULINO,NO,1,18
LIMA,ARQUITECTURA,FEMENINO,NO,2,18
HUANCAVELICA,INGENIERÍA DE SISTEMAS,MASCULINO,NO,2,18
LIMA,INGENIERÍA CIVIL,MASCULINO,NO,6,23
UCAYALI,INGENIERÍA CIVIL,MASCULINO,NO,2,19
LIMA,INGENIERÍA INDUSTRIAL,MASCULINO,NO,2,18
LIMA,INGENIERÍA DE SISTEMAS,FEMENINO,NO,3,20
LIMA,INGENIERÍA CIVIL,MASCULINO,NO,3,19
LIMA,INGENIERÍA GEOLÓGICA,FEMENINO,SI,6,22
LIMA,INGENIERÍA NAVAL,MASCULINO,NO,2,18
HUANUCO,INGENIERÍA QUÍMICA,MASCULINO,NO,2,18
LIMA,INGENIERÍA ESTADÍSTICA,MASCULINO,SI,4,20
LIMA,INGENIERÍA ELECTRÓNICA,MASCULINO,SI,2,18
LIMA,ARQUITECTURA,FEMENINO,NO,1,18
LIMA,INGENIERÍA QUÍMICA,MASCULINO,NO,2,18
LIMA,INGENIERÍA INDUSTRIAL,MASCULINO,NO,5,21
LIMA,INGENIERÍA MECATRÓNICA,MASCULINO,NO,2,19
LIMA,INGENIERÍA INDUSTRIAL,MASCULINO,NO,2,19
APURIMAC,INGENIERÍA MECÁNICA,FEMENINO,NO,2,18
ICA,INGENIERÍA MECATRÓNICA,MASCULINO,NO,5,22
LIMA,INGENIERÍA DE SISTEMAS,MASCULINO,NO,3,19
LIMA,INGENIERÍA DE TELECOMUNICACIONES,MASCULINO,NO,4,21
LIMA,ARQUITECTURA,MASCULINO,NO,3,20
APURIMAC,INGENIERÍA CIVIL,MASCULINO,NO,1,17
LIMA,INGENIERÍA MECÁNICA-ELÉCTRICA,MASCULINO,SI,3,19
LIMA,ARQUITECTURA,FEMENINO,NO,3,20
LIMA,INGENIERÍA DE SISTEMAS,MASCULINO,NO,3,19
LIMA,INGENIERÍA CIVIL,MASCULINO,NO,3,20
LIMA,INGENIERÍA CIVIL,MASCULINO,NO,2,18
LIMA,INGENIERÍA DE SISTEMAS,MASCULINO,NO,5,21
LIMA,INGENIERÍA DE SISTEMAS,MASCULINO,NO,1,19
LIMA,INGENIERÍA INDUSTRIAL,MASCULINO,NO,3,20
LIMA,INGENIERÍA DE SISTEMAS,FEMENINO,NO,2,18
LIMA,INGENIERÍA GEOLÓGICA,FEMENINO,SI,3,19
LIMA,INGENIERÍA INDUSTRIAL,MASCULINO,NO,3,19
LIMA,INGENIERÍA DE SISTEMAS,MASCULINO,NO,2,18
LIMA,INGENIERÍA CIVIL,MASCULINO,NO,3,20
LIMA,INGENIERÍA CIVIL,MASCULINO,NO,2,18
LIMA,INGENIERÍA CIVIL,MASCULINO,NO,2,19
LIMA,INGENIERÍA CIVIL,MASCULINO,NO,3,20
LIMA,INGENIERÍA DE MINAS,MASCULINO,NO,3,20
CALLAO,ARQUITECTURA,MASCULINO,SI,5,21
LIMA,INGENIERÍA CIVIL,MASCULINO,NO,3,19
JUNIN,CIENCIA DE LA COMPUTACIÓN,FEMENINO,NO,3,19
PUNO,INGENIERÍA DE SISTEMAS,MASCULINO,NO,2,19
LIMA,INGENIERÍA QUÍMICA,FEMENINO,NO,1,17
LIMA,INGENIERÍA MECÁNICA,MASCULINO,SI,3,19
LIMA,INGENIERÍA ESTADÍSTICA,FEMENINO,SI,2,18
LIMA,ARQUITECTURA,MASCULINO,NO,4,20
LIMA,INGENIERÍA DE SISTEMAS,MASCULINO,NO,2,19
LIMA,INGENIERÍA DE SISTEMAS,FEMENINO,NO,2,18
LIMA,INGENIERÍA QUÍMICA,MASCULINO,NO,3,19
LIMA,INGENIERÍA CIVIL,MASCULINO,NO,1,17
LIMA,INGENIERÍA CIVIL,MASCULINO,NO,3,20
LIMA,INGENIERÍA DE CIBERSEGURIDAD,MASCULINO,NO,3,19
LIMA,INGENIERÍA ELÉCTRICA,MASCULINO,NO,6,22
LIMA,ARQUITECTURA,FEMENINO,NO,2,19
CALLAO,INGENIERÍA MECATRÓNICA,MASCULINO,NO,2,18
ICA,INGENIERÍA QUÍMICA,FEMENINO,NO,2,18
CAJAMARCA,INGENIERÍA MECATRÓNICA,MASCULINO,NO,3,20
LIMA,INGENIERÍA DE SISTEMAS,MASCULINO,NO,3,20
LIMA,INGENIERÍA INDUSTRIAL,MASCULINO,NO,3,20
LIMA,INGENIERÍA DE SISTEMAS,MASCULINO,NO,1,18
LIMA,INGENIERÍA ELECTRÓNICA,MASCULINO,NO,2,19
LIMA,INGENIERÍA MECÁNICA,MASCULINO,SI,1,17
LIMA,INGENIERÍA ELECTRÓNICA,MASCULINO,NO,3,18
CALLAO,INGENIERÍA ECONÓMICA,MASCULINO,NO,2,19
LIMA,INGENIERÍA CIVIL,FEMENINO,NO,2,18
JUNÍN,INGENIERÍA QUÍMICA,FEMENINO,NO,1,18
LIMA,INGENIERÍA ECONÓMICA,MASCULINO,NO,2,18
ÁNCASH,INGENIERÍA CIVIL,MASCULINO,NO,2,18
LIMA,INGENIERÍA INDUSTRIAL,FEMENINO,NO,1,17
APURÍMAC,INGENIERÍA DE MINAS,MASCULINO,SI,3,19
LIMA,INGENIERÍA INDUSTRIAL,FEMENINO,NO,3,19
LIMA,INGENIERÍA MECÁNICA,MASCULINO,NO,2,18
JUNÍN,INGENIERÍA ELECTRÓNICA,MASCULINO,NO,7,23
LIMA,INGENIERÍA METALÚRGICA,MASCULINO,SI,4,20
CUSCO,ARQUITECTURA,MASCULINO,NO,3,20
LIMA,INGENIERÍA CIVIL,MASCULINO,SI,2,18
LIMA,INGENIERÍA DE SISTEMAS,MASCULINO,NO,2,18
LIMA,INGENIERÍA INDUSTRIAL,MASCULINO,SI,3,19
LIMA,INGENIERÍA DE SISTEMAS,MASCULINO,NO,3,19
LIMA,INGENIERÍA SANITARIA,MASCULINO,SI,3,19
LIMA,MATEMÁTICA,MASCULINO,NO,1,17
LIMA,ARQUITECTURA,FEMENINO,SI,1,17
LIMA,INGENIERÍA INDUSTRIAL,MASCULINO,NO,3,19
LIMA,INGENIERÍA CIVIL,FEMENINO,NO,1,18
LIMA,INGENIERÍA CIVIL,MASCULINO,SI,4,20
CALLAO,FÍSICA,MASCULINO,SI,2,19
LIMA,FÍSICA,FEMENINO,SI,4,21
LIMA,INGENIERÍA CIVIL,FEMENINO,NO,2,18
CALLAO,INGENIERÍA DE SISTEMAS,MASCULINO,NO,1,17
LIMA,INGENIERÍA CIVIL,MASCULINO,NO,5,21
LIMA,INGENIERÍA CIVIL,FEMENINO,NO,5,21
LIMA,INGENIERÍA MECÁNICA,MASCULINO,NO,2,18
LIMA,INGENIERÍA AMBIENTAL,FEMENINO,NO,3,19
LIMA,INGENIERÍA CIVIL,MASCULINO,NO,8,25
LIMA,INGENIERÍA DE SISTEMAS,MASCULINO,NO,2,19
LIMA,INGENIERÍA CIVIL,MASCULINO,NO,2,18
CALLAO,INGENIERÍA MECATRÓNICA,MASCULINO,NO,2,18
LIMA,INGENIERÍA DE TELECOMUNICACIONES,MASCULINO,NO,5,21
LIMA,INGENIERÍA DE SISTEMAS,MASCULINO,NO,2,19
LIMA,INGENIERÍA INDUSTRIAL,FEMENINO,NO,3,20
LIMA,INGENIERÍA INDUSTRIAL,MASCULINO,NO,2,18
LIMA,INGENIERÍA DE CIBERSEGURIDAD,MASCULINO,SI,2,18
LIMA,INGENIERÍA DE SISTEMAS,MASCULINO,NO,2,19
LIMA,INGENIERÍA DE SISTEMAS,MASCULINO,NO,1,18
LIMA,INGENIERÍA DE MINAS,FEMENINO,NO,2,19
LIMA,CIENCIA DE LA COMPUTACIÓN,MASCULINO,SI,5,20
LIMA,INGENIERÍA DE MINAS,MASCULINO,NO,1,18
LIMA,INGENIERÍA DE SISTEMAS,FEMENINO,NO,4,20
LIMA,ARQUITECTURA,MASCULINO,NO,1,17
LIMA,INGENIERÍA MECÁNICA,MASCULINO,NO,2,18
LIMA,INGENIERÍA DE MINAS,MASCULINO,NO,3,20
APURIMAC,INGENIERÍA DE SISTEMAS,MASCULINO,NO,5,21
LIMA,INGENIERÍA DE SISTEMAS,MASCULINO,NO,2,18
LIMA,INGENIERÍA DE SISTEMAS,MASCULINO,NO,5,21
LORETO,INGENIERÍA ELECTRÓNICA,MASCULINO,NO,3,20
LIMA,INGENIERÍA MECATRÓNICA,MASCULINO,NO,1,17
LIMA,INGENIERÍA GEOLÓGICA,MASCULINO,NO,1,17
LIMA,INGENIERÍA ELÉCTRICA,MASCULINO,NO,4,23
LIMA,INGENIERÍA DE MINAS,MASCULINO,NO,2,18
LIMA,INGENIERÍA INDUSTRIAL,MASCULINO,NO,1,18
CALLAO,INGENIERÍA DE SISTEMAS,MASCULINO,NO,6,22
LIMA,INGENIERÍA CIVIL,MASCULINO,NO,4,20
LIMA,INGENIERÍA INDUSTRIAL,FEMENINO,NO,4,21
CALLAO,INGENIERÍA ELECTRÓNICA,MASCULINO,NO,4,21
JUNIN,INGENIERÍA INDUSTRIAL,MASCULINO,NO,2,19
LIMA,INGENIERÍA DE SISTEMAS,MASCULINO,NO,2,19
LIMA,INGENIERÍA MECATRÓNICA,MASCULINO,NO,2,19
CUSCO,INGENIERÍA AMBIENTAL,FEMENINO,NO,2,18
LIMA,INGENIERÍA CIVIL,FEMENINO,NO,2,18
LIMA,ARQUITECTURA,MASCULINO,NO,2,18
LIMA,INGENIERÍA MECATRÓNICA,MASCULINO,NO,7,23
LIMA,INGENIERÍA MECÁNICA-ELÉCTRICA,MASCULINO,NO,2,19
LIMA,INGENIERÍA MECATRÓNICA,MASCULINO,NO,1,17
LIMA,INGENIERÍA MECATRÓNICA,MASCULINO,NO,1,18
LIMA,INGENIERÍA DE SISTEMAS,MASCULINO,NO,1,17
PASCO,INGENIERÍA PETROQUÍMICA,MASCULINO,NO,1,17
LIMA,INGENIERÍA MECATRÓNICA,MASCULINO,NO,3,20
LIMA,INGENIERÍA DE SISTEMAS,MASCULINO,NO,2,19
LIMA,INGENIERÍA CIVIL,MASCULINO,SI,3,20
LIMA,INGENIERÍA INDUSTRIAL,MASCULINO,NO,3,19
LIMA,INGENIERÍA ELÉCTRICA,MASCULINO,NO,3,20
LIMA,INGENIERÍA MECÁNICA,MASCULINO,NO,4,20
LIMA,INGENIERÍA DE SISTEMAS,MASCULINO,NO,2,18
CALLAO,INGENIERÍA FÍSICA,MASCULINO,NO,1,17
JUNÍN,INGENIERÍA METALÚRGICA,MASCULINO,NO,1,17
LIMA,ARQUITECTURA,FEMENINO,SI,6,22
LIMA,INGENIERÍA MECÁNICA-ELÉCTRICA,MASCULINO,NO,3,19
LIMA,INGENIERÍA AMBIENTAL,MASCULINO,SI,1,18
LIMA,INGENIERÍA SANITARIA,MASCULINO,SI,5,21
LIMA,INGENIERÍA CIVIL,MASCULINO,NO,4,20
LIMA,INGENIERÍA DE SISTEMAS,MASCULINO,NO,5,22
LIMA,INGENIERÍA MECATRÓNICA,MASCULINO,NO,1,18
CALLAO,INGENIERÍA CIVIL,FEMENINO,NO,5,22
LIMA,INGENIERÍA INDUSTRIAL,MASCULINO,NO,2,18
CALLAO,INGENIERÍA CIVIL,MASCULINO,NO,2,18
LIMA,INGENIERÍA DE SISTEMAS,MASCULINO,NO,1,17
LIMA,INGENIERÍA DE SISTEMAS,FEMENINO,SI,1,18
LIMA,INGENIERÍA CIVIL,MASCULINO,NO,3,20
ICA,INGENIERÍA GEOLÓGICA,MASCULINO,NO,3,19
LIMA,INGENIERÍA AMBIENTAL,FEMENINO,NO,8,24
LIMA,INGENIERÍA DE PETRÓLEO Y GAS NATURAL,MASCULINO,NO,1,19
LIMA,ARQUITECTURA,FEMENINO,NO,2,18
LIMA,INGENIERÍA DE SISTEMAS,MASCULINO,SI,3,19
LIMA,ARQUITECTURA,MASCULINO,NO,1,18
LIMA,INGENIERÍA DE SISTEMAS,MASCULINO,NO,0,16
LIMA,INGENIERÍA DE SISTEMAS,MASCULINO,NO,1,18
LIMA,CIENCIA DE LA COMPUTACIÓN,MASCULINO,NO,3,19
LIMA,CIENCIA DE LA COMPUTACIÓN,MASCULINO,NO,4,20
JUNÍN,INGENIERÍA GEOLÓGICA,MASCULINO,NO,4,20
LIMA,INGENIERÍA DE SISTEMAS,MASCULINO,NO,4,20
LIMA,INGENIERÍA CIVIL,MASCULINO,NO,1,17
LIMA,INGENIERÍA MECÁNICA,MASCULINO,SI,5,27
LIMA,INGENIERÍA CIVIL,MASCULINO,NO,2,18
LIMA,INGENIERÍA AMBIENTAL,FEMENINO,NO,4,20
LIMA,INGENIERÍA MECÁNICA,MASCULINO,NO,4,20
AYACUCHO,INGENIERÍA MECATRÓNICA,MASCULINO,NO,2,18
ANCASH,INGENIERÍA DE SISTEMAS,MASCULINO,NO,4,20
LIMA,INGENIERÍA DE MINAS,MASCULINO,NO,1,17
PASCO,INGENIERÍA MECATRÓNICA,MASCULINO,NO,1,17
LIMA,INGENIERÍA MECATRÓNICA,MASCULINO,NO,1,17
LIMA,CIENCIA DE LA COMPUTACIÓN,FEMENINO,NO,1,17
LIMA,CIENCIA DE LA COMPUTACIÓN,MASCULINO,SI,4,21
LIMA,INGENIERÍA CIVIL,MASCULINO,NO,2,18
LIMA,INGENIERÍA CIVIL,FEMENINO,NO,1,17
LIMA,INGENIERÍA CIVIL,MASCULINO,NO,4,21
LIMA,INGENIERÍA DE SISTEMAS,MASCULINO,NO,5,22
LIMA,INGENIERÍA MECATRÓNICA,MASCULINO,NO,1,17
LIMA,INGENIERÍA DE SISTEMAS,MASCULINO,NO,2,19
LIMA,INGENIERÍA MECATRÓNICA,MASCULINO,NO,3,20
LIMA,INGENIERÍA DE SISTEMAS,MASCULINO,NO,1,18
LIMA,INGENIERÍA DE SISTEMAS,MASCULINO,NO,3,19
LIMA,INGENIERÍA MECATRÓNICA,MASCULINO,SI,4,20
LIMA,INGENIERÍA GEOLÓGICA,MASCULINO,SI,3,19
LIMA,INGENIERÍA DE SISTEMAS,MASCULINO,NO,3,20
ÁNCASH,INGENIERÍA CIVIL,MASCULINO,NO,2,19
AMAZONAS,INGENIERÍA MECÁNICA,MASCULINO,NO,2,18
LIMA,INGENIERÍA DE SISTEMAS,MASCULINO,NO,2,19
LIMA,INGENIERÍA CIVIL,MASCULINO,SI,3,20
LIMA,INGENIERÍA INDUSTRIAL,MASCULINO,NO,3,19
MADRE DE DIOS,INGENIERÍA MECÁNICA,MASCULINO,NO,1,18
LIMA,CIENCIA DE LA COMPUTACIÓN,MASCULINO,NO,2,18
LIMA,INGENIERÍA CIVIL,MASCULINO,NO,11,27
LIMA,ARQUITECTURA,MASCULINO,NO,2,18
CALLAO,INGENIERÍA CIVIL,MASCULINO,NO,1,18
LIMA,INGENIERÍA CIVIL,MASCULINO,NO,1,18
LIMA,INGENIERÍA CIVIL,MASCULINO,NO,1,18
LIMA,INGENIERÍA CIVIL,FEMENINO,NO,2,18
LIMA,INGENIERÍA ELECTRÓNICA,MASCULINO,NO,1,17
CALLAO,INGENIERÍA MECATRÓNICA,MASCULINO,NO,4,20
LIMA,INGENIERÍA DE SISTEMAS,MASCULINO,NO,0,17
LIMA,ARQUITECTURA,FEMENINO,NO,1,18
LIMA,ARQUITECTURA,FEMENINO,NO,2,18
LIMA,INGENIERÍA ECONÓMICA,MASCULINO,SI,2,18
LIMA,INGENIERÍA CIVIL,MASCULINO,NO,4,21
LIMA,INGENIERÍA DE SISTEMAS,MASCULINO,NO,1,18
CALLAO,INGENIERÍA ELECTRÓNICA,MASCULINO,NO,2,18
LIMA,INGENIERÍA AMBIENTAL,FEMENINO,NO,1,18
LIMA,ARQUITECTURA,FEMENINO,NO,2,18
CALLAO,INGENIERÍA DE SISTEMAS,MASCULINO,NO,2,18
CAJAMARCA,INGENIERÍA CIVIL,MASCULINO,NO,2,18
LIMA,INGENIERÍA SANITARIA,FEMENINO,NO,1,18
LIMA,INGENIERÍA DE SISTEMAS,MASCULINO,NO,1,18
ICA,INGENIERÍA CIVIL,MASCULINO,NO,1,17
LIMA,INGENIERÍA FÍSICA,MASCULINO,SI,1,17
LIMA,INGENIERÍA DE SISTEMAS,MASCULINO,NO,1,17
LIMA,INGENIERÍA CIVIL,MASCULINO,NO,2,19
AMAZONAS,ARQUITECTURA,MASCULINO,SI,4,20
CALLAO,INGENIERÍA CIVIL,MASCULINO,NO,1,18
LIMA,INGENIERÍA MECÁNICA,MASCULINO,NO,1,18
LIMA,INGENIERÍA CIVIL,MASCULINO,NO,1,17
LIMA,INGENIERÍA MECATRÓNICA,MASCULINO,NO,5,20
LIMA,INGENIERÍA INDUSTRIAL,MASCULINO,NO,3,19
LIMA,INGENIERÍA INDUSTRIAL,MASCULINO,NO,2,18
CAJAMARCA,INGENIERÍA CIVIL,MASCULINO,NO,3,20
ICA,INGENIERÍA MECATRÓNICA,MASCULINO,NO,1,18
LIMA,INGENIERÍA INDUSTRIAL,MASCULINO,NO,2,18
LIMA,INGENIERÍA QUÍMICA,MASCULINO,NO,6,22
LIMA,INGENIERÍA CIVIL,MASCULINO,NO,1,18
CALLAO,INGENIERÍA AMBIENTAL,MASCULINO,SI,3,19
LIMA,INGENIERÍA ECONÓMICA,MASCULINO,NO,6,23
LIMA,INGENIERÍA INDUSTRIAL,MASCULINO,NO,4,20
AYACUCHO,INGENIERÍA MECATRÓNICA,MASCULINO,NO,3,19
LIMA,ARQUITECTURA,FEMENINO,NO,2,18
LIMA,ARQUITECTURA,FEMENINO,NO,1,17
LIMA,ARQUITECTURA,FEMENINO,NO,1,18
PASCO,INGENIERÍA QUÍMICA,FEMENINO,NO,1,18
LIMA,INGENIERÍA CIVIL,MASCULINO,NO,8,24
LIMA,INGENIERÍA CIVIL,MASCULINO,NO,4,21
LIMA,INGENIERÍA MECÁNICA,MASCULINO,NO,3,19
LIMA,INGENIERÍA CIVIL,MASCULINO,NO,3,19
LIMA,INGENIERÍA CIVIL,MASCULINO,NO,3,19
LIMA,INGENIERÍA DE SISTEMAS,MASCULINO,NO,1,18
LIMA,INGENIERÍA ELECTRÓNICA,MASCULINO,NO,2,19
LIMA,INGENIERÍA DE SISTEMAS,MASCULINO,NO,3,19
LIMA,INGENIERÍA MECÁNICA,MASCULINO,NO,1,18
HUÁNUCO,CIENCIA DE LA COMPUTACIÓN,MASCULINO,NO,7,23
CALLAO,INGENIERÍA INDUSTRIAL,FEMENINO,NO,3,19
LIMA,INGENIERÍA MECÁNICA-ELÉCTRICA,MASCULINO,SI,5,22
LIMA,INGENIERÍA MECÁNICA,MASCULINO,NO,3,18
LIMA,INGENIERÍA MECATRÓNICA,MASCULINO,NO,6,23
LIMA,INGENIERÍA CIVIL,MASCULINO,NO,4,20
LIMA,INGENIERÍA CIVIL,MASCULINO,NO,3,19
LIMA,INGENIERÍA AMBIENTAL,FEMENINO,NO,3,20
APURÍMAC,INGENIERÍA DE SISTEMAS,MASCULINO,NO,1,18
LIMA,INGENIERÍA CIVIL,MASCULINO,NO,1,17
CAJAMARCA,INGENIERÍA CIVIL,MASCULINO,SI,5,21
LIMA,INGENIERÍA ECONÓMICA,MASCULINO,NO,1,17
LIMA,INGENIERÍA MECATRÓNICA,MASCULINO,NO,2,19
LIMA,INGENIERÍA CIVIL,MASCULINO,NO,3,19
CALLAO,CIENCIA DE LA COMPUTACIÓN,MASCULINO,NO,2,19
LIMA,INGENIERÍA CIVIL,MASCULINO,SI,1,17
LIMA,INGENIERÍA MECÁNICA,MASCULINO,NO,2,18
LIMA,INGENIERÍA INDUSTRIAL,FEMENINO,NO,4,20
LIMA,INGENIERÍA ESTADÍSTICA,MASCULINO,NO,1,18
LIMA,INGENIERÍA MECATRÓNICA,FEMENINO,NO,3,20
LIMA,INGENIERÍA INDUSTRIAL,MASCULINO,NO,1,18
LIMA,ARQUITECTURA,MASCULINO,NO,1,17
LIMA,INGENIERÍA DE SISTEMAS,FEMENINO,NO,3,19
LIMA,INGENIERÍA DE SISTEMAS,MASCULINO,NO,4,20
LIMA,INGENIERÍA MECATRÓNICA,MASCULINO,SI,3,19
LIMA,INGENIERÍA DE SISTEMAS,MASCULINO,SI,3,19
LIMA,INGENIERÍA MECÁNICA-ELÉCTRICA,MASCULINO,NO,5,21
LIMA,INGENIERÍA CIVIL,MASCULINO,NO,2,18
LIMA,INGENIERÍA DE SOFTWARE,MASCULINO,NO,1,17
LIMA,ARQUITECTURA,MASCULINO,NO,1,18
LIMA,ARQUITECTURA,FEMENINO,NO,1,17
LIMA,INGENIERÍA ELECTRÓNICA,MASCULINO,NO,3,20
LIMA,INGENIERÍA MECÁNICA,MASCULINO,NO,1,17
LIMA,INGENIERÍA INDUSTRIAL,FEMENINO,NO,3,19
LIMA,INGENIERÍA DE SISTEMAS,FEMENINO,NO,2,19
ÁNCASH,FÍSICA,MASCULINO,NO,4,21
LIMA,ARQUITECTURA,MASCULINO,NO,2,18
LIMA,INGENIERÍA CIVIL,MASCULINO,SI,7,23
LIMA,INGENIERÍA DE SISTEMAS,MASCULINO,NO,1,17
LIMA,INGENIERÍA MECÁNICA,MASCULINO,SI,1,17
LIMA,INGENIERÍA INDUSTRIAL,FEMENINO,NO,5,22
LIMA,INGENIERÍA QUÍMICA,MASCULINO,SI,9,26
CALLAO,INGENIERÍA ESTADÍSTICA,MASCULINO,NO,1,17
LIMA,ARQUITECTURA,MASCULINO,NO,4,20
LIMA,ARQUITECTURA,FEMENINO,NO,3,19
AREQUIPA,FÍSICA,FEMENINO,SI,2,18
CALLAO,ARQUITECTURA,FEMENINO,NO,6,22
LIMA,INGENIERÍA CIVIL,MASCULINO,NO,2,18
ICA,INGENIERÍA AMBIENTAL,MASCULINO,SI,2,18
APURÍMAC,INGENIERÍA INDUSTRIAL,MASCULINO,NO,2,18
LIMA,ARQUITECTURA,MASCULINO,NO,4,20
CALLAO,INGENIERÍA MECATRÓNICA,MASCULINO,NO,2,19
CAJAMARCA,INGENIERÍA MECATRÓNICA,MASCULINO,NO,2,19
LIMA,INGENIERÍA ELÉCTRICA,MASCULINO,NO,2,18
CALLAO,ARQUITECTURA,FEMENINO,SI,1,18
LIMA,INGENIERÍA CIVIL,MASCULINO,NO,5,22
LIMA,INGENIERÍA ECONÓMICA,FEMENINO,NO,3,20
LIMA,INGENIERÍA MECATRÓNICA,MASCULINO,NO,1,18
LIMA,INGENIERÍA QUÍMICA,MASCULINO,NO,5,22
LIMA,INGENIERÍA CIVIL,MASCULINO,SI,5,21
LIMA,INGENIERÍA DE SISTEMAS,MASCULINO,NO,2,18
LAMBAYEQUE,INGENIERÍA DE SOFTWARE,MASCULINO,NO,3,20
ICA,INGENIERÍA DE SISTEMAS,MASCULINO,NO,6,23
LIMA,INGENIERÍA MECATRÓNICA,FEMENINO,NO,1,17
LIMA,INGENIERÍA ESTADÍSTICA,MASCULINO,NO,2,18
LIMA,INGENIERÍA DE SISTEMAS,MASCULINO,NO,1,19
LIMA,INGENIERÍA MECATRÓNICA,MASCULINO,NO,1,18
LIMA,INGENIERÍA DE SISTEMAS,MASCULINO,NO,3,20
AYACUCHO,INGENIERÍA DE MINAS,MASCULINO,NO,3,19
AREQUIPA,INGENIERÍA ECONÓMICA,FEMENINO,NO,1,18
LIMA,INGENIERÍA DE SISTEMAS,FEMENINO,NO,1,18
LIMA,INGENIERÍA GEOLÓGICA,MASCULINO,NO,0,17
CALLAO,INGENIERÍA MECATRÓNICA,MASCULINO,NO,7,23
LIMA,INGENIERÍA DE TELECOMUNICACIONES,MASCULINO,SI,3,19
LIMA,INGENIERÍA NAVAL,MASCULINO,NO,5,21
LIMA,INGENIERÍA CIVIL,FEMENINO,NO,3,19
LIMA,INGENIERÍA CIVIL,FEMENINO,NO,1,18
LIMA,QUÍMICA,MASCULINO,NO,2,18
SAN MARTIN,ARQUITECTURA,MASCULINO,NO,2,21
LIMA,INGENIERÍA QUÍMICA,MASCULINO,NO,1,18
LIMA,INGENIERÍA DE TELECOMUNICACIONES,MASCULINO,NO,3,19
AYACUCHO,ARQUITECTURA,MASCULINO,NO,1,18
LIMA,ARQUITECTURA,MASCULINO,NO,2,18
ANCASH,INGENIERÍA INDUSTRIAL,MASCULINO,NO,1,17
LIMA,INGENIERÍA FÍSICA,FEMENINO,NO,0,18
LIMA,INGENIERÍA CIVIL,MASCULINO,NO,4,21
LIMA,INGENIERÍA INDUSTRIAL,MASCULINO,NO,1,18
LIMA,INGENIERÍA DE SISTEMAS,MASCULINO,NO,1,17
ANCASH,ARQUITECTURA,MASCULINO,NO,2,18
PUNO,INGENIERÍA CIVIL,FEMENINO,NO,3,19
JUNIN,INGENIERÍA DE MINAS,MASCULINO,SI,4,19
LIMA,MATEMÁTICA,MASCULINO,NO,6,26
LIMA,INGENIERÍA MECATRÓNICA,MASCULINO,NO,2,18
LIMA,ARQUITECTURA,MASCULINO,NO,7,23
LIMA,INGENIERÍA CIVIL,MASCULINO,NO,1,17
LIMA,INGENIERÍA MECÁNICA,MASCULINO,NO,1,17
LIMA,INGENIERÍA GEOLÓGICA,MASCULINO,NO,2,18
LIMA,INGENIERÍA DE TELECOMUNICACIONES,MASCULINO,NO,11,27
LIMA,INGENIERÍA ECONÓMICA,FEMENINO,NO,1,18
LIMA,ARQUITECTURA,FEMENINO,NO,1,18
LIMA,INGENIERÍA DE TELECOMUNICACIONES,MASCULINO,NO,2,18
LIMA,INGENIERÍA CIVIL,MASCULINO,NO,2,18
LIMA,INGENIERÍA DE SISTEMAS,MASCULINO,NO,1,17
CALLAO,INGENIERÍA INDUSTRIAL,FEMENINO,NO,2,18
LIMA,INGENIERÍA INDUSTRIAL,FEMENINO,NO,2,19
LIMA,INGENIERÍA AMBIENTAL,FEMENINO,NO,1,18
ÁNCASH,INGENIERÍA QUÍMICA,FEMENINO,NO,2,18
LIMA,INGENIERÍA ELECTRÓNICA,MASCULINO,NO,10,26
LAMBAYEQUE,INGENIERÍA CIVIL,MASCULINO,NO,2,19
PUNO,INGENIERÍA ECONÓMICA,MASCULINO,NO,4,20
LIMA,INGENIERÍA DE SISTEMAS,MASCULINO,NO,4,19
LIMA,INGENIERÍA ELECTRÓNICA,MASCULINO,NO,3,19
LIMA,INGENIERÍA DE SISTEMAS,MASCULINO,NO,4,20
LIMA,INGENIERÍA DE SISTEMAS,MASCULINO,NO,3,19
LIMA,INGENIERÍA CIVIL,FEMENINO,NO,2,19
HUANCAVELICA,INGENIERÍA ELECTRÓNICA,MASCULINO,NO,4,20
LIMA,CIENCIA DE LA COMPUTACIÓN,MASCULINO,NO,4,20
LIMA,INGENIERÍA CIVIL,FEMENINO,NO,1,17
LIMA,INGENIERÍA INDUSTRIAL,MASCULINO,NO,2,18
CALLAO,INGENIERÍA MECATRÓNICA,MASCULINO,SI,5,21
LIMA,INGENIERÍA DE TELECOMUNICACIONES,MASCULINO,NO,2,18
LIMA,ARQUITECTURA,MASCULINO,NO,3,19
LIMA,INGENIERÍA CIVIL,MASCULINO,NO,1,17
LIMA,INGENIERÍA DE SISTEMAS,MASCULINO,NO,1,17
LIMA,ARQUITECTURA,MASCULINO,SI,3,18
LIMA,INGENIERÍA INDUSTRIAL,FEMENINO,NO,2,18
JUNÍN,INGENIERÍA DE SISTEMAS,FEMENINO,NO,2,18
CUSCO,INGENIERÍA ELECTRÓNICA,MASCULINO,NO,1,19
LIMA,INGENIERÍA DE SISTEMAS,MASCULINO,NO,2,18
JUNÍN,INGENIERÍA MECÁNICA-ELÉCTRICA,MASCULINO,NO,8,25
LIMA,INGENIERÍA DE SISTEMAS,MASCULINO,NO,1,17
LIMA,INGENIERÍA CIVIL,MASCULINO,NO,1,18
LIMA,INGENIERÍA ELÉCTRICA,MASCULINO,NO,3,19
JUNÍN,ARQUITECTURA,FEMENINO,NO,2,18
LIMA,INGENIERÍA MECATRÓNICA,MASCULINO,NO,2,18
LIMA,INGENIERÍA MECATRÓNICA,MASCULINO,NO,3,19
LIMA,ARQUITECTURA,FEMENINO,NO,2,18
LIMA,ARQUITECTURA,MASCULINO,NO,4,20
LIMA,INGENIERÍA MECATRÓNICA,FEMENINO,NO,2,18
LIMA,INGENIERÍA ELECTRÓNICA,MASCULINO,NO,2,19
MADRE DE DIOS,INGENIERÍA MECATRÓNICA,MASCULINO,NO,2,19
AREQUIPA,INGENIERÍA DE SOFTWARE,MASCULINO,NO,2,18
LIMA,INGENIERÍA DE SISTEMAS,MASCULINO,NO,3,19
LIMA,INGENIERÍA CIVIL,MASCULINO,NO,2,18
ANCASH,INGENIERÍA MECÁNICA,MASCULINO,NO,4,20
LIMA,INGENIERÍA MECATRÓNICA,MASCULINO,SI,3,20
LIMA,INGENIERÍA DE SISTEMAS,MASCULINO,NO,1,18
LIMA,INGENIERÍA ECONÓMICA,MASCULINO,NO,2,19
LIMA,ARQUITECTURA,FEMENINO,NO,1,17
LIMA,INGENIERÍA ECONÓMICA,FEMENINO,SI,2,18
LIMA,INGENIERÍA CIVIL,MASCULINO,SI,2,19
LIMA,INGENIERÍA CIVIL,MASCULINO,NO,2,19
LIMA,INGENIERÍA DE SISTEMAS,MASCULINO,SI,2,18
LIMA,INGENIERÍA MECATRÓNICA,MASCULINO,SI,3,19
LIMA,INGENIERÍA AMBIENTAL,FEMENINO,SI,3,19
LIMA,INGENIERÍA INDUSTRIAL,MASCULINO,SI,1,18
LIMA,INGENIERÍA NAVAL,MASCULINO,NO,1,17
LIMA,INGENIERÍA DE SISTEMAS,MASCULINO,NO,4,20
LIMA,INGENIERÍA DE SISTEMAS,MASCULINO,NO,1,17
LIMA,INGENIERÍA MECATRÓNICA,MASCULINO,NO,2,19
LIMA,FÍSICA,MASCULINO,NO,1,17
LIMA,INGENIERÍA MECATRÓNICA,MASCULINO,NO,3,19
LIMA,INGENIERÍA INDUSTRIAL,MASCULINO,NO,3,19
LIMA,INGENIERÍA INDUSTRIAL,MASCULINO,NO,2,18
LIMA,INGENIERÍA DE SISTEMAS,MASCULINO,NO,2,19
LIMA,ARQUITECTURA,FEMENINO,NO,1,18
LIMA,INGENIERÍA AMBIENTAL,MASCULINO,NO,1,18
LIMA,INGENIERÍA ECONÓMICA,MASCULINO,NO,2,18
HUANUCO,INGENIERÍA MECATRÓNICA,MASCULINO,NO,9,25
LIMA,INGENIERÍA ESTADÍSTICA,MASCULINO,SI,2,19
LIMA,INGENIERÍA MECATRÓNICA,FEMENINO,NO,5,22
JUNIN,INGENIERÍA SANITARIA,FEMENINO,SI,1,18
HUANUCO,INGENIERÍA DE CIBERSEGURIDAD,MASCULINO,SI,4,20
LIMA,INGENIERÍA ECONÓMICA,MASCULINO,NO,2,18
LIMA,INGENIERÍA CIVIL,MASCULINO,NO,4,20
LIMA,INGENIERÍA ESTADÍSTICA,MASCULINO,SI,4,21
LIMA,INGENIERÍA MECATRÓNICA,MASCULINO,SI,1,17
CAJAMARCA,INGENIERÍA DE SOFTWARE,MASCULINO,NO,1,17
LA LIBERTAD,INGENIERÍA CIVIL,MASCULINO,NO,1,17
LIMA,INGENIERÍA ECONÓMICA,FEMENINO,NO,3,19
LIMA,INGENIERÍA ESTADÍSTICA,FEMENINO,NO,2,19
LIMA,INGENIERÍA CIVIL,MASCULINO,NO,2,19
LIMA,INGENIERÍA PETROQUÍMICA,MASCULINO,NO,6,22
LIMA,INGENIERÍA CIVIL,MASCULINO,NO,4,20
LIMA,INGENIERÍA CIVIL,MASCULINO,NO,6,23
LIMA,INGENIERÍA ECONÓMICA,FEMENINO,NO,3,19
CAJAMARCA,INGENIERÍA DE MINAS,MASCULINO,NO,1,17
LIMA,INGENIERÍA DE MINAS,MASCULINO,SI,1,17
LIMA,INGENIERÍA ESTADÍSTICA,MASCULINO,SI,3,20
LIMA,INGENIERÍA DE SOFTWARE,MASCULINO,NO,2,18
LIMA,INGENIERÍA ELECTRÓNICA,MASCULINO,NO,4,23
CALLAO,INGENIERÍA DE MINAS,FEMENINO,NO,4,20
LIMA,INGENIERÍA METALÚRGICA,MASCULINO,NO,2,19
LIMA,INGENIERÍA ELECTRÓNICA,MASCULINO,NO,7,23
LIMA,ARQUITECTURA,FEMENINO,NO,2,18
LIMA,INGENIERÍA DE SOFTWARE,MASCULINO,NO,2,19
LIMA,INGENIERÍA SANITARIA,MASCULINO,NO,3,19
LIMA,INGENIERÍA TEXTIL,MASCULINO,NO,4,22
LIMA,INGENIERÍA DE SISTEMAS,MASCULINO,NO,3,19
LIMA,INGENIERÍA DE TELECOMUNICACIONES,MASCULINO,NO,2,19
LIMA,INGENIERÍA CIVIL,MASCULINO,NO,1,17
LIMA,INGENIERÍA DE SISTEMAS,MASCULINO,NO,3,20
LIMA,INGENIERÍA DE SISTEMAS,MASCULINO,NO,2,19
LIMA,ARQUITECTURA,MASCULINO,NO,2,18
PASCO,INGENIERÍA MECATRÓNICA,MASCULINO,NO,2,18
LIMA,INGENIERÍA CIVIL,MASCULINO,NO,3,20
LIMA,INGENIERÍA CIVIL,MASCULINO,NO,1,17
LIMA,INGENIERÍA ECONÓMICA,MASCULINO,SI,2,18
LIMA,INGENIERÍA INDUSTRIAL,MASCULINO,NO,2,18
LIMA,INGENIERÍA ECONÓMICA,MASCULINO,SI,3,19
LIMA,INGENIERÍA DE SISTEMAS,MASCULINO,NO,3,20
LIMA,ARQUITECTURA,FEMENINO,NO,3,20
LIMA,INGENIERÍA CIVIL,MASCULINO,NO,1,17
LIMA,INGENIERÍA DE CIBERSEGURIDAD,MASCULINO,NO,3,20
LIMA,ARQUITECTURA,MASCULINO,NO,3,19
LIMA,INGENIERÍA QUÍMICA,MASCULINO,NO,6,22
LIMA,INGENIERÍA INDUSTRIAL,FEMENINO,NO,3,19
LIMA,INGENIERÍA ECONÓMICA,MASCULINO,NO,2,19
LIMA,INGENIERÍA MECATRÓNICA,FEMENINO,NO,3,20
LIMA,INGENIERÍA CIVIL,FEMENINO,SI,2,18
LIMA,INGENIERÍA INDUSTRIAL,MASCULINO,NO,4,20
LIMA,INGENIERÍA CIVIL,MASCULINO,NO,2,18
LIMA,ARQUITECTURA,FEMENINO,NO,2,19
LIMA,INGENIERÍA ECONÓMICA,FEMENINO,NO,3,20
LIMA,INGENIERÍA CIVIL,MASCULINO,NO,3,20
LIMA,INGENIERÍA MECÁNICA,MASCULINO,NO,1,17
LIMA,INGENIERÍA DE SISTEMAS,MASCULINO,NO,1,18
LIMA,ARQUITECTURA,FEMENINO,NO,3,20
LIMA,INGENIERÍA DE MINAS,MASCULINO,NO,2,19
LIMA,INGENIERÍA MECÁNICA-ELÉCTRICA,MASCULINO,SI,5,22
LIMA,INGENIERÍA DE SISTEMAS,MASCULINO,NO,2,18
LIMA,INGENIERÍA INDUSTRIAL,MASCULINO,SI,2,20
JUNIN,INGENIERÍA CIVIL,MASCULINO,NO,2,19
LIMA,INGENIERÍA DE SISTEMAS,MASCULINO,NO,2,18
LIMA,INGENIERÍA MECÁNICA,MASCULINO,NO,3,19
LIMA,INGENIERÍA INDUSTRIAL,MASCULINO,NO,2,19
LIMA,INGENIERÍA ECONÓMICA,FEMENINO,NO,5,21
LIMA,INGENIERÍA FÍSICA,MASCULINO,SI,4,21
LIMA,MATEMÁTICA,MASCULINO,NO,9,25
LIMA,INGENIERÍA CIVIL,MASCULINO,NO,4,20
LIMA,QUÍMICA,FEMENINO,NO,4,20
LIMA,INGENIERÍA GEOLÓGICA,MASCULINO,NO,3,19
LIMA,INGENIERÍA AMBIENTAL,FEMENINO,NO,3,20
LIMA,INGENIERÍA DE SISTEMAS,MASCULINO,NO,2,18
JUNÍN,INGENIERÍA MECATRÓNICA,MASCULINO,NO,3,19
LIMA,INGENIERÍA MECATRÓNICA,MASCULINO,NO,1,18
LIMA,INGENIERÍA INDUSTRIAL,MASCULINO,NO,2,18
JUNÍN,INGENIERÍA CIVIL,MASCULINO,NO,1,17
ICA,INGENIERÍA CIVIL,MASCULINO,NO,4,20
LIMA,INGENIERÍA DE SISTEMAS,MASCULINO,NO,1,17
LIMA,ARQUITECTURA,FEMENINO,NO,4,20
LIMA,INGENIERÍA DE SISTEMAS,MASCULINO,NO,1,18
CUSCO,INGENIERÍA MECATRÓNICA,MASCULINO,NO,3,19
LIMA,INGENIERÍA DE SISTEMAS,MASCULINO,NO,2,18
AYACUCHO,INGENIERÍA DE SISTEMAS,MASCULINO,NO,2,19
PUNO,INGENIERÍA CIVIL,MASCULINO,NO,1,17
LIMA,INGENIERÍA CIVIL,FEMENINO,NO,3,19
LIMA,INGENIERÍA MECÁNICA,MASCULINO,NO,2,18
LIMA,INGENIERÍA DE SISTEMAS,MASCULINO,NO,2,19
ICA,INGENIERÍA ECONÓMICA,MASCULINO,SI,4,21
UCAYALI,INGENIERÍA CIVIL,MASCULINO,NO,4,20
LIMA,INGENIERÍA DE SISTEMAS,MASCULINO,NO,1,18
LIMA,CIENCIA DE LA COMPUTACIÓN,MASCULINO,NO,3,19
AYACUCHO,INGENIERÍA DE MINAS,FEMENINO,NO,2,18
LIMA,INGENIERÍA INDUSTRIAL,FEMENINO,NO,1,17
LIMA,INGENIERÍA MECÁNICA,MASCULINO,NO,3,19
LIMA,INGENIERÍA DE SISTEMAS,MASCULINO,NO,2,18
LIMA,INGENIERÍA CIVIL,MASCULINO,NO,3,20
LIMA,INGENIERÍA ECONÓMICA,MASCULINO,NO,1,17
JUNIN,INGENIERÍA DE SISTEMAS,MASCULINO,NO,1,18
LIMA,INGENIERÍA CIVIL,MASCULINO,NO,1,17
LIMA,FÍSICA,MASCULINO,NO,1,17
LIMA,INGENIERÍA MECÁNICA-ELÉCTRICA,MASCULINO,SI,5,21
JUNIN,INGENIERÍA MECATRÓNICA,MASCULINO,NO,1,18
LIMA,ARQUITECTURA,FEMENINO,NO,1,17
LIMA,FÍSICA,MASCULINO,NO,3,21
LIMA,INGENIERÍA METALÚRGICA,MASCULINO,NO,5,21
CALLAO,INGENIERÍA CIVIL,FEMENINO,NO,2,19
ANCASH,INGENIERÍA ELÉCTRICA,MASCULINO,NO,4,21
LIMA,INGENIERÍA CIVIL,MASCULINO,NO,4,21
LIMA,INGENIERÍA CIVIL,MASCULINO,NO,4,20
LIMA,INGENIERÍA DE SISTEMAS,MASCULINO,NO,2,18
LIMA,ARQUITECTURA,MASCULINO,NO,4,20
ANCASH,INGENIERÍA QUÍMICA,MASCULINO,SI,1,17
LIMA,INGENIERÍA DE SISTEMAS,MASCULINO,NO,1,18
LIMA,INGENIERÍA DE SISTEMAS,MASCULINO,NO,1,17
LIMA,INGENIERÍA DE SISTEMAS,MASCULINO,NO,2,18
LIMA,INGENIERÍA CIVIL,FEMENINO,NO,10,27
LIMA,ARQUITECTURA,FEMENINO,NO,4,20
LIMA,INGENIERÍA ECONÓMICA,MASCULINO,NO,3,19
LIMA,INGENIERÍA CIVIL,MASCULINO,NO,2,19
HUANCAVELICA,INGENIERÍA PETROQUÍMICA,FEMENINO,NO,1,17
LIMA,INGENIERÍA DE SISTEMAS,MASCULINO,NO,3,20
LIMA,CIENCIA DE LA COMPUTACIÓN,MASCULINO,NO,3,19
LIMA,INGENIERÍA DE SISTEMAS,MASCULINO,NO,2,18
LIMA,INGENIERÍA DE SISTEMAS,MASCULINO,NO,2,18
AMAZONAS,INGENIERÍA CIVIL,MASCULINO,NO,3,20
ANCASH,INGENIERÍA DE MINAS,MASCULINO,SI,2,18
LIMA,INGENIERÍA MECATRÓNICA,MASCULINO,NO,2,18
LIMA,INGENIERÍA CIVIL,MASCULINO,NO,2,18
TACNA,INGENIERÍA CIVIL,MASCULINO,NO,3,19
LIMA,INGENIERÍA DE SISTEMAS,MASCULINO,SI,3,19
LIMA,ARQUITECTURA,FEMENINO,NO,2,18
LIMA,INGENIERÍA INDUSTRIAL,FEMENINO,NO,2,19
LIMA,CIENCIA DE LA COMPUTACIÓN,MASCULINO,NO,4,21
LIMA,INGENIERÍA MECÁNICA,MASCULINO,NO,3,21
LIMA,INGENIERÍA MECÁNICA,MASCULINO,NO,3,19
LIMA,INGENIERÍA INDUSTRIAL,FEMENINO,NO,3,19
LIMA,INGENIERÍA MECATRÓNICA,MASCULINO,NO,2,19
LIMA,INGENIERÍA ECONÓMICA,MASCULINO,NO,1,17
JUNÍN,INGENIERÍA CIVIL,MASCULINO,SI,1,17
LIMA,INGENIERÍA DE SISTEMAS,MASCULINO,NO,1,17
CALLAO,INGENIERÍA CIVIL,FEMENINO,NO,1,18
LIMA,INGENIERÍA CIVIL,MASCULINO,SI,4,21
LIMA,INGENIERÍA QUÍMICA,MASCULINO,NO,2,19
PUNO,INGENIERÍA CIVIL,MASCULINO,NO,1,17
LIMA,INGENIERÍA QUÍMICA,MASCULINO,NO,2,18
LIMA,INGENIERÍA DE SISTEMAS,MASCULINO,NO,1,18
LIMA,INGENIERÍA DE SISTEMAS,MASCULINO,NO,1,18
LIMA,INGENIERÍA MECÁNICA,MASCULINO,NO,8,25
AYACUCHO,INGENIERÍA MECATRÓNICA,MASCULINO,NO,1,17
CALLAO,INGENIERÍA CIVIL,MASCULINO,NO,2,18
LIMA,FÍSICA,MASCULINO,NO,2,20
LIMA,INGENIERÍA DE TELECOMUNICACIONES,MASCULINO,NO,2,19
AYACUCHO,ARQUITECTURA,FEMENINO,NO,3,19
LIMA,INGENIERÍA DE TELECOMUNICACIONES,MASCULINO,NO,4,20
LIMA,INGENIERÍA CIVIL,MASCULINO,NO,2,18
LIMA,ARQUITECTURA,FEMENINO,NO,2,18
LIMA,INGENIERÍA DE SISTEMAS,FEMENINO,NO,1,17
CAJAMARCA,INGENIERÍA CIVIL,MASCULINO,NO,9,26
LIMA,INGENIERÍA ELECTRÓNICA,MASCULINO,NO,4,20
LIMA,INGENIERÍA CIVIL,MASCULINO,SI,7,23
LIMA,INGENIERÍA CIVIL,MASCULINO,NO,2,19
LIMA,INGENIERÍA INDUSTRIAL,MASCULINO,NO,5,21
LIMA,INGENIERÍA CIVIL,MASCULINO,NO,1,17
LIMA,INGENIERÍA NAVAL,MASCULINO,NO,1,17
LIMA,INGENIERÍA DE SISTEMAS,MASCULINO,NO,2,18
AYACUCHO,INGENIERÍA CIVIL,FEMENINO,NO,2,18
LIMA,INGENIERÍA INDUSTRIAL,MASCULINO,NO,1,18
LIMA,INGENIERÍA MECÁNICA,MASCULINO,NO,6,23
LIMA,INGENIERÍA MECÁNICA-ELÉCTRICA,MASCULINO,NO,7,23
LORETO,INGENIERÍA CIVIL,FEMENINO,NO,2,21
LIMA,ARQUITECTURA,MASCULINO,NO,1,17
HUANCAVELICA,INGENIERÍA MECATRÓNICA,MASCULINO,NO,2,19
LIMA,ARQUITECTURA,FEMENINO,NO,2,18
CALLAO,INGENIERÍA DE CIBERSEGURIDAD,MASCULINO,NO,5,21
LIMA,INGENIERÍA MECATRÓNICA,MASCULINO,NO,3,19
LIMA,INGENIERÍA DE MINAS,MASCULINO,NO,3,20
LIMA,INGENIERÍA DE SISTEMAS,MASCULINO,NO,2,18
HUANUCO,INGENIERÍA DE SISTEMAS,FEMENINO,NO,2,18
HUANUCO,INGENIERÍA QUÍMICA,MASCULINO,NO,15,32
LIMA,INGENIERÍA DE SISTEMAS,MASCULINO,NO,3,20
ANCASH,ARQUITECTURA,MASCULINO,NO,1,17
LIMA,INGENIERÍA MECÁNICA,MASCULINO,SI,3,19
HUANUCO,INGENIERÍA QUÍMICA,MASCULINO,NO,4,21
LIMA,INGENIERÍA METALÚRGICA,MASCULINO,NO,4,19
LIMA,INGENIERÍA FÍSICA,MASCULINO,SI,4,21
JUNIN,INGENIERÍA AMBIENTAL,MASCULINO,SI,2,18
LIMA,INGENIERÍA INDUSTRIAL,MASCULINO,SI,1,18
LIMA,INGENIERÍA CIVIL,MASCULINO,NO,1,17
MOQUEGUA,INGENIERÍA MECATRÓNICA,MASCULINO,NO,1,18
LIMA,INGENIERÍA DE TELECOMUNICACIONES,MASCULINO,NO,2,18
LIMA,INGENIERÍA ESTADÍSTICA,MASCULINO,NO,2,19
LIMA,INGENIERÍA CIVIL,MASCULINO,NO,4,21
LIMA,INGENIERÍA MECATRÓNICA,MASCULINO,NO,1,17
LIMA,INGENIERÍA CIVIL,MASCULINO,NO,2,19
LIMA,ARQUITECTURA,FEMENINO,NO,2,18
LIMA,INGENIERÍA INDUSTRIAL,FEMENINO,NO,1,18
ANCASH,ARQUITECTURA,MASCULINO,NO,5,21
LIMA,INGENIERÍA DE MINAS,FEMENINO,SI,3,19
LIMA,INGENIERÍA CIVIL,FEMENINO,NO,3,19
LIMA,INGENIERÍA MECATRÓNICA,MASCULINO,NO,3,19
LIMA,INGENIERÍA PETROQUÍMICA,MASCULINO,NO,2,19
LIMA,INGENIERÍA INDUSTRIAL,MASCULINO,NO,1,18
LIMA,ARQUITECTURA,FEMENINO,NO,2,18
ANCASH,INGENIERÍA QUÍMICA,FEMENINO,NO,28,48
LIMA,INGENIERÍA CIVIL,MASCULINO,NO,1,17
LIMA,INGENIERÍA ELECTRÓNICA,MASCULINO,SI,1,17
JUNIN,INGENIERÍA MECÁNICA,MASCULINO,NO,13,29
LIMA,INGENIERÍA CIVIL,MASCULINO,NO,3,20
LIMA,INGENIERÍA NAVAL,FEMENINO,NO,4,20
LAMBAYEQUE,INGENIERÍA CIVIL,MASCULINO,NO,3,20
LIMA,INGENIERÍA ECONÓMICA,MASCULINO,NO,2,18
HUANCAVELICA,INGENIERÍA MECÁNICA,FEMENINO,NO,1,17
LIMA,INGENIERÍA AMBIENTAL,FEMENINO,SI,1,18
LIMA,INGENIERÍA DE SISTEMAS,MASCULINO,SI,1,17
LIMA,INGENIERÍA CIVIL,MASCULINO,SI,3,20
AYACUCHO,INGENIERÍA CIVIL,MASCULINO,NO,1,18
LIMA,INGENIERÍA MECATRÓNICA,MASCULINO,NO,4,20
AYACUCHO,INGENIERÍA GEOLÓGICA,MASCULINO,NO,2,19
LIMA,INGENIERÍA MECÁNICA,MASCULINO,NO,2,19
LIMA,INGENIERÍA MECÁNICA,MASCULINO,SI,1,17
LIMA,INGENIERÍA CIVIL,MASCULINO,NO,3,19
LIMA,INGENIERÍA DE HIGIENE Y SEGURIDAD INDUSTRIAL,FEMENINO,NO,3,19
LIMA,INGENIERÍA DE SISTEMAS,MASCULINO,NO,1,19
LIMA,ARQUITECTURA,FEMENINO,NO,7,23
CUSCO,INGENIERÍA INDUSTRIAL,MASCULINO,NO,2,19
LIMA,INGENIERÍA GEOLÓGICA,MASCULINO,NO,2,18
LIMA,ARQUITECTURA,MASCULINO,NO,2,18
LIMA,INGENIERÍA MECÁNICA,MASCULINO,NO,3,20
LIMA,INGENIERÍA DE MINAS,MASCULINO,NO,3,19
LIMA,FÍSICA,MASCULINO,NO,1,18
LIMA,ARQUITECTURA,FEMENINO,NO,5,21
LIMA,ARQUITECTURA,FEMENINO,NO,2,18
LIMA,INGENIERÍA MECATRÓNICA,MASCULINO,SI,1,17
LIMA,INGENIERÍA ECONÓMICA,MASCULINO,NO,2,18
LIMA,FÍSICA,MASCULINO,NO,1,18
LIMA,INGENIERÍA METALÚRGICA,FEMENINO,NO,3,20
LIMA,INGENIERÍA INDUSTRIAL,MASCULINO,NO,3,20
LIMA,INGENIERÍA DE MINAS,MASCULINO,NO,4,21
LIMA,INGENIERÍA CIVIL,MASCULINO,NO,3,19
LIMA,INGENIERÍA DE SISTEMAS,MASCULINO,NO,1,18
LIMA,INGENIERÍA DE SISTEMAS,MASCULINO,SI,3,19
LA LIBERTAD,INGENIERÍA ELECTRÓNICA,MASCULINO,SI,2,18
LIMA,INGENIERÍA DE SISTEMAS,MASCULINO,SI,3,19
LIMA,INGENIERÍA MECATRÓNICA,MASCULINO,NO,1,17
JUNÍN,INGENIERÍA MECATRÓNICA,MASCULINO,NO,4,20
JUNÍN,INGENIERÍA DE SISTEMAS,MASCULINO,NO,1,17
LIMA,INGENIERÍA DE SISTEMAS,MASCULINO,NO,2,18
MADRE DE DIOS,INGENIERÍA CIVIL,MASCULINO,NO,1,18
LIMA,INGENIERÍA MECATRÓNICA,MASCULINO,SI,1,18
CALLAO,INGENIERÍA DE SISTEMAS,MASCULINO,NO,2,18
LIMA,INGENIERÍA MECATRÓNICA,MASCULINO,NO,1,17
LIMA,ARQUITECTURA,FEMENINO,NO,3,19
LIMA,INGENIERÍA MECATRÓNICA,MASCULINO,NO,1,17
ÁNCASH,INGENIERÍA CIVIL,MASCULINO,NO,2,19
LIMA,INGENIERÍA MECÁNICA-ELÉCTRICA,MASCULINO,NO,5,22
LIMA,INGENIERÍA ESTADÍSTICA,MASCULINO,NO,4,20
LIMA,INGENIERÍA QUÍMICA,MASCULINO,SI,3,19
LIMA,INGENIERÍA FÍSICA,MASCULINO,NO,2,18
LIMA,INGENIERÍA CIVIL,MASCULINO,NO,4,21
LIMA,ARQUITECTURA,MASCULINO,NO,1,17
PUNO,INGENIERÍA MECATRÓNICA,MASCULINO,NO,5,21
LIMA,INGENIERÍA DE HIGIENE Y SEGURIDAD INDUSTRIAL,MASCULINO,NO,5,20
LIMA,CIENCIA DE LA COMPUTACIÓN,MASCULINO,NO,3,19
LIMA,INGENIERÍA DE SISTEMAS,FEMENINO,NO,6,22
LIMA,INGENIERÍA CIVIL,MASCULINO,NO,3,19
MADRE DE DIOS,INGENIERÍA CIVIL,MASCULINO,NO,2,18
LIMA,INGENIERÍA GEOLÓGICA,MASCULINO,SI,4,20
LIMA,INGENIERÍA DE SISTEMAS,MASCULINO,NO,1,17
LIMA,INGENIERÍA CIVIL,FEMENINO,NO,2,18
AMAZONAS,ARQUITECTURA,MASCULINO,NO,1,17
MOQUEGUA,INGENIERÍA AMBIENTAL,MASCULINO,NO,1,17
CUSCO,INGENIERÍA DE SISTEMAS,FEMENINO,NO,15,31
LIMA,INGENIERÍA ELÉCTRICA,MASCULINO,NO,5,21
LIMA,INGENIERÍA DE CIBERSEGURIDAD,MASCULINO,NO,5,21
LIMA,INGENIERÍA ECONÓMICA,MASCULINO,NO,2,18
LIMA,INGENIERÍA ESTADÍSTICA,MASCULINO,SI,3,20
LIMA,INGENIERÍA DE SISTEMAS,MASCULINO,NO,1,18
LIMA,INGENIERÍA DE SISTEMAS,MASCULINO,NO,2,18
LIMA,INGENIERÍA QUÍMICA,FEMENINO,NO,1,17
LIMA,INGENIERÍA DE SISTEMAS,MASCULINO,NO,3,19
LIMA,INGENIERÍA QUÍMICA,MASCULINO,NO,2,19
LIMA,INGENIERÍA ECONÓMICA,MASCULINO,NO,1,17
LIMA,INGENIERÍA DE SISTEMAS,MASCULINO,NO,2,18
LIMA,INGENIERÍA DE SISTEMAS,MASCULINO,NO,2,19
LIMA,INGENIERÍA DE SOFTWARE,MASCULINO,SI,2,18
LIMA,INGENIERÍA DE SISTEMAS,MASCULINO,SI,3,19
LIMA,INGENIERÍA ECONÓMICA,MASCULINO,NO,1,17
LIMA,INGENIERÍA MECATRÓNICA,MASCULINO,NO,2,18
LIMA,INGENIERÍA DE SISTEMAS,MASCULINO,SI,3,19
LIMA,INGENIERÍA DE CIBERSEGURIDAD,MASCULINO,NO,2,19
LIMA,ARQUITECTURA,FEMENINO,NO,2,18
LIMA,ARQUITECTURA,MASCULINO,NO,2,19
LIMA,INGENIERÍA MECATRÓNICA,MASCULINO,NO,2,19
LIMA,MATEMÁTICA,FEMENINO,SI,1,18
HUANUCO,INGENIERÍA CIVIL,MASCULINO,NO,3,19
LIMA,FÍSICA,MASCULINO,SI,1,17
ANCASH,INGENIERÍA MECATRÓNICA,MASCULINO,NO,3,19
LIMA,INGENIERÍA ECONÓMICA,MASCULINO,NO,7,25
PASCO,INGENIERÍA DE SISTEMAS,MASCULINO,NO,8,24
LIMA,INGENIERÍA INDUSTRIAL,MASCULINO,NO,1,17
LIMA,INGENIERÍA CIVIL,MASCULINO,NO,4,21
LIMA,INGENIERÍA CIVIL,FEMENINO,NO,1,17
JUNÍN,INGENIERÍA MECATRÓNICA,MASCULINO,NO,1,17
LIMA,INGENIERÍA INDUSTRIAL,MASCULINO,NO,3,19
CAJAMARCA,INGENIERÍA CIVIL,MASCULINO,NO,2,18
LIMA,INGENIERÍA ELÉCTRICA,MASCULINO,NO,1,17
LIMA,INGENIERÍA INDUSTRIAL,FEMENINO,NO,4,21
CUSCO,INGENIERÍA MECATRÓNICA,FEMENINO,NO,1,17
SAN MARTÍN,ARQUITECTURA,MASCULINO,NO,1,18
LIMA,ARQUITECTURA,FEMENINO,NO,2,18
LIMA,INGENIERÍA INDUSTRIAL,MASCULINO,NO,1,17
LIMA,INGENIERÍA CIVIL,MASCULINO,NO,8,24
LIMA,INGENIERÍA ELECTRÓNICA,MASCULINO,NO,3,20
LIMA,INGENIERÍA PETROQUÍMICA,MASCULINO,NO,1,18
LIMA,ARQUITECTURA,MASCULINO,NO,2,18
LIMA,INGENIERÍA DE SISTEMAS,MASCULINO,NO,4,20
LIMA,ARQUITECTURA,FEMENINO,NO,4,20
AYACUCHO,ARQUITECTURA,FEMENINO,NO,2,17
ICA,INGENIERÍA DE TELECOMUNICACIONES,MASCULINO,SI,2,18
LIMA,INGENIERÍA INDUSTRIAL,MASCULINO,NO,2,18
LIMA,INGENIERÍA DE SISTEMAS,MASCULINO,SI,2,18
LIMA,INGENIERÍA FÍSICA,MASCULINO,NO,1,17
CALLAO,INGENIERÍA INDUSTRIAL,MASCULINO,NO,3,19
LIMA,INGENIERÍA ECONÓMICA,MASCULINO,NO,2,19
LIMA,INGENIERÍA INDUSTRIAL,MASCULINO,SI,2,19
LIMA,ARQUITECTURA,FEMENINO,NO,2,18
LIMA,INGENIERÍA GEOLÓGICA,MASCULINO,NO,2,18
LIMA,INGENIERÍA MECATRÓNICA,MASCULINO,NO,1,18
LIMA,INGENIERÍA ELÉCTRICA,MASCULINO,NO,2,18
LIMA,INGENIERÍA PETROQUÍMICA,MASCULINO,NO,3,19
LIMA,INGENIERÍA DE HIGIENE Y SEGURIDAD INDUSTRIAL,MASCULINO,NO,3,19
LIMA,INGENIERÍA AMBIENTAL,MASCULINO,NO,5,21
HUÁNUCO,INGENIERÍA INDUSTRIAL,MASCULINO,NO,6,22
LAMBAYEQUE,INGENIERÍA CIVIL,MASCULINO,NO,1,17
LIMA,MATEMÁTICA,MASCULINO,SI,1,18
HUÁNUCO,INGENIERÍA MECÁNICA-ELÉCTRICA,MASCULINO,NO,2,18
LIMA,INGENIERÍA DE SISTEMAS,MASCULINO,NO,1,18
LIMA,INGENIERÍA INDUSTRIAL,FEMENINO,NO,1,18
LIMA,INGENIERÍA MECÁNICA-ELÉCTRICA,MASCULINO,NO,3,19
LIMA,INGENIERÍA DE SISTEMAS,MASCULINO,NO,3,20
ANCASH,INGENIERÍA ECONÓMICA,MASCULINO,NO,14,30
LIMA,INGENIERÍA SANITARIA,MASCULINO,NO,5,21
PASCO,INGENIERÍA ELÉCTRICA,MASCULINO,NO,1,18
LIMA,INGENIERÍA DE MINAS,MASCULINO,NO,2,20
LIMA,INGENIERÍA METALÚRGICA,MASCULINO,NO,3,19
CALLAO,INGENIERÍA MECATRÓNICA,MASCULINO,NO,5,21
LIMA,INGENIERÍA ELECTRÓNICA,MASCULINO,NO,4,21
LIMA,INGENIERÍA CIVIL,MASCULINO,NO,1,17
LIMA,INGENIERÍA FÍSICA,MASCULINO,SI,7,23
LIMA,INGENIERÍA DE SISTEMAS,MASCULINO,NO,6,22
LIMA,INGENIERÍA MECÁNICA,MASCULINO,NO,7,24
LIMA,MATEMÁTICA,MASCULINO,SI,4,20
LIMA,INGENIERÍA CIVIL,MASCULINO,NO,7,24
LIMA,INGENIERÍA CIVIL,MASCULINO,NO,3,20
CALLAO,ARQUITECTURA,FEMENINO,NO,1,17
LIMA,INGENIERÍA ELECTRÓNICA,MASCULINO,NO,3,19
LIMA,ARQUITECTURA,MASCULINO,NO,2,18
LIMA,INGENIERÍA GEOLÓGICA,MASCULINO,NO,1,18
LIMA,INGENIERÍA MECÁNICA,FEMENINO,NO,1,17
LIMA,INGENIERÍA INDUSTRIAL,MASCULINO,NO,1,17
LIMA,INGENIERÍA QUÍMICA,FEMENINO,NO,2,18
LIMA,INGENIERÍA DE MINAS,MASCULINO,NO,1,17
LIMA,INGENIERÍA MECATRÓNICA,MASCULINO,NO,2,19
LIMA,INGENIERÍA INDUSTRIAL,MASCULINO,NO,5,23
LIMA,ARQUITECTURA,MASCULINO,NO,8,25
LIMA,INGENIERÍA DE MINAS,MASCULINO,NO,1,17
JUNÍN,INGENIERÍA MECATRÓNICA,MASCULINO,NO,3,20
LIMA,INGENIERÍA MECATRÓNICA,MASCULINO,NO,1,17
LIMA,INGENIERÍA AMBIENTAL,FEMENINO,NO,2,19
LIMA,INGENIERÍA QUÍMICA,MASCULINO,NO,2,19
LIMA,INGENIERÍA DE SISTEMAS,FEMENINO,NO,2,19
APURÍMAC,INGENIERÍA MECÁNICA,MASCULINO,NO,3,19
LIMA,INGENIERÍA CIVIL,FEMENINO,NO,1,17
LIMA,INGENIERÍA DE PETRÓLEO Y GAS NATURAL,MASCULINO,NO,4,20
LIMA,INGENIERÍA DE MINAS,FEMENINO,NO,1,17
LIMA,INGENIERÍA DE SISTEMAS,MASCULINO,NO,3,19
ÁNCASH,INGENIERÍA MECÁNICA,MASCULINO,NO,5,21
LIMA,INGENIERÍA CIVIL,MASCULINO,NO,1,17
LIMA,INGENIERÍA DE MINAS,MASCULINO,NO,2,17
LIMA,INGENIERÍA ECONÓMICA,FEMENINO,NO,1,17
LIMA,INGENIERÍA DE SISTEMAS,MASCULINO,NO,2,19
LIMA,INGENIERÍA CIVIL,FEMENINO,NO,1,17
LIMA,INGENIERÍA CIVIL,MASCULINO,NO,1,17
LIMA,INGENIERÍA DE SISTEMAS,FEMENINO,NO,1,17
ICA,ARQUITECTURA,FEMENINO,NO,3,20
LIMA,INGENIERÍA MECÁNICA,MASCULINO,SI,3,19
LIMA,INGENIERÍA DE SISTEMAS,MASCULINO,NO,1,17
LIMA,INGENIERÍA CIVIL,MASCULINO,NO,1,18
LIMA,INGENIERÍA INDUSTRIAL,MASCULINO,NO,2,18
LIMA,INGENIERÍA CIVIL,MASCULINO,NO,2,19
LIMA,INGENIERÍA INDUSTRIAL,MASCULINO,NO,3,20
LIMA,INGENIERÍA QUÍMICA,MASCULINO,NO,2,18
LIMA,INGENIERÍA INDUSTRIAL,FEMENINO,NO,3,19
ÁNCASH,INGENIERÍA CIVIL,MASCULINO,NO,1,17
LIMA,INGENIERÍA INDUSTRIAL,MASCULINO,NO,3,20
LIMA,INGENIERÍA INDUSTRIAL,MASCULINO,NO,1,18
LIMA,INGENIERÍA MECÁNICA,MASCULINO,NO,1,17
LIMA,INGENIERÍA ESTADÍSTICA,MASCULINO,SI,9,25
LIMA,INGENIERÍA DE TELECOMUNICACIONES,MASCULINO,NO,1,17
LIMA,INGENIERÍA MECÁNICA,MASCULINO,SI,4,20
ÁNCASH,ARQUITECTURA,FEMENINO,NO,1,17
LIMA,ARQUITECTURA,FEMENINO,NO,1,18
LIMA,INGENIERÍA DE SISTEMAS,MASCULINO,NO,2,19
LIMA,ARQUITECTURA,FEMENINO,NO,1,17
LIMA,ARQUITECTURA,FEMENINO,NO,2,19
LIMA,INGENIERÍA ELÉCTRICA,MASCULINO,NO,3,19
LIMA,INGENIERÍA DE SISTEMAS,MASCULINO,SI,3,19
LIMA,INGENIERÍA ELÉCTRICA,MASCULINO,NO,4,20
LIMA,INGENIERÍA CIVIL,MASCULINO,NO,1,18
LIMA,ARQUITECTURA,FEMENINO,NO,5,21
LIMA,INGENIERÍA ELECTRÓNICA,MASCULINO,NO,2,18
LIMA,INGENIERÍA CIVIL,MASCULINO,NO,2,18
LIMA,INGENIERÍA INDUSTRIAL,MASCULINO,NO,2,18
LIMA,INGENIERÍA ELECTRÓNICA,MASCULINO,NO,7,24
LIMA,ARQUITECTURA,FEMENINO,NO,3,19
LIMA,ARQUITECTURA,MASCULINO,NO,1,17
CALLAO,FÍSICA,MASCULINO,NO,1,17
LIMA,INGENIERÍA DE CIBERSEGURIDAD,MASCULINO,NO,0,17
LIMA,INGENIERÍA MECATRÓNICA,MASCULINO,NO,4,20
LIMA,INGENIERÍA ECONÓMICA,MASCULINO,NO,3,19
LIMA,ARQUITECTURA,FEMENINO,NO,2,19
LIMA,INGENIERÍA ELECTRÓNICA,MASCULINO,SI,6,22
LIMA,INGENIERÍA INDUSTRIAL,MASCULINO,NO,3,20
LIMA,INGENIERÍA DE SISTEMAS,MASCULINO,NO,2,18
LIMA,INGENIERÍA DE PETRÓLEO Y GAS NATURAL,MASCULINO,NO,1,17
LIMA,INGENIERÍA INDUSTRIAL,MASCULINO,NO,1,18
LIMA,INGENIERÍA ELECTRÓNICA,MASCULINO,NO,5,22
LIMA,INGENIERÍA CIVIL,MASCULINO,NO,2,18
LIMA,ARQUITECTURA,MASCULINO,NO,2,18
LIMA,INGENIERÍA DE SISTEMAS,MASCULINO,NO,2,18
LIMA,INGENIERÍA DE SISTEMAS,MASCULINO,NO,2,18
LIMA,INGENIERÍA DE MINAS,MASCULINO,SI,5,22
CALLAO,INGENIERÍA DE CIBERSEGURIDAD,MASCULINO,SI,6,22
LIMA,INGENIERÍA MECÁNICA,MASCULINO,SI,5,22
LIMA,ARQUITECTURA,MASCULINO,NO,9,26
LIMA,INGENIERÍA DE SISTEMAS,MASCULINO,NO,1,17
LIMA,INGENIERÍA MECATRÓNICA,MASCULINO,NO,1,17
LIMA,INGENIERÍA DE SISTEMAS,FEMENINO,NO,1,18
PASCO,ARQUITECTURA,FEMENINO,NO,1,17
LIMA,INGENIERÍA GEOLÓGICA,MASCULINO,SI,2,18
LIMA,ARQUITECTURA,FEMENINO,NO,5,21
LIMA,INGENIERÍA ECONÓMICA,MASCULINO,SI,2,18
LIMA,ARQUITECTURA,MASCULINO,NO,1,17
CUSCO,INGENIERÍA INDUSTRIAL,MASCULINO,NO,1,17
LIMA,FÍSICA,MASCULINO,SI,3,20
LIMA,INGENIERÍA CIVIL,MASCULINO,NO,1,18
LIMA,CIENCIA DE LA COMPUTACIÓN,MASCULINO,NO,4,20
LIMA,INGENIERÍA INDUSTRIAL,MASCULINO,SI,6,23
LIMA,INGENIERÍA DE SISTEMAS,MASCULINO,NO,1,17
LIMA,ARQUITECTURA,MASCULINO,NO,1,17
LIMA,INGENIERÍA CIVIL,MASCULINO,NO,6,23
LIMA,INGENIERÍA DE CIBERSEGURIDAD,MASCULINO,NO,1,18
LIMA,INGENIERÍA INDUSTRIAL,MASCULINO,NO,1,17
LIMA,INGENIERÍA DE TELECOMUNICACIONES,MASCULINO,NO,4,21
LIMA,INGENIERÍA CIVIL,MASCULINO,NO,2,19
LIMA,INGENIERÍA DE SISTEMAS,MASCULINO,NO,2,18
LIMA,INGENIERÍA ECONÓMICA,FEMENINO,NO,7,23
LIMA,INGENIERÍA QUÍMICA,MASCULINO,NO,2,19
LIMA,INGENIERÍA DE SISTEMAS,FEMENINO,NO,2,19
LIMA,INGENIERÍA AMBIENTAL,MASCULINO,SI,1,18
CALLAO,INGENIERÍA DE SISTEMAS,MASCULINO,NO,1,17
LIMA,INGENIERÍA DE SISTEMAS,FEMENINO,NO,1,19
LIMA,INGENIERÍA DE MINAS,MASCULINO,SI,2,18
ÁNCASH,INGENIERÍA CIVIL,MASCULINO,NO,2,18
LIMA,FÍSICA,MASCULINO,NO,2,17
LIMA,INGENIERÍA CIVIL,MASCULINO,NO,3,19
PIURA,INGENIERÍA METALÚRGICA,MASCULINO,NO,1,17
LIMA,INGENIERÍA DE SISTEMAS,MASCULINO,NO,3,19
LIMA,INGENIERÍA ELÉCTRICA,MASCULINO,SI,10,26
CALLAO,INGENIERÍA INDUSTRIAL,MASCULINO,NO,3,19
LIMA,INGENIERÍA QUÍMICA,FEMENINO,NO,4,20
JUNÍN,INGENIERÍA MECATRÓNICA,MASCULINO,NO,4,21
LIMA,INGENIERÍA INDUSTRIAL,MASCULINO,NO,2,18
LIMA,ARQUITECTURA,FEMENINO,SI,2,19
LIMA,ARQUITECTURA,MASCULINO,NO,2,18
LIMA,INGENIERÍA CIVIL,MASCULINO,SI,4,20
APURÍMAC,INGENIERÍA INDUSTRIAL,MASCULINO,NO,2,18
AREQUIPA,INGENIERÍA MECATRÓNICA,MASCULINO,NO,2,19
LIMA,INGENIERÍA MECÁNICA,MASCULINO,NO,2,19
LIMA,INGENIERÍA DE PETRÓLEO Y GAS NATURAL,MASCULINO,NO,3,19
LIMA,INGENIERÍA CIVIL,FEMENINO,NO,3,20
LIMA,INGENIERÍA INDUSTRIAL,MASCULINO,NO,2,18
LIMA,INGENIERÍA DE SISTEMAS,MASCULINO,SI,6,26
LIMA,ARQUITECTURA,FEMENINO,NO,3,20
LIMA,INGENIERÍA MECATRÓNICA,FEMENINO,NO,3,20
LIMA,ARQUITECTURA,FEMENINO,NO,1,17
HUANUCO,INGENIERÍA ELECTRÓNICA,MASCULINO,NO,3,19
LIMA,INGENIERÍA DE SISTEMAS,MASCULINO,NO,3,19
LIMA,INGENIERÍA ELECTRÓNICA,MASCULINO,NO,28,45
LIMA,INGENIERÍA MECÁNICA,MASCULINO,NO,1,17
LIMA,CIENCIA DE LA COMPUTACIÓN,FEMENINO,NO,2,18
LIMA,INGENIERÍA DE SISTEMAS,MASCULINO,NO,2,18
LIMA,INGENIERÍA DE MINAS,MASCULINO,NO,2,18
ICA,INGENIERÍA DE SISTEMAS,MASCULINO,NO,3,20
LIMA,INGENIERÍA DE SISTEMAS,MASCULINO,NO,1,18
CALLAO,INGENIERÍA INDUSTRIAL,MASCULINO,NO,1,18
LIMA,INGENIERÍA DE HIGIENE Y SEGURIDAD INDUSTRIAL,MASCULINO,NO,7,24
CUSCO,INGENIERÍA DE SISTEMAS,MASCULINO,NO,3,19
AYACUCHO,INGENIERÍA CIVIL,FEMENINO,NO,1,17
LIMA,INGENIERÍA AMBIENTAL,MASCULINO,SI,3,19
LIMA,INGENIERÍA QUÍMICA,MASCULINO,NO,1,17
LIMA,INGENIERÍA DE SISTEMAS,MASCULINO,NO,2,18
LIMA,INGENIERÍA DE SISTEMAS,MASCULINO,NO,2,18
LIMA,INGENIERÍA DE MINAS,MASCULINO,NO,2,18
LIMA,INGENIERÍA INDUSTRIAL,MASCULINO,NO,3,20
LIMA,CIENCIA DE LA COMPUTACIÓN,MASCULINO,NO,1,17
LIMA,ARQUITECTURA,MASCULINO,SI,1,18
LIMA,INGENIERÍA CIVIL,MASCULINO,NO,4,20
LIMA,INGENIERÍA DE SISTEMAS,FEMENINO,NO,1,18
CAJAMARCA,INGENIERÍA MECÁNICA,MASCULINO,NO,13,29
LIMA,INGENIERÍA METALÚRGICA,MASCULINO,NO,4,20
LIMA,INGENIERÍA DE SISTEMAS,MASCULINO,NO,1,17
LIMA,ARQUITECTURA,MASCULINO,NO,1,17
LIMA,INGENIERÍA CIVIL,MASCULINO,NO,2,19
LIMA,INGENIERÍA INDUSTRIAL,FEMENINO,NO,3,20
LIMA,CIENCIA DE LA COMPUTACIÓN,MASCULINO,NO,5,21
LIMA,FÍSICA,MASCULINO,NO,4,20
LIMA,INGENIERÍA AMBIENTAL,FEMENINO,NO,5,21
LIMA,INGENIERÍA AMBIENTAL,MASCULINO,NO,6,22
ÁNCASH,INGENIERÍA DE SISTEMAS,MASCULINO,NO,2,18
LIMA,INGENIERÍA DE TELECOMUNICACIONES,MASCULINO,NO,7,23
LIMA,INGENIERÍA MECATRÓNICA,FEMENINO,NO,2,18
LIMA,INGENIERÍA DE SISTEMAS,MASCULINO,NO,1,17
LIMA,INGENIERÍA CIVIL,FEMENINO,NO,2,18
LIMA,INGENIERÍA TEXTIL,FEMENINO,NO,6,23
LIMA,INGENIERÍA CIVIL,FEMENINO,NO,3,20
LIMA,INGENIERÍA ELECTRÓNICA,MASCULINO,NO,0,17
LIMA,INGENIERÍA AMBIENTAL,MASCULINO,NO,2,18
LIMA,MATEMÁTICA,MASCULINO,NO,3,19
AYACUCHO,FÍSICA,MASCULINO,NO,2,18
LIMA,INGENIERÍA MECÁNICA,MASCULINO,NO,2,18
JUNÍN,INGENIERÍA DE HIGIENE Y SEGURIDAD INDUSTRIAL,FEMENINO,NO,8,24
LIMA,INGENIERÍA DE TELECOMUNICACIONES,MASCULINO,NO,5,21
LIMA,INGENIERÍA QUÍMICA,MASCULINO,NO,2,19
LIMA,INGENIERÍA ECONÓMICA,MASCULINO,NO,5,21
LIMA,INGENIERÍA DE SISTEMAS,MASCULINO,NO,3,19
LIMA,INGENIERÍA DE SISTEMAS,MASCULINO,NO,1,17
LIMA,INGENIERÍA QUÍMICA,MASCULINO,NO,0,18
LIMA,INGENIERÍA MECATRÓNICA,MASCULINO,NO,2,18
LIMA,INGENIERÍA DE TELECOMUNICACIONES,MASCULINO,NO,1,17
AYACUCHO,ARQUITECTURA,FEMENINO,NO,4,20
LIMA,INGENIERÍA CIVIL,MASCULINO,SI,3,20
LIMA,INGENIERÍA CIVIL,MASCULINO,NO,2,18
LAMBAYEQUE,INGENIERÍA PETROQUÍMICA,MASCULINO,NO,1,18
LIMA,INGENIERÍA INDUSTRIAL,FEMENINO,NO,2,19
CALLAO,INGENIERÍA DE CIBERSEGURIDAD,MASCULINO,NO,5,22
LIMA,INGENIERÍA AMBIENTAL,FEMENINO,NO,2,18
LIMA,INGENIERÍA MECATRÓNICA,MASCULINO,NO,3,19
AMAZONAS,INGENIERÍA CIVIL,MASCULINO,SI,3,19
LIMA,INGENIERÍA MECÁNICA-ELÉCTRICA,MASCULINO,NO,2,18
LIMA,INGENIERÍA DE CIBERSEGURIDAD,MASCULINO,NO,2,19
LIMA,INGENIERÍA DE MINAS,MASCULINO,NO,2,18
LIMA,INGENIERÍA CIVIL,MASCULINO,NO,1,18
LIMA,INGENIERÍA CIVIL,MASCULINO,NO,5,21
JUNIN,INGENIERÍA CIVIL,MASCULINO,NO,1,17
LIMA,INGENIERÍA DE SISTEMAS,MASCULINO,NO,2,18
LA LIBERTAD,INGENIERÍA CIVIL,MASCULINO,NO,2,20
LIMA,INGENIERÍA ELECTRÓNICA,MASCULINO,NO,3,22
LIMA,INGENIERÍA CIVIL,MASCULINO,NO,1,18
LIMA,INGENIERÍA CIVIL,FEMENINO,NO,4,20
ANCASH,INGENIERÍA ELECTRÓNICA,MASCULINO,NO,1,17
LIMA,INGENIERÍA ELÉCTRICA,MASCULINO,SI,2,19
LIMA,INGENIERÍA ELECTRÓNICA,MASCULINO,SI,2,18
LIMA,INGENIERÍA MECATRÓNICA,MASCULINO,NO,3,19
LIMA,INGENIERÍA MECATRÓNICA,MASCULINO,SI,1,17
LIMA,INGENIERÍA CIVIL,MASCULINO,NO,3,20
LIMA,INGENIERÍA DE SISTEMAS,MASCULINO,NO,1,18
LIMA,INGENIERÍA ECONÓMICA,MASCULINO,NO,2,19
LIMA,ARQUITECTURA,MASCULINO,NO,3,19
JUNIN,INGENIERÍA CIVIL,MASCULINO,NO,1,17
LIMA,INGENIERÍA CIVIL,FEMENINO,NO,2,49
CALLAO,INGENIERÍA MECATRÓNICA,MASCULINO,NO,4,20
LIMA,INGENIERÍA MECATRÓNICA,MASCULINO,NO,2,19
LIMA,INGENIERÍA CIVIL,MASCULINO,NO,3,20
LIMA,INGENIERÍA QUÍMICA,FEMENINO,NO,4,20
UCAYALI,INGENIERÍA CIVIL,MASCULINO,NO,4,21
LIMA,ARQUITECTURA,FEMENINO,NO,2,19
LIMA,INGENIERÍA MECATRÓNICA,MASCULINO,NO,2,19
LA LIBERTAD,ARQUITECTURA,MASCULINO,NO,1,18
LIMA,INGENIERÍA DE CIBERSEGURIDAD,MASCULINO,SI,5,21
JUNIN,INGENIERÍA DE CIBERSEGURIDAD,MASCULINO,NO,2,18
JUNIN,INGENIERÍA CIVIL,MASCULINO,NO,3,20
LIMA,INGENIERÍA CIVIL,MASCULINO,NO,3,19
JUNIN,INGENIERÍA CIVIL,MASCULINO,NO,3,18
LIMA,INGENIERÍA MECATRÓNICA,FEMENINO,NO,1,17
LIMA,INGENIERÍA QUÍMICA,FEMENINO,NO,1,18
LIMA,INGENIERÍA ELECTRÓNICA,MASCULINO,NO,2,18
LIMA,CIENCIA DE LA COMPUTACIÓN,MASCULINO,NO,6,23
CALLAO,INGENIERÍA DE MINAS,FEMENINO,NO,5,21
LIMA,INGENIERÍA ELÉCTRICA,MASCULINO,NO,3,19
LIMA,ARQUITECTURA,FEMENINO,NO,1,17
LIMA,INGENIERÍA INDUSTRIAL,MASCULINO,NO,1,17
LIMA,INGENIERÍA DE MINAS,FEMENINO,NO,3,19
LIMA,INGENIERÍA DE SISTEMAS,MASCULINO,NO,1,18
LIMA,ARQUITECTURA,MASCULINO,NO,1,17
CALLAO,INGENIERÍA INDUSTRIAL,MASCULINO,NO,3,19
LIMA,ARQUITECTURA,FEMENINO,NO,25,41
AMAZONAS,INGENIERÍA INDUSTRIAL,FEMENINO,NO,2,18
LIMA,INGENIERÍA MECATRÓNICA,MASCULINO,NO,1,17
LIMA,INGENIERÍA PETROQUÍMICA,FEMENINO,NO,3,18
PIURA,INGENIERÍA DE MINAS,MASCULINO,NO,5,21
LIMA,INGENIERÍA MECATRÓNICA,MASCULINO,NO,0,16
LA LIBERTAD,FÍSICA,MASCULINO,SI,1,17
LIMA,INGENIERÍA ELECTRÓNICA,MASCULINO,SI,1,17
LIMA,INGENIERÍA CIVIL,FEMENINO,SI,1,17
LAMBAYEQUE,INGENIERÍA CIVIL,MASCULINO,NO,1,17
LIMA,INGENIERÍA ELECTRÓNICA,MASCULINO,NO,3,19
LIMA,ARQUITECTURA,MASCULINO,NO,2,18
LIMA,INGENIERÍA DE MINAS,MASCULINO,NO,1,17
LIMA,INGENIERÍA MECÁNICA,MASCULINO,NO,1,17
LIMA,INGENIERÍA ECONÓMICA,MASCULINO,NO,1,18
APURÍMAC,INGENIERÍA CIVIL,MASCULINO,NO,2,18
LIMA,FÍSICA,MASCULINO,NO,2,18
LIMA,INGENIERÍA CIVIL,MASCULINO,NO,3,19
LIMA,INGENIERÍA CIVIL,MASCULINO,NO,11,27
LIMA,INGENIERÍA DE SISTEMAS,MASCULINO,NO,1,18
CALLAO,INGENIERÍA MECATRÓNICA,MASCULINO,SI,2,18
LIMA,ARQUITECTURA,FEMENINO,NO,2,18
LIMA,INGENIERÍA CIVIL,MASCULINO,NO,1,17
CAJAMARCA,QUÍMICA,MASCULINO,NO,3,20
LIMA,FÍSICA,FEMENINO,NO,2,18
LIMA,CIENCIA DE LA COMPUTACIÓN,MASCULINO,NO,1,17
LIMA,INGENIERÍA ELÉCTRICA,MASCULINO,NO,3,19
CALLAO,ARQUITECTURA,MASCULINO,NO,3,19
LIMA,INGENIERÍA CIVIL,MASCULINO,NO,5,21
LIMA,INGENIERÍA INDUSTRIAL,FEMENINO,NO,2,18
LIMA,ARQUITECTURA,FEMENINO,NO,4,20
PUNO,INGENIERÍA AMBIENTAL,FEMENINO,NO,2,18
LIMA,QUÍMICA,FEMENINO,NO,4,21
LIMA,INGENIERÍA DE SISTEMAS,MASCULINO,NO,2,19
TACNA,ARQUITECTURA,FEMENINO,NO,1,17
LIMA,ARQUITECTURA,FEMENINO,NO,2,19
LIMA,INGENIERÍA CIVIL,MASCULINO,NO,1,16
LIMA,ARQUITECTURA,FEMENINO,NO,4,20
LIMA,INGENIERÍA MECÁNICA-ELÉCTRICA,MASCULINO,SI,3,19
LIMA,INGENIERÍA MECÁNICA,MASCULINO,NO,2,18
LIMA,INGENIERÍA ELÉCTRICA,MASCULINO,NO,8,26
LIMA,INGENIERÍA MECATRÓNICA,FEMENINO,NO,4,20
LIMA,INGENIERÍA DE SISTEMAS,MASCULINO,NO,1,17
LIMA,INGENIERÍA QUÍMICA,MASCULINO,SI,3,19
LIMA,INGENIERÍA ELÉCTRICA,MASCULINO,NO,2,18
LIMA,INGENIERÍA PETROQUÍMICA,MASCULINO,NO,1,17
LIMA,FÍSICA,MASCULINO,SI,5,22
LIMA,INGENIERÍA CIVIL,MASCULINO,NO,1,18
LIMA,INGENIERÍA INDUSTRIAL,MASCULINO,NO,1,18
LIMA,INGENIERÍA ECONÓMICA,MASCULINO,NO,3,19
LIMA,INGENIERÍA CIVIL,MASCULINO,NO,1,18
ARGENTINA,INGENIERÍA ELÉCTRICA,MASCULINO,SI,4,22
LIMA,INGENIERÍA MECÁNICA,MASCULINO,NO,3,20
LIMA,INGENIERÍA INDUSTRIAL,MASCULINO,NO,2,19
LIMA,INGENIERÍA ELÉCTRICA,MASCULINO,NO,1,17
LIMA,FÍSICA,MASCULINO,SI,2,18
LIMA,INGENIERÍA DE SISTEMAS,MASCULINO,SI,2,18
LIMA,INGENIERÍA PETROQUÍMICA,MASCULINO,NO,3,19
HUANUCO,INGENIERÍA CIVIL,MASCULINO,NO,1,18
LIMA,INGENIERÍA MECATRÓNICA,MASCULINO,NO,2,18
LIMA,INGENIERÍA DE SISTEMAS,MASCULINO,NO,1,18
CAJAMARCA,INGENIERÍA INDUSTRIAL,MASCULINO,NO,4,20
LIMA,CIENCIA DE LA COMPUTACIÓN,MASCULINO,NO,4,20
LIMA,INGENIERÍA QUÍMICA,MASCULINO,NO,1,18
LIMA,INGENIERÍA MECÁNICA,MASCULINO,NO,3,19
LIMA,INGENIERÍA MECATRÓNICA,MASCULINO,NO,1,17
LIMA,INGENIERÍA CIVIL,MASCULINO,NO,6,23
LIMA,INGENIERÍA ELECTRÓNICA,MASCULINO,NO,2,18
LIMA,FÍSICA,MASCULINO,NO,3,19
LIMA,INGENIERÍA DE HIGIENE Y SEGURIDAD INDUSTRIAL,MASCULINO,NO,3,19
CALLAO,INGENIERÍA CIVIL,MASCULINO,NO,1,18
AYACUCHO,INGENIERÍA MECATRÓNICA,MASCULINO,NO,7,23
LIMA,INGENIERÍA ESTADÍSTICA,FEMENINO,NO,2,18
LIMA,INGENIERÍA INDUSTRIAL,FEMENINO,NO,5,21
LIMA,INGENIERÍA DE MINAS,MASCULINO,SI,14,30
LIMA,INGENIERÍA CIVIL,MASCULINO,SI,2,19
LIMA,INGENIERÍA CIVIL,MASCULINO,NO,4,20
LIMA,INGENIERÍA CIVIL,MASCULINO,NO,1,17
CALLAO,INGENIERÍA QUÍMICA,FEMENINO,NO,2,18
LIMA,INGENIERÍA MECATRÓNICA,MASCULINO,NO,4,21
CALLAO,INGENIERÍA ECONÓMICA,MASCULINO,NO,1,18
HUÁNUCO,INGENIERÍA MECATRÓNICA,FEMENINO,NO,3,20
LIMA,INGENIERÍA DE TELECOMUNICACIONES,MASCULINO,NO,1,17
CALLAO,INGENIERÍA INDUSTRIAL,MASCULINO,NO,2,18
LIMA,ARQUITECTURA,FEMENINO,NO,2,18
LIMA,INGENIERÍA CIVIL,MASCULINO,NO,4,20
CALLAO,ARQUITECTURA,MASCULINO,NO,2,18
LIMA,ARQUITECTURA,FEMENINO,NO,2,18
LIMA,INGENIERÍA DE SISTEMAS,MASCULINO,NO,1,18
JUNÍN,INGENIERÍA PETROQUÍMICA,MASCULINO,NO,2,18
LIMA,INGENIERÍA INDUSTRIAL,FEMENINO,NO,1,17
LIMA,FÍSICA,FEMENINO,NO,4,19
LIMA,INGENIERÍA MECATRÓNICA,MASCULINO,NO,4,20
LIMA,INGENIERÍA CIVIL,MASCULINO,NO,3,19
LIMA,INGENIERÍA DE TELECOMUNICACIONES,MASCULINO,NO,2,18
LIMA,INGENIERÍA CIVIL,FEMENINO,NO,1,18
LIMA,ARQUITECTURA,FEMENINO,NO,1,18
LIMA,INGENIERÍA ECONÓMICA,MASCULINO,NO,1,17
LIMA,INGENIERÍA DE MINAS,MASCULINO,NO,1,17
CALLAO,INGENIERÍA ECONÓMICA,FEMENINO,NO,4,20
LIMA,INGENIERÍA CIVIL,MASCULINO,NO,3,19
ÁNCASH,INGENIERÍA QUÍMICA,MASCULINO,NO,3,20
AREQUIPA,FÍSICA,FEMENINO,NO,1,17
APURÍMAC,INGENIERÍA MECATRÓNICA,MASCULINO,NO,1,18
LIMA,INGENIERÍA CIVIL,FEMENINO,NO,6,23
LIMA,INGENIERÍA DE SISTEMAS,MASCULINO,SI,3,19
LIMA,INGENIERÍA ECONÓMICA,FEMENINO,NO,3,19
LIMA,INGENIERÍA CIVIL,MASCULINO,NO,2,19
CALLAO,INGENIERÍA NAVAL,MASCULINO,NO,3,19
LIMA,INGENIERÍA MECATRÓNICA,MASCULINO,NO,2,18
LIMA,INGENIERÍA ECONÓMICA,MASCULINO,NO,5,21
LIMA,INGENIERÍA DE SISTEMAS,MASCULINO,NO,2,18
LIMA,ARQUITECTURA,MASCULINO,NO,1,17
LIMA,INGENIERÍA MECATRÓNICA,MASCULINO,NO,2,18
LIMA,INGENIERÍA MECATRÓNICA,MASCULINO,SI,1,18
ICA,INGENIERÍA CIVIL,FEMENINO,NO,2,19
LIMA,ARQUITECTURA,FEMENINO,NO,4,21
ÁNCASH,INGENIERÍA ELECTRÓNICA,MASCULINO,NO,4,20
LIMA,INGENIERÍA MECÁNICA,MASCULINO,NO,1,17
LIMA,FÍSICA,MASCULINO,SI,2,19
LIMA,ARQUITECTURA,MASCULINO,NO,4,21
LIMA,ARQUITECTURA,FEMENINO,NO,3,19
LIMA,ARQUITECTURA,FEMENINO,NO,8,24
LIMA,CIENCIA DE LA COMPUTACIÓN,MASCULINO,NO,3,20
LIMA,INGENIERÍA INDUSTRIAL,MASCULINO,NO,2,18
LIMA,INGENIERÍA MECÁNICA-ELÉCTRICA,FEMENINO,NO,1,16
LIMA,INGENIERÍA DE SISTEMAS,MASCULINO,SI,4,20
LIMA,INGENIERÍA CIVIL,FEMENINO,SI,5,21
LIMA,ARQUITECTURA,FEMENINO,NO,5,21
LIMA,INGENIERÍA DE SISTEMAS,MASCULINO,NO,3,19
LIMA,INGENIERÍA DE MINAS,MASCULINO,NO,2,18
LIMA,INGENIERÍA CIVIL,MASCULINO,NO,3,20
LIMA,INGENIERÍA DE SISTEMAS,MASCULINO,NO,1,17
LIMA,INGENIERÍA CIVIL,MASCULINO,NO,2,21
LIMA,INGENIERÍA MECÁNICA,MASCULINO,NO,6,23
PUNO,INGENIERÍA ECONÓMICA,FEMENINO,SI,7,24
LIMA,INGENIERÍA MECATRÓNICA,MASCULINO,NO,1,17
LIMA,INGENIERÍA CIVIL,MASCULINO,NO,1,18
HUANCAVELICA,INGENIERÍA MECATRÓNICA,MASCULINO,NO,1,18
CALLAO,INGENIERÍA DE SISTEMAS,MASCULINO,NO,1,18
JUNÍN,ARQUITECTURA,MASCULINO,NO,5,21
LIMA,INGENIERÍA INDUSTRIAL,FEMENINO,NO,3,19
LIMA,INGENIERÍA CIVIL,MASCULINO,SI,5,21
LIMA,INGENIERÍA MECATRÓNICA,MASCULINO,SI,1,17
LIMA,INGENIERÍA DE SISTEMAS,MASCULINO,NO,3,21
LIMA,INGENIERÍA DE SISTEMAS,MASCULINO,NO,4,21
LIMA,INGENIERÍA DE MINAS,FEMENINO,NO,5,21
LIMA,INGENIERÍA DE SISTEMAS,MASCULINO,NO,3,18
LIMA,INGENIERÍA QUÍMICA,FEMENINO,NO,5,21
CUSCO,INGENIERÍA CIVIL,MASCULINO,NO,2,19
LIMA,INGENIERÍA CIVIL,MASCULINO,NO,3,19
LIMA,INGENIERÍA ELÉCTRICA,MASCULINO,SI,4,20
LIMA,INGENIERÍA DE SISTEMAS,MASCULINO,NO,2,18
AYACUCHO,INGENIERÍA DE SISTEMAS,MASCULINO,NO,4,20
LIMA,INGENIERÍA QUÍMICA,FEMENINO,NO,3,19
CAJAMARCA,INGENIERÍA MECÁNICA,MASCULINO,NO,5,21
LIMA,INGENIERÍA DE TELECOMUNICACIONES,MASCULINO,SI,8,24
LIMA,ARQUITECTURA,MASCULINO,NO,8,24
LIMA,INGENIERÍA DE SISTEMAS,MASCULINO,NO,3,20
ICA,INGENIERÍA DE MINAS,FEMENINO,NO,1,18
LIMA,INGENIERÍA DE SISTEMAS,MASCULINO,NO,1,18
LIMA,INGENIERÍA CIVIL,MASCULINO,SI,6,22
LIMA,INGENIERÍA CIVIL,MASCULINO,NO,0,17
LIMA,ARQUITECTURA,FEMENINO,NO,2,17
LIMA,INGENIERÍA ELÉCTRICA,MASCULINO,SI,3,19
LIMA,INGENIERÍA CIVIL,FEMENINO,NO,1,18
JUNÍN,INGENIERÍA CIVIL,FEMENINO,SI,2,18
JUNÍN,INGENIERÍA MECÁNICA,MASCULINO,SI,3,19
LA LIBERTAD,FÍSICA,MASCULINO,SI,2,19
LIMA,INGENIERÍA MECÁNICA,MASCULINO,NO,1,18
LIMA,INGENIERÍA DE SISTEMAS,FEMENINO,NO,6,22
LIMA,INGENIERÍA MECÁNICA,MASCULINO,SI,2,18
LIMA,INGENIERÍA CIVIL,MASCULINO,NO,4,20
LIMA,INGENIERÍA ELECTRÓNICA,MASCULINO,NO,2,18
LIMA,INGENIERÍA CIVIL,MASCULINO,SI,1,17
LIMA,INGENIERÍA DE SISTEMAS,MASCULINO,NO,3,19
LIMA,INGENIERÍA CIVIL,FEMENINO,NO,6,23
LIMA,INGENIERÍA FÍSICA,MASCULINO,SI,4,20
LIMA,INGENIERÍA CIVIL,MASCULINO,NO,2,18
LIMA,INGENIERÍA CIVIL,MASCULINO,NO,1,17
MOQUEGUA,INGENIERÍA DE SISTEMAS,FEMENINO,NO,2,18
LIMA,INGENIERÍA GEOLÓGICA,FEMENINO,NO,3,19
LIMA,INGENIERÍA GEOLÓGICA,FEMENINO,NO,2,18
MADRE DE DIOS,INGENIERÍA CIVIL,MASCULINO,NO,1,18
LIMA,QUÍMICA,MASCULINO,SI,4,22
LIMA,FÍSICA,MASCULINO,SI,16,32
LIMA,INGENIERÍA CIVIL,FEMENINO,NO,1,17
LIMA,INGENIERÍA DE SISTEMAS,MASCULINO,NO,3,19
LIMA,FÍSICA,MASCULINO,SI,3,19
LIMA,INGENIERÍA AMBIENTAL,FEMENINO,SI,3,19
LIMA,INGENIERÍA CIVIL,MASCULINO,NO,2,18
LIMA,INGENIERÍA DE MINAS,MASCULINO,NO,1,17
LIMA,ARQUITECTURA,MASCULINO,NO,2,18
LAMBAYEQUE,INGENIERÍA DE SISTEMAS,FEMENINO,NO,2,19
LIMA,INGENIERÍA DE MINAS,FEMENINO,NO,1,17
LIMA,INGENIERÍA ECONÓMICA,MASCULINO,NO,3,19
LIMA,INGENIERÍA MECATRÓNICA,MASCULINO,NO,2,19
LIMA,ARQUITECTURA,MASCULINO,NO,3,19
MOQUEGUA,INGENIERÍA DE SISTEMAS,MASCULINO,NO,1,18
LIMA,INGENIERÍA CIVIL,MASCULINO,NO,4,20
LIMA,INGENIERÍA CIVIL,MASCULINO,SI,1,17
LIMA,INGENIERÍA DE SISTEMAS,FEMENINO,NO,3,20
LIMA,INGENIERÍA MECÁNICA-ELÉCTRICA,MASCULINO,NO,3,20
LIMA,INGENIERÍA DE SISTEMAS,MASCULINO,NO,6,23
LIMA,INGENIERÍA ELECTRÓNICA,MASCULINO,SI,5,21
LIMA,INGENIERÍA DE SISTEMAS,MASCULINO,NO,2,18
LIMA,INGENIERÍA CIVIL,MASCULINO,NO,8,24
LIMA,ARQUITECTURA,MASCULINO,NO,1,18
LIMA,INGENIERÍA QUÍMICA,MASCULINO,SI,2,18
CAJAMARCA,INGENIERÍA CIVIL,MASCULINO,NO,1,18
LIMA,INGENIERÍA DE SISTEMAS,MASCULINO,NO,6,23
LIMA,INGENIERÍA CIVIL,MASCULINO,NO,3,19
LIMA,INGENIERÍA DE SISTEMAS,FEMENINO,NO,2,18
LIMA,INGENIERÍA MECÁNICA-ELÉCTRICA,MASCULINO,NO,3,19
LIMA,INGENIERÍA QUÍMICA,MASCULINO,NO,1,17
CALLAO,CIENCIA DE LA COMPUTACIÓN,MASCULINO,NO,1,17
LIMA,INGENIERÍA GEOLÓGICA,FEMENINO,NO,3,19
CUSCO,INGENIERÍA QUÍMICA,MASCULINO,NO,1,17
LIMA,INGENIERÍA DE SISTEMAS,MASCULINO,NO,2,18
LIMA,ARQUITECTURA,MASCULINO,NO,1,17
LIMA,INGENIERÍA DE CIBERSEGURIDAD,MASCULINO,NO,3,20
LIMA,INGENIERÍA SANITARIA,MASCULINO,NO,4,21
LIMA,INGENIERÍA CIVIL,MASCULINO,SI,1,17
LIMA,INGENIERÍA MECATRÓNICA,MASCULINO,NO,4,20
LIMA,INGENIERÍA CIVIL,MASCULINO,NO,1,17
LIMA,INGENIERÍA DE SISTEMAS,MASCULINO,NO,2,18
LIMA,INGENIERÍA DE SISTEMAS,MASCULINO,NO,1,17
LIMA,INGENIERÍA CIVIL,MASCULINO,NO,2,18
AYACUCHO,MATEMÁTICA,MASCULINO,NO,3,19
LIMA,INGENIERÍA INDUSTRIAL,MASCULINO,NO,1,17
LIMA,INGENIERÍA CIVIL,MASCULINO,NO,1,17
LIMA,INGENIERÍA DE SISTEMAS,MASCULINO,NO,3,19
LIMA,INGENIERÍA MECATRÓNICA,MASCULINO,NO,3,19
LIMA,INGENIERÍA INDUSTRIAL,MASCULINO,NO,2,18
LIMA,INGENIERÍA DE CIBERSEGURIDAD,MASCULINO,NO,4,20
LIMA,INGENIERÍA CIVIL,MASCULINO,NO,3,19
LIMA,INGENIERÍA ELÉCTRICA,MASCULINO,SI,2,18
APURIMAC,INGENIERÍA CIVIL,MASCULINO,NO,23,39
LIMA,INGENIERÍA ELECTRÓNICA,MASCULINO,NO,4,21
LIMA,INGENIERÍA CIVIL,FEMENINO,NO,1,18
LIMA,INGENIERÍA QUÍMICA,MASCULINO,NO,5,21
LIMA,INGENIERÍA MECATRÓNICA,MASCULINO,NO,2,20
LIMA,ARQUITECTURA,FEMENINO,NO,1,17
ÁNCASH,INGENIERÍA CIVIL,MASCULINO,NO,1,17
LAMBAYEQUE,INGENIERÍA MECATRÓNICA,MASCULINO,NO,1,17
LAMBAYEQUE,INGENIERÍA CIVIL,MASCULINO,NO,2,18
UCAYALI,INGENIERÍA CIVIL,MASCULINO,NO,2,18
LIMA,INGENIERÍA DE SISTEMAS,MASCULINO,NO,1,17
CALLAO,INGENIERÍA MECÁNICA,MASCULINO,NO,2,18
LIMA,INGENIERÍA AMBIENTAL,MASCULINO,NO,4,20
LAMBAYEQUE,INGENIERÍA CIVIL,FEMENINO,NO,1,17
JUNÍN,INGENIERÍA MECÁNICA,MASCULINO,NO,1,18
AMAZONAS,INGENIERÍA ELECTRÓNICA,FEMENINO,NO,0,16
CUSCO,ARQUITECTURA,FEMENINO,NO,3,19
LIMA,INGENIERÍA INDUSTRIAL,MASCULINO,NO,1,18
LIMA,INGENIERÍA AMBIENTAL,FEMENINO,NO,3,19
LIMA,INGENIERÍA FÍSICA,MASCULINO,NO,1,18
LIMA,INGENIERÍA DE TELECOMUNICACIONES,FEMENINO,NO,2,18
LIMA,INGENIERÍA DE SISTEMAS,MASCULINO,NO,1,18
LIMA,INGENIERÍA DE SISTEMAS,FEMENINO,NO,2,18
LIMA,INGENIERÍA MECATRÓNICA,MASCULINO,NO,2,19
TACNA,CIENCIA DE LA COMPUTACIÓN,MASCULINO,NO,3,19
LIMA,INGENIERÍA CIVIL,FEMENINO,NO,6,22
LIMA,INGENIERÍA ECONÓMICA,FEMENINO,NO,4,20
LIMA,INGENIERÍA DE MINAS,MASCULINO,NO,5,21
LIMA,FÍSICA,MASCULINO,NO,1,18
LIMA,INGENIERÍA MECATRÓNICA,MASCULINO,SI,1,17
LIMA,INGENIERÍA MECATRÓNICA,MASCULINO,SI,1,17
LIMA,INGENIERÍA DE SISTEMAS,FEMENINO,NO,1,17
LIMA,INGENIERÍA MECÁNICA,MASCULINO,NO,3,18
LIMA,INGENIERÍA MECÁNICA,MASCULINO,NO,2,17
LIMA,INGENIERÍA CIVIL,MASCULINO,NO,3,19
CALLAO,MATEMÁTICA,MASCULINO,NO,1,18
LIMA,INGENIERÍA INDUSTRIAL,MASCULINO,NO,2,18
LIMA,ARQUITECTURA,MASCULINO,NO,1,18
LIMA,INGENIERÍA MECÁNICA,MASCULINO,NO,5,21
LIMA,INGENIERÍA DE SISTEMAS,MASCULINO,NO,4,20
LIMA,INGENIERÍA CIVIL,MASCULINO,NO,1,18
LIMA,INGENIERÍA ELECTRÓNICA,MASCULINO,NO,4,21
LIMA,INGENIERÍA SANITARIA,MASCULINO,NO,2,19
LIMA,ARQUITECTURA,FEMENINO,NO,1,16
LIMA,INGENIERÍA CIVIL,MASCULINO,NO,2,19
LIMA,CIENCIA DE LA COMPUTACIÓN,MASCULINO,NO,4,23
LIMA,ARQUITECTURA,MASCULINO,NO,2,18
LIMA,INGENIERÍA ELECTRÓNICA,MASCULINO,SI,3,19
LIMA,INGENIERÍA MECÁNICA,MASCULINO,NO,3,19
LIMA,INGENIERÍA ELECTRÓNICA,MASCULINO,NO,2,19
LIMA,INGENIERÍA CIVIL,MASCULINO,NO,3,19
JUNÍN,INGENIERÍA NAVAL,MASCULINO,NO,2,18
LIMA,INGENIERÍA GEOLÓGICA,MASCULINO,NO,1,17
LIMA,INGENIERÍA INDUSTRIAL,MASCULINO,NO,1,17
LIMA,INGENIERÍA ECONÓMICA,FEMENINO,NO,4,21
AYACUCHO,INGENIERÍA CIVIL,MASCULINO,NO,2,19
LIMA,INGENIERÍA CIVIL,FEMENINO,NO,4,20
AMAZONAS,INGENIERÍA GEOLÓGICA,FEMENINO,NO,1,17
LIMA,CIENCIA DE LA COMPUTACIÓN,FEMENINO,NO,3,19
LIMA,ARQUITECTURA,FEMENINO,NO,3,19
APURÍMAC,QUÍMICA,MASCULINO,NO,1,17
LIMA,INGENIERÍA ELECTRÓNICA,MASCULINO,NO,8,23
LIMA,INGENIERÍA DE SISTEMAS,MASCULINO,NO,1,18
LIMA,INGENIERÍA SANITARIA,MASCULINO,NO,1,19
LIMA,INGENIERÍA TEXTIL,MASCULINO,NO,2,18
LIMA,INGENIERÍA CIVIL,MASCULINO,NO,1,17
LIMA,INGENIERÍA MECATRÓNICA,MASCULINO,NO,3,19
LIMA,INGENIERÍA MECÁNICA-ELÉCTRICA,MASCULINO,NO,1,17
LIMA,INGENIERÍA INDUSTRIAL,MASCULINO,NO,3,20
LIMA,INGENIERÍA QUÍMICA,FEMENINO,NO,3,19
LIMA,INGENIERÍA INDUSTRIAL,MASCULINO,NO,7,24
LIMA,INGENIERÍA MECATRÓNICA,MASCULINO,NO,0,16
LIMA,INGENIERÍA DE SISTEMAS,MASCULINO,NO,2,18
LIMA,INGENIERÍA GEOLÓGICA,MASCULINO,SI,4,21
LIMA,ARQUITECTURA,FEMENINO,NO,3,19
TACNA,INGENIERÍA QUÍMICA,FEMENINO,NO,3,19
LIMA,INGENIERÍA CIVIL,MASCULINO,NO,1,17
LIMA,ARQUITECTURA,MASCULINO,SI,4,20
LIMA,INGENIERÍA MECÁNICA,MASCULINO,SI,1,18
LIMA,INGENIERÍA DE SISTEMAS,MASCULINO,NO,4,20
LIMA,INGENIERÍA MECATRÓNICA,MASCULINO,NO,1,17
LIMA,INGENIERÍA CIVIL,FEMENINO,NO,2,19
LIMA,INGENIERÍA MECÁNICA,MASCULINO,SI,20,35
LIMA,INGENIERÍA DE SISTEMAS,MASCULINO,NO,1,18
LIMA,INGENIERÍA INDUSTRIAL,MASCULINO,NO,2,18
JUNIN,INGENIERÍA CIVIL,MASCULINO,NO,4,20
LIMA,INGENIERÍA CIVIL,FEMENINO,NO,2,19
LIMA,INGENIERÍA METALÚRGICA,MASCULINO,NO,5,22
LIMA,INGENIERÍA DE SISTEMAS,FEMENINO,NO,0,17
LIMA,INGENIERÍA INDUSTRIAL,MASCULINO,NO,2,19
LIMA,INGENIERÍA MECÁNICA,MASCULINO,NO,2,18
LIMA,INGENIERÍA QUÍMICA,FEMENINO,NO,2,18
PASCO,INGENIERÍA CIVIL,MASCULINO,NO,1,18
LIMA,INGENIERÍA CIVIL,MASCULINO,NO,1,18
LIMA,INGENIERÍA MECÁNICA,MASCULINO,NO,3,19
LIMA,INGENIERÍA DE CIBERSEGURIDAD,MASCULINO,NO,2,19
LIMA,INGENIERÍA CIVIL,MASCULINO,NO,7,24
LIMA,INGENIERÍA ELÉCTRICA,FEMENINO,NO,1,18
LIMA,ARQUITECTURA,FEMENINO,NO,3,19
LIMA,INGENIERÍA DE TELECOMUNICACIONES,MASCULINO,NO,3,20
CALLAO,INGENIERÍA CIVIL,MASCULINO,NO,3,19
CALLAO,INGENIERÍA CIVIL,MASCULINO,NO,22,18
JUNIN,INGENIERÍA CIVIL,MASCULINO,NO,3,19
LIMA,INGENIERÍA SANITARIA,MASCULINO,NO,1,18
PIURA,INGENIERÍA NAVAL,MASCULINO,NO,1,18
HUANCAVELICA,INGENIERÍA CIVIL,MASCULINO,NO,4,20
LIMA,CIENCIA DE LA COMPUTACIÓN,MASCULINO,NO,5,21
ICA,INGENIERÍA CIVIL,MASCULINO,NO,1,18
LIMA,INGENIERÍA MECATRÓNICA,MASCULINO,NO,0,18
LIMA,INGENIERÍA MECÁNICA-ELÉCTRICA,MASCULINO,NO,3,19
LA LIBERTAD,INGENIERÍA CIVIL,MASCULINO,NO,3,20
LIMA,INGENIERÍA MECATRÓNICA,MASCULINO,NO,2,19
CAJAMARCA,INGENIERÍA DE TELECOMUNICACIONES,MASCULINO,NO,1,17
LIMA,ARQUITECTURA,FEMENINO,NO,9,24
LIMA,INGENIERÍA DE TELECOMUNICACIONES,MASCULINO,SI,2,19
PASCO,INGENIERÍA QUÍMICA,MASCULINO,NO,9,25
LIMA,INGENIERÍA DE SISTEMAS,MASCULINO,NO,1,17
LIMA,INGENIERÍA ELECTRÓNICA,MASCULINO,NO,5,21
CALLAO,INGENIERÍA QUÍMICA,MASCULINO,NO,2,18
LIMA,ARQUITECTURA,FEMENINO,NO,3,19
LIMA,INGENIERÍA QUÍMICA,MASCULINO,SI,2,18
LAMBAYEQUE,INGENIERÍA CIVIL,FEMENINO,NO,2,19
LIMA,INGENIERÍA DE SISTEMAS,MASCULINO,NO,2,19
LIMA,INGENIERÍA CIVIL,MASCULINO,NO,2,18
LIMA,INGENIERÍA MECÁNICA,MASCULINO,NO,2,18
LIMA,INGENIERÍA MECATRÓNICA,MASCULINO,NO,1,18
CALLAO,INGENIERÍA FÍSICA,MASCULINO,SI,4,20
LIMA,INGENIERÍA CIVIL,MASCULINO,NO,3,20
LIMA,MATEMÁTICA,MASCULINO,NO,8,24
LIMA,INGENIERÍA MECÁNICA-ELÉCTRICA,MASCULINO,NO,4,21
LIMA,INGENIERÍA CIVIL,MASCULINO,NO,5,21
LIMA,CIENCIA DE LA COMPUTACIÓN,MASCULINO,NO,3,19
LIMA,INGENIERÍA CIVIL,MASCULINO,NO,1,17
LIMA,MATEMÁTICA,MASCULINO,NO,2,19
LIMA,INGENIERÍA GEOLÓGICA,MASCULINO,SI,7,23
LIMA,INGENIERÍA MECATRÓNICA,FEMENINO,NO,4,21
LIMA,INGENIERÍA ELÉCTRICA,MASCULINO,NO,3,19
CUSCO,INGENIERÍA MECATRÓNICA,MASCULINO,NO,2,19
LIMA,INGENIERÍA MECÁNICA,FEMENINO,NO,5,21
ICA,INGENIERÍA DE SISTEMAS,FEMENINO,NO,7,24
LIMA,INGENIERÍA GEOLÓGICA,FEMENINO,NO,6,23
LIMA,INGENIERÍA CIVIL,MASCULINO,NO,2,19
LIMA,INGENIERÍA CIVIL,FEMENINO,NO,3,19
LIMA,INGENIERÍA CIVIL,FEMENINO,NO,2,18
LIMA,ARQUITECTURA,FEMENINO,NO,2,18
CALLAO,INGENIERÍA INDUSTRIAL,FEMENINO,NO,1,18
LIMA,ARQUITECTURA,MASCULINO,NO,2,18
LIMA,INGENIERÍA MECÁNICA,MASCULINO,NO,4,20
LIMA,ARQUITECTURA,MASCULINO,NO,3,19
LIMA,INGENIERÍA DE SISTEMAS,FEMENINO,NO,3,18
LIMA,INGENIERÍA DE SISTEMAS,MASCULINO,NO,2,18
ANCASH,INGENIERÍA CIVIL,MASCULINO,SI,3,20
LIMA,INGENIERÍA INDUSTRIAL,MASCULINO,NO,4,20
LIMA,QUÍMICA,MASCULINO,NO,2,18
LIMA,INGENIERÍA CIVIL,MASCULINO,NO,3,19
LA LIBERTAD,INGENIERÍA CIVIL,FEMENINO,NO,1,18
LAMBAYEQUE,INGENIERÍA DE SISTEMAS,MASCULINO,NO,1,18
LIMA,ARQUITECTURA,FEMENINO,NO,6,22
LIMA,INGENIERÍA CIVIL,FEMENINO,NO,5,21
CALLAO,INGENIERÍA CIVIL,MASCULINO,NO,2,19
LIMA,INGENIERÍA CIVIL,FEMENINO,NO,2,19
LIMA,INGENIERÍA MECATRÓNICA,MASCULINO,NO,2,19
LIMA,INGENIERÍA ELÉCTRICA,MASCULINO,SI,1,18
LIMA,INGENIERÍA DE SISTEMAS,MASCULINO,NO,1,18
LIMA,FÍSICA,FEMENINO,NO,5,21
LIMA,INGENIERÍA DE SISTEMAS,MASCULINO,SI,3,19
LIMA,INGENIERÍA DE SISTEMAS,MASCULINO,NO,4,20
LAMBAYEQUE,INGENIERÍA FÍSICA,MASCULINO,SI,2,18
LIMA,INGENIERÍA INDUSTRIAL,MASCULINO,NO,2,18
LIMA,INGENIERÍA INDUSTRIAL,FEMENINO,NO,4,20
LIMA,INGENIERÍA CIVIL,MASCULINO,NO,2,18
AYACUCHO,ARQUITECTURA,FEMENINO,NO,1,17
LIMA,INGENIERÍA MECATRÓNICA,MASCULINO,NO,2,18
ICA,INGENIERÍA MECÁNICA,MASCULINO,NO,2,18
LIMA,INGENIERÍA CIVIL,FEMENINO,SI,3,20
LIMA,INGENIERÍA INDUSTRIAL,MASCULINO,NO,4,20
LIMA,INGENIERÍA ECONÓMICA,MASCULINO,NO,6,21
LIMA,INGENIERÍA CIVIL,FEMENINO,NO,4,19
LIMA,INGENIERÍA DE SISTEMAS,FEMENINO,NO,4,20
LIMA,INGENIERÍA DE SISTEMAS,MASCULINO,SI,2,18
LIMA,ARQUITECTURA,FEMENINO,NO,2,19
LAMBAYEQUE,INGENIERÍA GEOLÓGICA,MASCULINO,SI,2,19
LIMA,INGENIERÍA QUÍMICA,MASCULINO,NO,4,20
LIMA,ARQUITECTURA,MASCULINO,NO,2,18
LIMA,INGENIERÍA DE MINAS,MASCULINO,NO,3,19
LIMA,INGENIERÍA ELECTRÓNICA,MASCULINO,NO,3,19
LIMA,INGENIERÍA CIVIL,MASCULINO,SI,4,21
LIMA,INGENIERÍA CIVIL,MASCULINO,NO,1,17
LIMA,INGENIERÍA INDUSTRIAL,MASCULINO,NO,3,19
LIMA,INGENIERÍA INDUSTRIAL,MASCULINO,NO,4,20
LIMA,INGENIERÍA AMBIENTAL,MASCULINO,NO,2,18
LIMA,INGENIERÍA DE SISTEMAS,MASCULINO,NO,3,20
ANCASH,ARQUITECTURA,FEMENINO,NO,3,18
LIMA,ARQUITECTURA,FEMENINO,NO,1,17
LIMA,INGENIERÍA DE TELECOMUNICACIONES,MASCULINO,SI,2,18
LIMA,INGENIERÍA DE TELECOMUNICACIONES,MASCULINO,NO,2,19
LIMA,INGENIERÍA DE SISTEMAS,MASCULINO,NO,2,18
LIMA,ARQUITECTURA,FEMENINO,NO,2,18
LIMA,INGENIERÍA DE MINAS,FEMENINO,NO,2,18
LIMA,INGENIERÍA CIVIL,MASCULINO,NO,2,19
LIMA,ARQUITECTURA,FEMENINO,SI,8,24
LIMA,INGENIERÍA ELECTRÓNICA,MASCULINO,NO,2,18
CUSCO,INGENIERÍA MECÁNICA,MASCULINO,NO,3,19
LIMA,CIENCIA DE LA COMPUTACIÓN,MASCULINO,NO,3,20
LIMA,INGENIERÍA DE SISTEMAS,MASCULINO,NO,2,19
LIMA,ARQUITECTURA,FEMENINO,NO,1,18
LIMA,INGENIERÍA MECATRÓNICA,MASCULINO,SI,5,21
CALLAO,INGENIERÍA DE SISTEMAS,MASCULINO,NO,1,17
LIMA,ARQUITECTURA,MASCULINO,NO,1,17
LIMA,INGENIERÍA INDUSTRIAL,FEMENINO,NO,1,17
LIMA,INGENIERÍA CIVIL,MASCULINO,NO,1,18
LIMA,CIENCIA DE LA COMPUTACIÓN,MASCULINO,NO,1,20
CALLAO,INGENIERÍA ELECTRÓNICA,MASCULINO,NO,5,21
APURIMAC,INGENIERÍA INDUSTRIAL,MASCULINO,NO,1,17
CALLAO,INGENIERÍA DE SISTEMAS,MASCULINO,NO,1,17
LIMA,INGENIERÍA DE SISTEMAS,MASCULINO,NO,1,18
JUNIN,ARQUITECTURA,FEMENINO,NO,3,19
LIMA,INGENIERÍA ELÉCTRICA,MASCULINO,NO,4,21
CALLAO,INGENIERÍA MECATRÓNICA,MASCULINO,NO,1,17
LIMA,INGENIERÍA QUÍMICA,FEMENINO,NO,3,19
LIMA,INGENIERÍA ELECTRÓNICA,MASCULINO,NO,1,18
LIMA,INGENIERÍA DE SISTEMAS,MASCULINO,NO,3,19
LIMA,INGENIERÍA ESTADÍSTICA,MASCULINO,NO,4,20
LIMA,INGENIERÍA DE SISTEMAS,MASCULINO,NO,1,17
LIMA,ARQUITECTURA,FEMENINO,NO,4,21
LIMA,INGENIERÍA CIVIL,MASCULINO,NO,5,22
LIMA,ARQUITECTURA,MASCULINO,NO,2,18
LIMA,INGENIERÍA DE MINAS,FEMENINO,NO,3,19
LIMA,INGENIERÍA AMBIENTAL,FEMENINO,NO,3,19
LIMA,INGENIERÍA DE SISTEMAS,MASCULINO,NO,2,19
LIMA,INGENIERÍA INDUSTRIAL,FEMENINO,NO,1,17
LIMA,INGENIERÍA CIVIL,MASCULINO,NO,2,19
LIMA,INGENIERÍA ELECTRÓNICA,MASCULINO,NO,3,19
LIMA,ARQUITECTURA,MASCULINO,NO,5,22
LIMA,INGENIERÍA GEOLÓGICA,MASCULINO,NO,2,18
ICA,ARQUITECTURA,MASCULINO,NO,1,17
LIMA,INGENIERÍA CIVIL,MASCULINO,NO,1,17
MADRE DE DIOS,INGENIERÍA MECATRÓNICA,MASCULINO,NO,1,17
LIMA,INGENIERÍA DE TELECOMUNICACIONES,MASCULINO,NO,6,22
LIMA,INGENIERÍA DE SISTEMAS,MASCULINO,NO,6,22
ICA,INGENIERÍA DE SISTEMAS,MASCULINO,SI,3,19
LIMA,INGENIERÍA MECATRÓNICA,MASCULINO,NO,1,17
LIMA,CIENCIA DE LA COMPUTACIÓN,MASCULINO,SI,2,19
CAJAMARCA,INGENIERÍA CIVIL,MASCULINO,NO,2,19
LIMA,MATEMÁTICA,MASCULINO,NO,2,18
LIMA,INGENIERÍA MECATRÓNICA,FEMENINO,NO,1,17
LIMA,INGENIERÍA DE SISTEMAS,MASCULINO,NO,3,19
AMAZONAS,INGENIERÍA ECONÓMICA,MASCULINO,NO,4,21
PUNO,INGENIERÍA ECONÓMICA,MASCULINO,NO,6,25
LIMA,INGENIERÍA ELECTRÓNICA,MASCULINO,NO,3,19
CALLAO,INGENIERÍA CIVIL,MASCULINO,NO,3,19
LIMA,INGENIERÍA DE CIBERSEGURIDAD,MASCULINO,NO,6,22
JUNIN,FÍSICA,FEMENINO,NO,1,17
LIMA,INGENIERÍA CIVIL,MASCULINO,SI,17,33
LIMA,INGENIERÍA DE SISTEMAS,MASCULINO,NO,2,19
LAMBAYEQUE,INGENIERÍA CIVIL,MASCULINO,NO,2,18
LIMA,INGENIERÍA MECÁNICA,MASCULINO,SI,3,19
LIMA,INGENIERÍA CIVIL,MASCULINO,NO,2,18
LIMA,ARQUITECTURA,FEMENINO,NO,1,18
LIMA,INGENIERÍA INDUSTRIAL,FEMENINO,NO,1,18
LIMA,INGENIERÍA AMBIENTAL,FEMENINO,NO,9,25
SAN MARTIN,INGENIERÍA AMBIENTAL,FEMENINO,NO,1,17
LIMA,INGENIERÍA DE TELECOMUNICACIONES,MASCULINO,NO,5,21
LIMA,INGENIERÍA DE CIBERSEGURIDAD,MASCULINO,NO,5,22
LIMA,INGENIERÍA QUÍMICA,FEMENINO,NO,1,17
CAJAMARCA,INGENIERÍA MECATRÓNICA,MASCULINO,NO,2,20
LIMA,INGENIERÍA DE MINAS,MASCULINO,NO,2,18
LIMA,INGENIERÍA DE PETRÓLEO Y GAS NATURAL,MASCULINO,NO,3,19
LIMA,INGENIERÍA CIVIL,MASCULINO,NO,1,17
LIMA,INGENIERÍA CIVIL,MASCULINO,NO,4,20
LIMA,INGENIERÍA SANITARIA,MASCULINO,NO,4,20
LIMA,INGENIERÍA INDUSTRIAL,FEMENINO,NO,3,19
LIMA,INGENIERÍA DE SISTEMAS,MASCULINO,NO,2,19
LIMA,ARQUITECTURA,FEMENINO,NO,1,17
LIMA,INGENIERÍA INDUSTRIAL,MASCULINO,SI,3,19
LIMA,INGENIERÍA DE SISTEMAS,MASCULINO,NO,2,18
LIMA,INGENIERÍA CIVIL,FEMENINO,NO,2,19
HUANCAVELICA,INGENIERÍA MECATRÓNICA,MASCULINO,NO,2,19
LIMA,INGENIERÍA CIVIL,MASCULINO,NO,2,18
LIMA,ARQUITECTURA,FEMENINO,SI,4,20
LIMA,INGENIERÍA DE CIBERSEGURIDAD,MASCULINO,NO,2,18
LIMA,ARQUITECTURA,FEMENINO,SI,3,19
LIMA,CIENCIA DE LA COMPUTACIÓN,MASCULINO,NO,2,18
LIMA,INGENIERÍA CIVIL,MASCULINO,NO,3,20
LIMA,INGENIERÍA DE CIBERSEGURIDAD,MASCULINO,NO,7,23
LIMA,INGENIERÍA FÍSICA,MASCULINO,NO,4,20
LIMA,INGENIERÍA INDUSTRIAL,FEMENINO,NO,4,20
SAN MARTIN,INGENIERÍA DE SISTEMAS,MASCULINO,NO,2,18
LIMA,INGENIERÍA DE PETRÓLEO Y GAS NATURAL,MASCULINO,SI,2,18
ANCASH,INGENIERÍA MECATRÓNICA,MASCULINO,NO,2,18
LIMA,INGENIERÍA CIVIL,MASCULINO,NO,8,24
LIMA,FÍSICA,MASCULINO,SI,2,18
LIMA,INGENIERÍA DE SISTEMAS,MASCULINO,NO,2,18
LIMA,INGENIERÍA ELECTRÓNICA,MASCULINO,NO,3,20
LIMA,CIENCIA DE LA COMPUTACIÓN,FEMENINO,NO,1,17
LIMA,INGENIERÍA INDUSTRIAL,FEMENINO,NO,2,19
LIMA,INGENIERÍA ELECTRÓNICA,MASCULINO,NO,2,18
LIMA,INGENIERÍA AMBIENTAL,FEMENINO,NO,1,17
LIMA,INGENIERÍA DE SISTEMAS,MASCULINO,NO,2,18
LIMA,INGENIERÍA DE SISTEMAS,MASCULINO,NO,2,18
LAMBAYEQUE,INGENIERÍA DE TELECOMUNICACIONES,MASCULINO,SI,2,18
LIMA,INGENIERÍA MECATRÓNICA,MASCULINO,NO,3,20
LIMA,INGENIERÍA DE CIBERSEGURIDAD,MASCULINO,NO,2,19
LIMA,INGENIERÍA ELÉCTRICA,MASCULINO,NO,3,19
LIMA,INGENIERÍA CIVIL,MASCULINO,NO,1,17
CALLAO,ARQUITECTURA,MASCULINO,NO,3,19
LIMA,ARQUITECTURA,MASCULINO,NO,1,17
LIMA,INGENIERÍA CIVIL,FEMENINO,NO,2,18
LIMA,INGENIERÍA DE SISTEMAS,FEMENINO,SI,3,19
LIMA,ARQUITECTURA,MASCULINO,NO,5,21
LIMA,INGENIERÍA DE SISTEMAS,FEMENINO,NO,3,19
LIMA,INGENIERÍA DE SISTEMAS,MASCULINO,NO,2,19
LIMA,ARQUITECTURA,FEMENINO,NO,1,17
LIMA,INGENIERÍA DE SISTEMAS,MASCULINO,NO,2,18
LIMA,INGENIERÍA MECATRÓNICA,FEMENINO,NO,1,17
LIMA,ARQUITECTURA,FEMENINO,NO,3,20
LIMA,INGENIERÍA DE MINAS,MASCULINO,NO,3,19
PASCO,INGENIERÍA INDUSTRIAL,MASCULINO,NO,1,18
LIMA,INGENIERÍA INDUSTRIAL,MASCULINO,NO,1,17
CALLAO,INGENIERÍA MECATRÓNICA,MASCULINO,NO,2,18
LIMA,INGENIERÍA MECATRÓNICA,MASCULINO,NO,3,19
CALLAO,INGENIERÍA CIVIL,MASCULINO,NO,3,20
JUNIN,INGENIERÍA CIVIL,MASCULINO,NO,3,20
LIMA,INGENIERÍA DE SISTEMAS,MASCULINO,NO,1,18
LIMA,INGENIERÍA MECATRÓNICA,MASCULINO,NO,2,18
LIMA,INGENIERÍA ECONÓMICA,FEMENINO,NO,3,20
LIMA,INGENIERÍA CIVIL,MASCULINO,NO,2,19
LIMA,INGENIERÍA CIVIL,MASCULINO,NO,2,18
LIMA,ARQUITECTURA,FEMENINO,NO,4,21
LIMA,INGENIERÍA CIVIL,MASCULINO,SI,5,21
LIMA,INGENIERÍA DE TELECOMUNICACIONES,MASCULINO,NO,2,19
LIMA,ARQUITECTURA,FEMENINO,NO,6,22
LIMA,INGENIERÍA ESTADÍSTICA,FEMENINO,NO,1,18
LIMA,ARQUITECTURA,MASCULINO,NO,3,19
LIMA,INGENIERÍA PETROQUÍMICA,MASCULINO,SI,3,21
CALLAO,INGENIERÍA SANITARIA,MASCULINO,NO,4,20
LIMA,INGENIERÍA DE TELECOMUNICACIONES,MASCULINO,NO,4,20
LIMA,INGENIERÍA DE SISTEMAS,MASCULINO,NO,3,19
LIMA,INGENIERÍA MECÁNICA,MASCULINO,NO,2,18
LIMA,INGENIERÍA ELÉCTRICA,MASCULINO,NO,5,22
LIMA,INGENIERÍA DE SISTEMAS,MASCULINO,NO,2,18
LIMA,INGENIERÍA MECATRÓNICA,MASCULINO,SI,3,19
LIMA,ARQUITECTURA,FEMENINO,SI,5,22
LIMA,INGENIERÍA MECATRÓNICA,MASCULINO,NO,2,18
LIMA,INGENIERÍA AMBIENTAL,MASCULINO,NO,1,17
LIMA,INGENIERÍA AMBIENTAL,MASCULINO,NO,2,18
LIMA,INGENIERÍA CIVIL,MASCULINO,NO,2,18
LIMA,INGENIERÍA INDUSTRIAL,FEMENINO,NO,1,17
LIMA,ARQUITECTURA,FEMENINO,NO,3,19
LIMA,INGENIERÍA DE SISTEMAS,MASCULINO,NO,6,24
LIMA,INGENIERÍA ELECTRÓNICA,MASCULINO,NO,2,18
ÁNCASH,ARQUITECTURA,MASCULINO,NO,7,24
JUNÍN,ARQUITECTURA,FEMENINO,NO,2,18
LIMA,ARQUITECTURA,FEMENINO,NO,2,18
CALLAO,INGENIERÍA DE SISTEMAS,MASCULINO,NO,1,17
LIMA,INGENIERÍA ELECTRÓNICA,FEMENINO,NO,4,21
CAJAMARCA,INGENIERÍA DE TELECOMUNICACIONES,MASCULINO,NO,4,20
LIMA,ARQUITECTURA,FEMENINO,NO,3,19
SAN MARTÍN,ARQUITECTURA,MASCULINO,NO,4,20
LIMA,ARQUITECTURA,FEMENINO,NO,2,18
LIMA,ARQUITECTURA,FEMENINO,NO,3,19
CAJAMARCA,ARQUITECTURA,FEMENINO,NO,1,17
LIMA,INGENIERÍA DE SISTEMAS,MASCULINO,NO,1,18
LIMA,INGENIERÍA CIVIL,MASCULINO,SI,4,21
LIMA,INGENIERÍA DE SISTEMAS,MASCULINO,SI,1,16
LIMA,INGENIERÍA QUÍMICA,FEMENINO,NO,1,17
LIMA,INGENIERÍA INDUSTRIAL,FEMENINO,NO,3,19
LIMA,INGENIERÍA ELÉCTRICA,MASCULINO,NO,2,19
LIMA,INGENIERÍA MECATRÓNICA,MASCULINO,NO,1,18
LIMA,CIENCIA DE LA COMPUTACIÓN,FEMENINO,SI,6,22
ÁNCASH,INGENIERÍA CIVIL,MASCULINO,NO,4,20
LIMA,INGENIERÍA CIVIL,MASCULINO,NO,12,28
LIMA,INGENIERÍA DE MINAS,MASCULINO,NO,3,20
LIMA,INGENIERÍA DE SISTEMAS,MASCULINO,NO,1,17
LIMA,INGENIERÍA ELECTRÓNICA,FEMENINO,NO,4,21
LIMA,INGENIERÍA CIVIL,MASCULINO,NO,2,18
LIMA,INGENIERÍA CIVIL,MASCULINO,NO,3,19
LIMA,ARQUITECTURA,MASCULINO,NO,4,20
CALLAO,INGENIERÍA CIVIL,MASCULINO,NO,4,20
LIMA,INGENIERÍA INDUSTRIAL,MASCULINO,NO,5,22
LIMA,ARQUITECTURA,MASCULINO,NO,1,17
LIMA,INGENIERÍA INDUSTRIAL,MASCULINO,NO,10,26
LIMA,INGENIERÍA DE SISTEMAS,MASCULINO,NO,2,18
LIMA,INGENIERÍA INDUSTRIAL,MASCULINO,NO,5,22
LIMA,INGENIERÍA INDUSTRIAL,MASCULINO,NO,3,19
LIMA,ARQUITECTURA,FEMENINO,NO,1,18
LIMA,INGENIERÍA DE MINAS,MASCULINO,NO,3,20
CAJAMARCA,INGENIERÍA MECÁNICA,MASCULINO,NO,2,18
LIMA,INGENIERÍA INDUSTRIAL,MASCULINO,NO,22,18
LIMA,ARQUITECTURA,MASCULINO,NO,1,17
LIMA,ARQUITECTURA,FEMENINO,NO,2,18
TACNA,INGENIERÍA INDUSTRIAL,FEMENINO,NO,1,17
CAJAMARCA,INGENIERÍA MECÁNICA,FEMENINO,NO,1,17
LIMA,INGENIERÍA DE SISTEMAS,MASCULINO,SI,4,21
APURÍMAC,ARQUITECTURA,FEMENINO,NO,3,19
LIMA,CIENCIA DE LA COMPUTACIÓN,MASCULINO,NO,2,18
LIMA,INGENIERÍA ECONÓMICA,FEMENINO,NO,2,19
LIMA,INGENIERÍA MECÁNICA,MASCULINO,NO,6,23
LIMA,INGENIERÍA DE SISTEMAS,FEMENINO,NO,4,21
AYACUCHO,INGENIERÍA CIVIL,MASCULINO,NO,2,18
LIMA,INGENIERÍA MECATRÓNICA,MASCULINO,NO,1,17
LIMA,INGENIERÍA DE SISTEMAS,MASCULINO,SI,1,17
AREQUIPA,INGENIERÍA MECATRÓNICA,FEMENINO,NO,2,18
AYACUCHO,INGENIERÍA MECÁNICA-ELÉCTRICA,MASCULINO,SI,4,20
LIMA,INGENIERÍA NAVAL,MASCULINO,NO,1,17
LIMA,INGENIERÍA MECATRÓNICA,FEMENINO,NO,2,19
LIMA,INGENIERÍA DE SISTEMAS,MASCULINO,NO,1,18
LIMA,INGENIERÍA DE SISTEMAS,MASCULINO,NO,2,19
LIMA,INGENIERÍA CIVIL,FEMENINO,NO,1,17
LIMA,INGENIERÍA DE MINAS,MASCULINO,SI,3,19
LIMA,INGENIERÍA INDUSTRIAL,MASCULINO,NO,2,18
JUNÍN,INGENIERÍA MECATRÓNICA,MASCULINO,NO,2,19
SAN MARTÍN,INGENIERÍA CIVIL,MASCULINO,NO,2,18
JUNÍN,INGENIERÍA INDUSTRIAL,MASCULINO,NO,2,18
LAMBAYEQUE,INGENIERÍA MECATRÓNICA,FEMENINO,NO,1,18
JUNÍN,INGENIERÍA MECATRÓNICA,MASCULINO,NO,0,16
LIMA,INGENIERÍA INDUSTRIAL,MASCULINO,NO,1,18
LIMA,INGENIERÍA INDUSTRIAL,MASCULINO,NO,3,19
LIMA,INGENIERÍA QUÍMICA,MASCULINO,NO,3,19
ICA,INGENIERÍA MECATRÓNICA,MASCULINO,NO,4,19
ÁNCASH,INGENIERÍA DE MINAS,MASCULINO,NO,2,19
LIMA,INGENIERÍA DE MINAS,MASCULINO,SI,4,21
HUÁNUCO,INGENIERÍA GEOLÓGICA,MASCULINO,NO,1,17
LIMA,INGENIERÍA ELÉCTRICA,MASCULINO,SI,3,19
LIMA,INGENIERÍA INDUSTRIAL,MASCULINO,SI,3,20
LIMA,INGENIERÍA MECATRÓNICA,MASCULINO,NO,1,17
LIMA,INGENIERÍA MECATRÓNICA,MASCULINO,NO,2,18
CUSCO,INGENIERÍA ELECTRÓNICA,MASCULINO,NO,5,22
APURÍMAC,INGENIERÍA MECATRÓNICA,MASCULINO,NO,1,17
LIMA,INGENIERÍA DE MINAS,MASCULINO,NO,2,18
LIMA,INGENIERÍA MECATRÓNICA,MASCULINO,NO,2,18
LIMA,INGENIERÍA INDUSTRIAL,MASCULINO,NO,2,18
LAMBAYEQUE,INGENIERÍA MECÁNICA-ELÉCTRICA,MASCULINO,NO,6,22
LIMA,INGENIERÍA DE SISTEMAS,MASCULINO,NO,2,18
JUNÍN,INGENIERÍA DE SISTEMAS,MASCULINO,NO,1,17
APURÍMAC,INGENIERÍA MECATRÓNICA,MASCULINO,NO,4,20
LIMA,INGENIERÍA INDUSTRIAL,MASCULINO,NO,4,21
LIMA,CIENCIA DE LA COMPUTACIÓN,MASCULINO,NO,3,20
LIMA,INGENIERÍA GEOLÓGICA,MASCULINO,NO,4,20
LIMA,INGENIERÍA DE SISTEMAS,MASCULINO,NO,3,20
CALLAO,INGENIERÍA CIVIL,FEMENINO,NO,2,18
LIMA,INGENIERÍA CIVIL,MASCULINO,NO,1,18
LIMA,INGENIERÍA DE SISTEMAS,MASCULINO,NO,1,17
LIMA,INGENIERÍA MECATRÓNICA,MASCULINO,NO,1,18
LIMA,INGENIERÍA INDUSTRIAL,FEMENINO,NO,1,17
LIMA,INGENIERÍA CIVIL,MASCULINO,NO,7,23
LIMA,INGENIERÍA AMBIENTAL,FEMENINO,NO,3,20
LIMA,INGENIERÍA MECÁNICA,MASCULINO,NO,1,18
PUNO,CIENCIA DE LA COMPUTACIÓN,MASCULINO,NO,1,17
UCAYALI,INGENIERÍA METALÚRGICA,MASCULINO,NO,2,18
LIMA,INGENIERÍA DE MINAS,MASCULINO,NO,2,18
LIMA,INGENIERÍA ECONÓMICA,MASCULINO,NO,3,19
LIMA,INGENIERÍA INDUSTRIAL,MASCULINO,NO,3,19
LIMA,ARQUITECTURA,FEMENINO,NO,3,20
LIMA,INGENIERÍA CIVIL,MASCULINO,NO,3,19
LIMA,ARQUITECTURA,FEMENINO,NO,2,18
LIMA,INGENIERÍA DE TELECOMUNICACIONES,MASCULINO,SI,2,19
LIMA,ARQUITECTURA,FEMENINO,SI,3,19
LIMA,INGENIERÍA INDUSTRIAL,MASCULINO,NO,4,20
LIMA,ARQUITECTURA,MASCULINO,NO,2,18
LIMA,INGENIERÍA MECÁNICA,MASCULINO,NO,4,20
LIMA,INGENIERÍA FÍSICA,MASCULINO,NO,3,19
LIMA,INGENIERÍA DE SISTEMAS,MASCULINO,NO,3,18
HUANCAVELICA,INGENIERÍA INDUSTRIAL,MASCULINO,NO,1,17
JUNÍN,INGENIERÍA CIVIL,MASCULINO,SI,7,23
LIMA,INGENIERÍA INDUSTRIAL,MASCULINO,NO,3,20
LIMA,INGENIERÍA DE MINAS,FEMENINO,NO,4,20
LIMA,INGENIERÍA MECATRÓNICA,MASCULINO,NO,1,18
LIMA,INGENIERÍA DE MINAS,MASCULINO,NO,2,19
LIMA,INGENIERÍA ECONÓMICA,FEMENINO,NO,1,18
LIMA,INGENIERÍA ELÉCTRICA,MASCULINO,SI,3,20
PASCO,INGENIERÍA ELÉCTRICA,MASCULINO,NO,3,19
LIMA,INGENIERÍA ECONÓMICA,MASCULINO,NO,3,20
LIMA,ARQUITECTURA,FEMENINO,NO,2,18
PUNO,INGENIERÍA INDUSTRIAL,MASCULINO,NO,2,19
LIMA,INGENIERÍA DE MINAS,MASCULINO,NO,1,17
CUSCO,INGENIERÍA CIVIL,MASCULINO,NO,2,18
SAN MARTÍN,INGENIERÍA CIVIL,MASCULINO,NO,1,17
CALLAO,INGENIERÍA ELECTRÓNICA,MASCULINO,NO,3,19
LIMA,INGENIERÍA MECATRÓNICA,MASCULINO,SI,3,19
AMAZONAS,INGENIERÍA CIVIL,FEMENINO,NO,6,22
LIMA,INGENIERÍA QUÍMICA,MASCULINO,NO,5,20
LIMA,CIENCIA DE LA COMPUTACIÓN,MASCULINO,NO,3,20
LIMA,ARQUITECTURA,FEMENINO,NO,1,17
LIMA,INGENIERÍA CIVIL,MASCULINO,NO,2,18
LIMA,INGENIERÍA DE SISTEMAS,MASCULINO,NO,1,17
LAMBAYEQUE,INGENIERÍA GEOLÓGICA,MASCULINO,NO,5,21
LIMA,INGENIERÍA CIVIL,FEMENINO,NO,2,19
ÁNCASH,CIENCIA DE LA COMPUTACIÓN,MASCULINO,NO,2,18
UCAYALI,INGENIERÍA CIVIL,MASCULINO,NO,3,19
LIMA,INGENIERÍA MECATRÓNICA,MASCULINO,NO,1,17
LIMA,INGENIERÍA MECATRÓNICA,MASCULINO,NO,1,18
LIMA,INGENIERÍA CIVIL,MASCULINO,NO,3,19
LIMA,INGENIERÍA GEOLÓGICA,FEMENINO,NO,2,19
LIMA,INGENIERÍA AMBIENTAL,MASCULINO,NO,1,17
LIMA,INGENIERÍA AMBIENTAL,MASCULINO,NO,3,19
LIMA,INGENIERÍA MECÁNICA,MASCULINO,NO,2,18
LIMA,INGENIERÍA DE SISTEMAS,FEMENINO,NO,1,17
LIMA,INGENIERÍA MECÁNICA,MASCULINO,NO,4,20
CALLAO,INGENIERÍA QUÍMICA,FEMENINO,NO,4,19
LIMA,INGENIERÍA DE SISTEMAS,MASCULINO,NO,2,18
LIMA,INGENIERÍA ECONÓMICA,MASCULINO,NO,1,17
LIMA,INGENIERÍA DE SISTEMAS,MASCULINO,NO,1,17
LIMA,INGENIERÍA DE SISTEMAS,MASCULINO,NO,1,18
LIMA,INGENIERÍA DE SISTEMAS,MASCULINO,NO,2,18
LIMA,INGENIERÍA MECATRÓNICA,FEMENINO,NO,3,19
LIMA,INGENIERÍA CIVIL,MASCULINO,NO,2,18
LIMA,CIENCIA DE LA COMPUTACIÓN,MASCULINO,SI,3,20
LAMBAYEQUE,INGENIERÍA AMBIENTAL,FEMENINO,NO,1,17
LIMA,INGENIERÍA CIVIL,MASCULINO,SI,13,30
TUMBES,INGENIERÍA DE SISTEMAS,MASCULINO,NO,5,20
LIMA,QUÍMICA,MASCULINO,NO,3,20
LIMA,INGENIERÍA AMBIENTAL,MASCULINO,NO,3,20
LIMA,INGENIERÍA AMBIENTAL,MASCULINO,NO,4,19
ICA,INGENIERÍA MECÁNICA-ELÉCTRICA,MASCULINO,NO,1,18
LIMA,INGENIERÍA CIVIL,MASCULINO,NO,3,19
LIMA,INGENIERÍA ELECTRÓNICA,MASCULINO,NO,5,21
LIMA,INGENIERÍA MECATRÓNICA,MASCULINO,NO,1,18
LIMA,ARQUITECTURA,FEMENINO,NO,1,17
CALLAO,INGENIERÍA DE SISTEMAS,MASCULINO,NO,1,18
LIMA,INGENIERÍA MECÁNICA,MASCULINO,NO,1,17
LAMBAYEQUE,INGENIERÍA FÍSICA,MASCULINO,NO,1,17
LIMA,INGENIERÍA ELÉCTRICA,MASCULINO,SI,1,18
LIMA,INGENIERÍA INDUSTRIAL,MASCULINO,NO,1,18
AREQUIPA,INGENIERÍA ELÉCTRICA,FEMENINO,SI,7,23
LIMA,INGENIERÍA AMBIENTAL,FEMENINO,NO,2,19
LIMA,INGENIERÍA MECATRÓNICA,MASCULINO,NO,2,19
LIMA,INGENIERÍA FÍSICA,MASCULINO,NO,3,19
LIMA,INGENIERÍA AMBIENTAL,MASCULINO,NO,1,18
JUNÍN,INGENIERÍA FÍSICA,FEMENINO,NO,1,17
LAMBAYEQUE,FÍSICA,MASCULINO,SI,3,19
AYACUCHO,INGENIERÍA DE SISTEMAS,MASCULINO,SI,2,18
LIMA,INGENIERÍA DE SISTEMAS,MASCULINO,NO,1,18
LIMA,ARQUITECTURA,FEMENINO,NO,1,18
LIMA,INGENIERÍA MECATRÓNICA,MASCULINO,NO,2,18
LIMA,INGENIERÍA INDUSTRIAL,MASCULINO,NO,3,20
LIMA,INGENIERÍA MECÁNICA,MASCULINO,NO,3,20
LIMA,INGENIERÍA DE SISTEMAS,MASCULINO,NO,0,17
LIMA,ARQUITECTURA,FEMENINO,NO,2,19
LIMA,INGENIERÍA DE SISTEMAS,MASCULINO,NO,1,17
LIMA,INGENIERÍA INDUSTRIAL,MASCULINO,NO,2,18
LIMA,INGENIERÍA CIVIL,MASCULINO,NO,2,20
ICA,INGENIERÍA INDUSTRIAL,FEMENINO,NO,5,22
LIMA,INGENIERÍA CIVIL,MASCULINO,SI,2,18
LIMA,INGENIERÍA TEXTIL,FEMENINO,NO,1,18
LIMA,INGENIERÍA AMBIENTAL,FEMENINO,SI,5,21
LIMA,INGENIERÍA CIVIL,MASCULINO,NO,1,17
LIMA,INGENIERÍA DE SISTEMAS,MASCULINO,NO,3,19
LIMA,INGENIERÍA ECONÓMICA,MASCULINO,NO,3,19
LIMA,INGENIERÍA CIVIL,MASCULINO,NO,2,18
LIMA,INGENIERÍA CIVIL,FEMENINO,NO,1,17
LIMA,INGENIERÍA DE SISTEMAS,MASCULINO,NO,3,20
LIMA,INGENIERÍA CIVIL,MASCULINO,NO,2,18
LIMA,INGENIERÍA CIVIL,MASCULINO,NO,5,21
LIMA,INGENIERÍA INDUSTRIAL,MASCULINO,NO,1,19
LIMA,ARQUITECTURA,FEMENINO,NO,4,20
CALLAO,FÍSICA,FEMENINO,NO,3,20
LIMA,INGENIERÍA METALÚRGICA,MASCULINO,NO,2,18
LIMA,INGENIERÍA MECATRÓNICA,MASCULINO,NO,1,17
ICA,INGENIERÍA DE SISTEMAS,MASCULINO,NO,5,22
LIMA,INGENIERÍA MECATRÓNICA,MASCULINO,NO,2,19
LIMA,INGENIERÍA DE SISTEMAS,MASCULINO,NO,4,20
LIMA,INGENIERÍA CIVIL,MASCULINO,NO,2,19
HUANUCO,INGENIERÍA MECATRÓNICA,MASCULINO,NO,1,17
LIMA,FÍSICA,FEMENINO,NO,2,18
LIMA,INGENIERÍA QUÍMICA,MASCULINO,NO,2,19
LIMA,ARQUITECTURA,FEMENINO,NO,2,18
LIMA,INGENIERÍA CIVIL,FEMENINO,NO,3,20
LIMA,CIENCIA DE LA COMPUTACIÓN,MASCULINO,NO,3,20
LIMA,ARQUITECTURA,FEMENINO,NO,2,18
LIMA,CIENCIA DE LA COMPUTACIÓN,MASCULINO,NO,3,20
LIMA,INGENIERÍA ELECTRÓNICA,MASCULINO,NO,1,17
LIMA,INGENIERÍA INDUSTRIAL,FEMENINO,NO,2,17
LIMA,INGENIERÍA DE SISTEMAS,MASCULINO,NO,1,18
LIMA,INGENIERÍA AMBIENTAL,FEMENINO,NO,3,20
LIMA,INGENIERÍA INDUSTRIAL,MASCULINO,SI,3,19
LIMA,INGENIERÍA ELÉCTRICA,MASCULINO,NO,1,18
LIMA,INGENIERÍA ELECTRÓNICA,MASCULINO,SI,2,18
LIMA,INGENIERÍA ELECTRÓNICA,MASCULINO,SI,1,17
LIMA,INGENIERÍA INDUSTRIAL,FEMENINO,SI,3,19
LIMA,INGENIERÍA ECONÓMICA,MASCULINO,NO,2,18
LIMA,INGENIERÍA QUÍMICA,MASCULINO,NO,2,18
LIMA,INGENIERÍA QUÍMICA,FEMENINO,NO,3,19
LIMA,INGENIERÍA DE SISTEMAS,MASCULINO,NO,1,17
LIMA,INGENIERÍA CIVIL,MASCULINO,SI,4,20
LIMA,INGENIERÍA DE SISTEMAS,MASCULINO,NO,4,20
LIMA,FÍSICA,MASCULINO,NO,3,19
HUANCAVELICA,INGENIERÍA MECATRÓNICA,MASCULINO,NO,1,17
ÁNCASH,INGENIERÍA MECATRÓNICA,MASCULINO,NO,1,18
LAMBAYEQUE,INGENIERÍA ELECTRÓNICA,MASCULINO,NO,1,17
LIMA,ARQUITECTURA,FEMENINO,NO,3,19
LIMA,INGENIERÍA DE SISTEMAS,FEMENINO,NO,15,32
LIMA,INGENIERÍA MECATRÓNICA,MASCULINO,NO,2,18
PASCO,INGENIERÍA GEOLÓGICA,FEMENINO,NO,1,17
LIMA,INGENIERÍA MECATRÓNICA,MASCULINO,NO,1,18
LIMA,INGENIERÍA CIVIL,MASCULINO,NO,1,18
LIMA,INGENIERÍA MECÁNICA,MASCULINO,NO,4,20
LIMA,INGENIERÍA DE SISTEMAS,MASCULINO,NO,4,24
LIMA,INGENIERÍA DE TELECOMUNICACIONES,MASCULINO,SI,2,19
LIMA,ARQUITECTURA,FEMENINO,NO,1,17
LIMA,ARQUITECTURA,MASCULINO,NO,9,26
LIMA,INGENIERÍA ELÉCTRICA,MASCULINO,NO,2,18
HUÁNUCO,INGENIERÍA CIVIL,MASCULINO,NO,3,19
LIMA,INGENIERÍA FÍSICA,MASCULINO,NO,5,22
LIMA,INGENIERÍA DE SISTEMAS,MASCULINO,NO,3,20
LIMA,ARQUITECTURA,FEMENINO,NO,9,25
LIMA,ARQUITECTURA,FEMENINO,NO,3,20
JUNÍN,INGENIERÍA CIVIL,MASCULINO,NO,1,17
TUMBES,FÍSICA,FEMENINO,NO,2,18
CALLAO,INGENIERÍA QUÍMICA,MASCULINO,NO,1,18
LIMA,INGENIERÍA INDUSTRIAL,FEMENINO,NO,2,18
CALLAO,INGENIERÍA MECÁNICA,MASCULINO,NO,3,19
LIMA,INGENIERÍA ECONÓMICA,FEMENINO,NO,4,20
LIMA,INGENIERÍA CIVIL,MASCULINO,NO,3,19
LIMA,INGENIERÍA DE SISTEMAS,MASCULINO,NO,3,18
LIMA,ARQUITECTURA,MASCULINO,NO,3,20
LIMA,INGENIERÍA DE MINAS,MASCULINO,NO,1,17
LIMA,INGENIERÍA SANITARIA,FEMENINO,NO,3,20
LIMA,INGENIERÍA ELECTRÓNICA,MASCULINO,NO,1,18
LIMA,INGENIERÍA ELÉCTRICA,MASCULINO,NO,1,18
CALLAO,ARQUITECTURA,MASCULINO,NO,2,19
JUNIN,INGENIERÍA CIVIL,MASCULINO,SI,9,26
CALLAO,INGENIERÍA CIVIL,MASCULINO,NO,3,19
LIMA,INGENIERÍA GEOLÓGICA,FEMENINO,NO,7,24
LIMA,INGENIERÍA DE SOFTWARE,MASCULINO,NO,1,18
LIMA,INGENIERÍA DE SISTEMAS,MASCULINO,NO,2,18
CALLAO,INGENIERÍA QUÍMICA,FEMENINO,SI,1,17
LIMA,INGENIERÍA CIVIL,MASCULINO,SI,1,17
LIMA,FÍSICA,MASCULINO,SI,3,20
CUSCO,FÍSICA,MASCULINO,NO,2,18
LIMA,INGENIERÍA QUÍMICA,FEMENINO,NO,1,18
LIMA,INGENIERÍA DE SISTEMAS,MASCULINO,NO,3,19
LIMA,INGENIERÍA DE SISTEMAS,MASCULINO,SI,1,17
LIMA,ARQUITECTURA,MASCULINO,NO,2,18
LIMA,INGENIERÍA MECÁNICA,MASCULINO,NO,2,19
APURÍMAC,INGENIERÍA MECATRÓNICA,MASCULINO,NO,2,18
LIMA,INGENIERÍA ELECTRÓNICA,MASCULINO,NO,2,19
LIMA,INGENIERÍA DE SISTEMAS,MASCULINO,NO,2,19
LIMA,INGENIERÍA DE SISTEMAS,MASCULINO,NO,4,20
LIMA,ARQUITECTURA,FEMENINO,NO,4,20
LIMA,INGENIERÍA CIVIL,MASCULINO,NO,2,18
ICA,INGENIERÍA ELECTRÓNICA,MASCULINO,NO,1,17
LIMA,CIENCIA DE LA COMPUTACIÓN,MASCULINO,NO,1,18
LIMA,INGENIERÍA DE SISTEMAS,MASCULINO,NO,1,18
LIMA,INGENIERÍA DE SISTEMAS,MASCULINO,SI,5,21
LIMA,INGENIERÍA CIVIL,MASCULINO,NO,2,18
LIMA,ARQUITECTURA,FEMENINO,NO,0,18
LIMA,INGENIERÍA QUÍMICA,FEMENINO,NO,4,19
LIMA,INGENIERÍA CIVIL,FEMENINO,NO,4,20
LIMA,ARQUITECTURA,FEMENINO,NO,2,18
LIMA,INGENIERÍA CIVIL,MASCULINO,NO,2,18
LIMA,INGENIERÍA DE SISTEMAS,MASCULINO,SI,1,18
LIMA,INGENIERÍA DE SISTEMAS,FEMENINO,NO,2,18
AMAZONAS,INGENIERÍA MECÁNICA,MASCULINO,NO,2,18
LIMA,INGENIERÍA CIVIL,MASCULINO,NO,1,17
LIMA,INGENIERÍA DE SISTEMAS,MASCULINO,NO,1,18
LIMA,MATEMÁTICA,MASCULINO,SI,1,18
LIMA,INGENIERÍA CIVIL,MASCULINO,NO,1,17
LIMA,INGENIERÍA CIVIL,FEMENINO,NO,1,17
LIMA,ARQUITECTURA,FEMENINO,NO,1,17
LIMA,CIENCIA DE LA COMPUTACIÓN,MASCULINO,NO,3,19
LIMA,INGENIERÍA CIVIL,MASCULINO,NO,2,19
LIMA,ARQUITECTURA,MASCULINO,SI,7,23
LIMA,ARQUITECTURA,FEMENINO,NO,2,19
LIMA,INGENIERÍA CIVIL,MASCULINO,NO,10,28
LIMA,INGENIERÍA CIVIL,MASCULINO,NO,2,19
JUNÍN,INGENIERÍA CIVIL,MASCULINO,NO,2,18
LIMA,INGENIERÍA DE SISTEMAS,MASCULINO,NO,3,19
ÁNCASH,INGENIERÍA MECÁNICA,MASCULINO,NO,4,21
PASCO,ARQUITECTURA,MASCULINO,NO,2,19
LIMA,INGENIERÍA NAVAL,MASCULINO,NO,3,19
LIMA,ARQUITECTURA,MASCULINO,NO,2,18
LIMA,ARQUITECTURA,FEMENINO,NO,2,18
LIMA,INGENIERÍA MECATRÓNICA,MASCULINO,NO,2,18
CUSCO,INGENIERÍA DE SISTEMAS,MASCULINO,NO,4,20
LIMA,INGENIERÍA DE SISTEMAS,MASCULINO,NO,3,21
LIMA,INGENIERÍA DE SISTEMAS,MASCULINO,NO,19,19
LIMA,INGENIERÍA CIVIL,MASCULINO,NO,0,17
LIMA,INGENIERÍA ELÉCTRICA,MASCULINO,NO,2,19
LIMA,INGENIERÍA INDUSTRIAL,FEMENINO,NO,1,17
LIMA,INGENIERÍA DE SISTEMAS,MASCULINO,NO,2,19
LIMA,INGENIERÍA DE MINAS,FEMENINO,NO,1,18
LIMA,INGENIERÍA INDUSTRIAL,MASCULINO,NO,2,19
LIMA,INGENIERÍA QUÍMICA,FEMENINO,NO,1,17
LIMA,INGENIERÍA CIVIL,MASCULINO,NO,1,17
LIMA,INGENIERÍA QUÍMICA,FEMENINO,SI,4,20
LIMA,INGENIERÍA DE SISTEMAS,MASCULINO,SI,3,19
LIMA,INGENIERÍA INDUSTRIAL,MASCULINO,SI,4,20
LIMA,INGENIERÍA DE SISTEMAS,FEMENINO,NO,4,20
LIMA,INGENIERÍA INDUSTRIAL,MASCULINO,SI,1,17
LIMA,INGENIERÍA DE SISTEMAS,MASCULINO,NO,3,19
AYACUCHO,INGENIERÍA DE SISTEMAS,FEMENINO,NO,2,20
LIMA,INGENIERÍA AMBIENTAL,FEMENINO,NO,1,17
LIMA,INGENIERÍA ESTADÍSTICA,MASCULINO,NO,4,21
HUÁNUCO,INGENIERÍA CIVIL,MASCULINO,NO,1,18
LIMA,INGENIERÍA DE MINAS,MASCULINO,NO,3,20
LIMA,INGENIERÍA DE SISTEMAS,MASCULINO,NO,2,18
LIMA,INGENIERÍA DE SISTEMAS,MASCULINO,NO,2,19
LIMA,INGENIERÍA MECÁNICA-ELÉCTRICA,MASCULINO,NO,6,22
LIMA,INGENIERÍA INDUSTRIAL,FEMENINO,NO,1,17
ICA,INGENIERÍA CIVIL,MASCULINO,NO,1,17
LIMA,INGENIERÍA DE SISTEMAS,MASCULINO,NO,3,20
LIMA,INGENIERÍA INDUSTRIAL,MASCULINO,NO,3,19
LIMA,INGENIERÍA DE SISTEMAS,FEMENINO,NO,1,17
LIMA,INGENIERÍA INDUSTRIAL,MASCULINO,NO,2,18
LIMA,INGENIERÍA MECATRÓNICA,MASCULINO,NO,2,18
PIURA,INGENIERÍA MECATRÓNICA,MASCULINO,NO,6,22
LIMA,ARQUITECTURA,MASCULINO,NO,2,19
LIMA,INGENIERÍA CIVIL,MASCULINO,NO,2,19
LIMA,INGENIERÍA DE SISTEMAS,MASCULINO,NO,1,17
LIMA,INGENIERÍA MECÁNICA,MASCULINO,NO,1,17
PASCO,INGENIERÍA DE SISTEMAS,MASCULINO,NO,2,18
LIMA,INGENIERÍA ELECTRÓNICA,MASCULINO,SI,4,20
LIMA,INGENIERÍA MECATRÓNICA,FEMENINO,NO,1,17
LIMA,INGENIERÍA ECONÓMICA,MASCULINO,NO,1,17
LIMA,INGENIERÍA DE SISTEMAS,MASCULINO,NO,1,17
ÁNCASH,INGENIERÍA CIVIL,MASCULINO,SI,6,23
ÁNCASH,INGENIERÍA ELECTRÓNICA,MASCULINO,NO,3,19
LIMA,INGENIERÍA MECATRÓNICA,MASCULINO,NO,2,18
LIMA,INGENIERÍA QUÍMICA,FEMENINO,NO,4,20
LIMA,INGENIERÍA SANITARIA,FEMENINO,NO,3,19
LIMA,INGENIERÍA ECONÓMICA,MASCULINO,SI,3,19
LIMA,ARQUITECTURA,FEMENINO,NO,2,18
APURÍMAC,INGENIERÍA DE SISTEMAS,MASCULINO,NO,5,21
AYACUCHO,INGENIERÍA CIVIL,MASCULINO,NO,3,19
LIMA,INGENIERÍA MECATRÓNICA,MASCULINO,NO,5,22
CAJAMARCA,INGENIERÍA QUÍMICA,MASCULINO,NO,1,17
LIMA,INGENIERÍA DE SISTEMAS,MASCULINO,NO,2,19
LIMA,INGENIERÍA CIVIL,FEMENINO,NO,1,17
LIMA,INGENIERÍA DE TELECOMUNICACIONES,MASCULINO,NO,3,19
LIMA,CIENCIA DE LA COMPUTACIÓN,MASCULINO,NO,1,17
LIMA,INGENIERÍA INDUSTRIAL,MASCULINO,NO,3,19
LA LIBERTAD,INGENIERÍA MECÁNICA,MASCULINO,NO,2,18
LIMA,INGENIERÍA CIVIL,MASCULINO,NO,2,18
JUNÍN,ARQUITECTURA,FEMENINO,NO,1,17
ICA,INGENIERÍA CIVIL,FEMENINO,NO,3,19
LIMA,INGENIERÍA CIVIL,MASCULINO,NO,2,18
ICA,INGENIERÍA MECATRÓNICA,MASCULINO,NO,1,17
LIMA,INGENIERÍA MECATRÓNICA,FEMENINO,NO,3,20
LIMA,INGENIERÍA INDUSTRIAL,MASCULINO,NO,2,19
LIMA,INGENIERÍA DE TELECOMUNICACIONES,MASCULINO,NO,1,17
LIMA,INGENIERÍA MECATRÓNICA,MASCULINO,NO,3,19
LIMA,INGENIERÍA DE SISTEMAS,MASCULINO,NO,4,21
LIMA,ARQUITECTURA,MASCULINO,NO,2,19
LIMA,ARQUITECTURA,FEMENINO,NO,2,19
LIMA,INGENIERÍA CIVIL,MASCULINO,NO,1,18
AREQUIPA,INGENIERÍA DE SOFTWARE,MASCULINO,NO,3,19
LIMA,INGENIERÍA AMBIENTAL,FEMENINO,NO,2,19
LIMA,INGENIERÍA DE SOFTWARE,MASCULINO,SI,4,20
LIMA,INGENIERÍA AMBIENTAL,FEMENINO,SI,3,20
AYACUCHO,INGENIERÍA INDUSTRIAL,MASCULINO,NO,2,17
LIMA,INGENIERÍA CIVIL,MASCULINO,NO,1,18
LIMA,INGENIERÍA DE TELECOMUNICACIONES,MASCULINO,NO,2,18
LIMA,INGENIERÍA MECÁNICA,MASCULINO,SI,5,21
LIMA,INGENIERÍA DE SISTEMAS,MASCULINO,NO,3,19
LIMA,INGENIERÍA PETROQUÍMICA,FEMENINO,NO,1,17
CALLAO,INGENIERÍA QUÍMICA,MASCULINO,NO,3,19
LIMA,INGENIERÍA METALÚRGICA,MASCULINO,NO,3,20
LIMA,INGENIERÍA ELÉCTRICA,MASCULINO,NO,2,18
LIMA,INGENIERÍA ELECTRÓNICA,MASCULINO,SI,2,19
LIMA,INGENIERÍA CIVIL,FEMENINO,NO,1,18
JUNÍN,INGENIERÍA CIVIL,MASCULINO,NO,1,18
MOQUEGUA,INGENIERÍA DE SISTEMAS,MASCULINO,NO,3,19
LIMA,INGENIERÍA MECATRÓNICA,MASCULINO,NO,2,19
LIMA,INGENIERÍA CIVIL,MASCULINO,NO,4,20
LIMA,INGENIERÍA MECATRÓNICA,MASCULINO,NO,4,20
JUNÍN,INGENIERÍA DE TELECOMUNICACIONES,MASCULINO,NO,1,17
CAJAMARCA,INGENIERÍA DE SISTEMAS,MASCULINO,NO,1,18
LIMA,INGENIERÍA METALÚRGICA,MASCULINO,NO,1,18
LIMA,INGENIERÍA DE SISTEMAS,MASCULINO,NO,2,19
LIMA,INGENIERÍA INDUSTRIAL,FEMENINO,NO,1,17
HUANUCO,INGENIERÍA CIVIL,MASCULINO,NO,2,18
LIMA,INGENIERÍA MECATRÓNICA,MASCULINO,NO,2,18
JUNIN,INGENIERÍA MECATRÓNICA,MASCULINO,NO,2,19
LIMA,INGENIERÍA DE CIBERSEGURIDAD,MASCULINO,NO,4,20
LIMA,INGENIERÍA DE TELECOMUNICACIONES,FEMENINO,NO,3,19
LIMA,INGENIERÍA DE SISTEMAS,MASCULINO,NO,1,17
LIMA,INGENIERÍA CIVIL,MASCULINO,NO,2,18
ÁNCASH,INGENIERÍA CIVIL,MASCULINO,NO,1,17
LIMA,INGENIERÍA DE SISTEMAS,MASCULINO,NO,2,18
LIMA,INGENIERÍA DE TELECOMUNICACIONES,MASCULINO,NO,4,21
LIMA,CIENCIA DE LA COMPUTACIÓN,MASCULINO,NO,5,21
LIMA,INGENIERÍA MECÁNICA,MASCULINO,SI,5,21
LIMA,FÍSICA,FEMENINO,SI,3,20
LIMA,INGENIERÍA ELECTRÓNICA,MASCULINO,NO,3,20
LIMA,CIENCIA DE LA COMPUTACIÓN,MASCULINO,NO,4,20
LIMA,ARQUITECTURA,FEMENINO,NO,5,21
LIMA,INGENIERÍA CIVIL,MASCULINO,NO,2,18
LIMA,INGENIERÍA ELECTRÓNICA,MASCULINO,NO,1,17
LIMA,MATEMÁTICA,MASCULINO,NO,4,20
CALLAO,INGENIERÍA DE SISTEMAS,MASCULINO,NO,2,19
LIMA,ARQUITECTURA,FEMENINO,NO,5,22
LIMA,INGENIERÍA INDUSTRIAL,MASCULINO,NO,2,18
LIMA,INGENIERÍA DE MINAS,MASCULINO,SI,2,18
LIMA,INGENIERÍA DE SISTEMAS,MASCULINO,SI,2,18
LAMBAYEQUE,INGENIERÍA MECÁNICA-ELÉCTRICA,MASCULINO,NO,2,18
LIMA,ARQUITECTURA,MASCULINO,SI,2,18
LIMA,INGENIERÍA CIVIL,FEMENINO,NO,1,18
LIMA,ARQUITECTURA,MASCULINO,NO,1,18
LIMA,ARQUITECTURA,FEMENINO,NO,1,18
LIMA,ARQUITECTURA,MASCULINO,NO,1,17
LIMA,CIENCIA DE LA COMPUTACIÓN,MASCULINO,NO,1,17
LIMA,ARQUITECTURA,FEMENINO,NO,4,19
LIMA,ARQUITECTURA,FEMENINO,NO,4,19
LIMA,INGENIERÍA INDUSTRIAL,MASCULINO,NO,43,58
LIMA,INGENIERÍA MECATRÓNICA,FEMENINO,NO,1,17
LIMA,INGENIERÍA CIVIL,MASCULINO,NO,5,21
LIMA,INGENIERÍA MECÁNICA-ELÉCTRICA,MASCULINO,NO,6,22
LIMA,INGENIERÍA INDUSTRIAL,MASCULINO,SI,2,18
LIMA,ARQUITECTURA,FEMENINO,NO,11,27
LIMA,INGENIERÍA DE SISTEMAS,MASCULINO,NO,2,19
LIMA,INGENIERÍA CIVIL,FEMENINO,NO,4,20
LIMA,INGENIERÍA DE MINAS,MASCULINO,SI,3,19
APURIMAC,INGENIERÍA CIVIL,FEMENINO,NO,4,21
LIMA,INGENIERÍA DE SISTEMAS,MASCULINO,NO,3,19
CALLAO,INGENIERÍA INDUSTRIAL,MASCULINO,NO,3,19
LIMA,INGENIERÍA DE SISTEMAS,MASCULINO,NO,2,19
LIMA,INGENIERÍA DE SISTEMAS,MASCULINO,NO,1,17
PASCO,INGENIERÍA MECATRÓNICA,MASCULINO,NO,2,18
LIMA,INGENIERÍA MECATRÓNICA,MASCULINO,NO,2,19
LIMA,INGENIERÍA MECATRÓNICA,MASCULINO,NO,4,21
CALLAO,INGENIERÍA DE SISTEMAS,FEMENINO,NO,3,19
LIMA,INGENIERÍA DE SISTEMAS,MASCULINO,NO,2,18
LIMA,INGENIERÍA CIVIL,MASCULINO,NO,1,17
LIMA,ARQUITECTURA,FEMENINO,NO,2,18
LIMA,INGENIERÍA DE MINAS,MASCULINO,NO,3,20
LIMA,FÍSICA,MASCULINO,NO,1,18
LIMA,INGENIERÍA DE SISTEMAS,MASCULINO,NO,2,18
LIMA,INGENIERÍA QUÍMICA,MASCULINO,NO,3,19
LIMA,INGENIERÍA CIVIL,MASCULINO,SI,2,18
CAJAMARCA,INGENIERÍA MECÁNICA-ELÉCTRICA,MASCULINO,NO,3,19
LIMA,INGENIERÍA CIVIL,MASCULINO,NO,3,19
LIMA,INGENIERÍA ELECTRÓNICA,MASCULINO,NO,2,19
LIMA,INGENIERÍA CIVIL,MASCULINO,NO,2,18
LIMA,INGENIERÍA DE CIBERSEGURIDAD,MASCULINO,NO,1,17
LIMA,INGENIERÍA NAVAL,MASCULINO,NO,1,17
ANCASH,INGENIERÍA DE SISTEMAS,MASCULINO,NO,3,19
LIMA,INGENIERÍA ELECTRÓNICA,MASCULINO,NO,2,18
AYACUCHO,INGENIERÍA DE MINAS,MASCULINO,NO,2,19
LIMA,INGENIERÍA DE SISTEMAS,MASCULINO,NO,5,22
LIMA,INGENIERÍA GEOLÓGICA,FEMENINO,NO,1,17
LIMA,INGENIERÍA INDUSTRIAL,MASCULINO,NO,3,20
LIMA,INGENIERÍA CIVIL,MASCULINO,NO,1,18
LIMA,INGENIERÍA MECATRÓNICA,MASCULINO,NO,1,17
HUANCAVELICA,INGENIERÍA DE MINAS,MASCULINO,NO,5,22
AYACUCHO,INGENIERÍA MECATRÓNICA,MASCULINO,NO,3,19
LIMA,ARQUITECTURA,MASCULINO,NO,2,18
LIMA,ARQUITECTURA,MASCULINO,NO,2,18
LIMA,ARQUITECTURA,MASCULINO,NO,3,20
LIMA,INGENIERÍA CIVIL,MASCULINO,NO,2,19
ANCASH,INGENIERÍA ELECTRÓNICA,MASCULINO,NO,1,17
LIMA,INGENIERÍA ELÉCTRICA,MASCULINO,NO,3,20
LIMA,INGENIERÍA DE SISTEMAS,MASCULINO,NO,2,18
LIMA,INGENIERÍA CIVIL,MASCULINO,NO,5,21
LIMA,INGENIERÍA MECATRÓNICA,MASCULINO,NO,2,18
LIMA,FÍSICA,MASCULINO,NO,3,20
AREQUIPA,INGENIERÍA ECONÓMICA,MASCULINO,SI,2,19
LIMA,INGENIERÍA DE SISTEMAS,MASCULINO,NO,1,17
LIMA,INGENIERÍA CIVIL,MASCULINO,NO,3,19
PIURA,INGENIERÍA CIVIL,MASCULINO,NO,5,21
LIMA,INGENIERÍA DE SISTEMAS,FEMENINO,NO,2,18
LIMA,INGENIERÍA DE PETRÓLEO Y GAS NATURAL,MASCULINO,NO,1,17
LIMA,INGENIERÍA CIVIL,MASCULINO,NO,2,18
LIMA,INGENIERÍA MECATRÓNICA,MASCULINO,NO,1,17
LIMA,INGENIERÍA MECATRÓNICA,MASCULINO,NO,1,17
JUNIN,INGENIERÍA DE MINAS,MASCULINO,NO,1,17
LIMA,INGENIERÍA DE SISTEMAS,MASCULINO,NO,1,18
LIMA,INGENIERÍA CIVIL,MASCULINO,NO,2,18
LIMA,INGENIERÍA DE SISTEMAS,MASCULINO,NO,2,19
LIMA,ARQUITECTURA,FEMENINO,NO,2,18
LIMA,INGENIERÍA DE TELECOMUNICACIONES,MASCULINO,NO,2,19
LIMA,INGENIERÍA CIVIL,FEMENINO,NO,2,18
JUNIN,INGENIERÍA DE SOFTWARE,MASCULINO,NO,3,19
LIMA,INGENIERÍA MECÁNICA,MASCULINO,NO,3,19
LIMA,INGENIERÍA DE SISTEMAS,MASCULINO,NO,2,18
LIMA,INGENIERÍA TEXTIL,FEMENINO,NO,3,20
LIMA,ARQUITECTURA,MASCULINO,NO,2,18
CALLAO,ARQUITECTURA,MASCULINO,NO,3,19
LIMA,INGENIERÍA DE SISTEMAS,MASCULINO,NO,3,19
LIMA,INGENIERÍA DE SISTEMAS,MASCULINO,NO,4,20
LIMA,INGENIERÍA MECATRÓNICA,MASCULINO,NO,3,19
LIMA,INGENIERÍA FÍSICA,MASCULINO,NO,1,17
LIMA,INGENIERÍA GEOLÓGICA,FEMENINO,NO,6,23
LIMA,INGENIERÍA QUÍMICA,MASCULINO,NO,5,21
LIMA,ARQUITECTURA,MASCULINO,NO,3,19
LIMA,INGENIERÍA ECONÓMICA,MASCULINO,NO,0,17
JUNIN,INGENIERÍA ELECTRÓNICA,MASCULINO,NO,5,21
JUNIN,INGENIERÍA DE SISTEMAS,MASCULINO,NO,2,18
LIMA,INGENIERÍA DE SOFTWARE,MASCULINO,NO,2,19
LIMA,ARQUITECTURA,FEMENINO,NO,2,19
LIMA,INGENIERÍA ELECTRÓNICA,MASCULINO,NO,2,18
LIMA,ARQUITECTURA,FEMENINO,NO,2,18
CALLAO,INGENIERÍA DE SISTEMAS,MASCULINO,NO,1,18
LIMA,INGENIERÍA INDUSTRIAL,MASCULINO,NO,5,21
LIMA,INGENIERÍA DE MINAS,MASCULINO,NO,3,20
LIMA,INGENIERÍA DE TELECOMUNICACIONES,FEMENINO,NO,2,18
LIMA,INGENIERÍA CIVIL,MASCULINO,NO,1,18
LIMA,INGENIERÍA DE TELECOMUNICACIONES,FEMENINO,SI,2,18
LIMA,INGENIERÍA DE SOFTWARE,MASCULINO,NO,2,18
LIMA,FÍSICA,MASCULINO,NO,1,18
LAMBAYEQUE,INGENIERÍA INDUSTRIAL,MASCULINO,NO,1,17
LIMA,INGENIERÍA ESTADÍSTICA,MASCULINO,NO,3,19
LIMA,INGENIERÍA DE SISTEMAS,MASCULINO,SI,2,18
LIMA,INGENIERÍA CIVIL,FEMENINO,NO,3,19
LIMA,INGENIERÍA MECÁNICA-ELÉCTRICA,MASCULINO,NO,3,19
TACNA,INGENIERÍA MECATRÓNICA,FEMENINO,NO,1,18
LIMA,INGENIERÍA CIVIL,MASCULINO,NO,1,17
LIMA,INGENIERÍA DE HIGIENE Y SEGURIDAD INDUSTRIAL,MASCULINO,NO,9,25
AYACUCHO,INGENIERÍA MECATRÓNICA,MASCULINO,NO,1,17
LIMA,INGENIERÍA MECÁNICA-ELÉCTRICA,MASCULINO,NO,5,22
CALLAO,INGENIERÍA MECATRÓNICA,MASCULINO,NO,2,18
LIMA,INGENIERÍA DE TELECOMUNICACIONES,MASCULINO,SI,4,21
LIMA,FÍSICA,FEMENINO,NO,6,22
CALLAO,INGENIERÍA TEXTIL,FEMENINO,NO,3,19
LIMA,INGENIERÍA QUÍMICA,MASCULINO,NO,4,21
LAMBAYEQUE,INGENIERÍA ELECTRÓNICA,MASCULINO,NO,1,18
PUNO,INGENIERÍA ECONÓMICA,MASCULINO,SI,4,20
CAJAMARCA,INGENIERÍA MECATRÓNICA,MASCULINO,NO,2,18
LIMA,INGENIERÍA CIVIL,MASCULINO,NO,2,18
LIMA,INGENIERÍA ELÉCTRICA,MASCULINO,SI,7,23
LIMA,INGENIERÍA DE SISTEMAS,MASCULINO,NO,1,17
JUNÍN,INGENIERÍA ELECTRÓNICA,MASCULINO,NO,1,18
LIMA,INGENIERÍA DE SISTEMAS,MASCULINO,NO,1,17
ICA,INGENIERÍA DE TELECOMUNICACIONES,MASCULINO,NO,2,18
JUNÍN,INGENIERÍA MECÁNICA-ELÉCTRICA,FEMENINO,NO,1,18
LIMA,INGENIERÍA ELECTRÓNICA,MASCULINO,NO,3,19
LIMA,ARQUITECTURA,FEMENINO,NO,1,17
APURÍMAC,INGENIERÍA CIVIL,MASCULINO,NO,1,18
ÁNCASH,INGENIERÍA DE SISTEMAS,MASCULINO,NO,2,19
CHILE,INGENIERÍA CIVIL,MASCULINO,NO,3,20
LIMA,INGENIERÍA MECÁNICA,FEMENINO,SI,4,20
LIMA,INGENIERÍA DE MINAS,FEMENINO,NO,1,18
LIMA,ARQUITECTURA,MASCULINO,NO,1,18
LIMA,INGENIERÍA ECONÓMICA,MASCULINO,NO,3,19
LIMA,INGENIERÍA DE SISTEMAS,FEMENINO,NO,1,17
LIMA,INGENIERÍA MECATRÓNICA,MASCULINO,NO,3,19
PUNO,INGENIERÍA MECATRÓNICA,MASCULINO,NO,4,20
LIMA,INGENIERÍA CIVIL,MASCULINO,NO,1,18
SAN MARTÍN,ARQUITECTURA,MASCULINO,NO,3,19
LIMA,INGENIERÍA GEOLÓGICA,MASCULINO,NO,2,19
PUNO,ARQUITECTURA,FEMENINO,NO,3,20
JUNÍN,INGENIERÍA CIVIL,MASCULINO,NO,3,20
ICA,INGENIERÍA MECÁNICA-ELÉCTRICA,FEMENINO,NO,1,17
ICA,INGENIERÍA CIVIL,MASCULINO,NO,1,18
LIMA,INGENIERÍA TEXTIL,MASCULINO,NO,1,17
LIMA,INGENIERÍA DE SISTEMAS,MASCULINO,NO,1,17
LIMA,INGENIERÍA MECÁNICA,MASCULINO,NO,2,18
LIMA,INGENIERÍA CIVIL,MASCULINO,NO,2,18
AYACUCHO,ARQUITECTURA,FEMENINO,NO,3,19
LIMA,INGENIERÍA GEOLÓGICA,MASCULINO,NO,2,18
PUNO,INGENIERÍA MECATRÓNICA,MASCULINO,NO,2,19
LIMA,INGENIERÍA DE MINAS,FEMENINO,NO,5,21
LIMA,INGENIERÍA INDUSTRIAL,MASCULINO,SI,3,18
LIMA,INGENIERÍA MECATRÓNICA,MASCULINO,SI,4,21
HUANCAVELICA,INGENIERÍA CIVIL,MASCULINO,NO,3,19
LIMA,ARQUITECTURA,FEMENINO,NO,3,20
CAJAMARCA,INGENIERÍA MECATRÓNICA,MASCULINO,NO,2,18
LIMA,INGENIERÍA MECATRÓNICA,MASCULINO,NO,2,18
LIMA,INGENIERÍA CIVIL,MASCULINO,NO,1,17
LIMA,INGENIERÍA CIVIL,MASCULINO,NO,1,17
LIMA,INGENIERÍA QUÍMICA,MASCULINO,NO,5,22
LIMA,INGENIERÍA QUÍMICA,FEMENINO,NO,2,19
LIMA,INGENIERÍA MECATRÓNICA,MASCULINO,NO,2,19
LIMA,INGENIERÍA INDUSTRIAL,FEMENINO,NO,2,19
LIMA,INGENIERÍA CIVIL,FEMENINO,NO,2,18
LIMA,INGENIERÍA DE SISTEMAS,MASCULINO,NO,2,18
LIMA,INGENIERÍA INDUSTRIAL,MASCULINO,NO,3,19
UCAYALI,INGENIERÍA CIVIL,MASCULINO,NO,5,22
LIMA,INGENIERÍA ECONÓMICA,MASCULINO,NO,10,26
LIMA,INGENIERÍA DE SISTEMAS,MASCULINO,NO,2,18
LIMA,INGENIERÍA DE SISTEMAS,MASCULINO,SI,2,19
LIMA,INGENIERÍA MECÁNICA,MASCULINO,NO,3,19
AYACUCHO,INGENIERÍA CIVIL,MASCULINO,NO,1,18
LIMA,INGENIERÍA INDUSTRIAL,MASCULINO,NO,1,17
ANCASH,INGENIERÍA CIVIL,MASCULINO,NO,1,17
LIMA,INGENIERÍA GEOLÓGICA,FEMENINO,SI,5,21
LIMA,ARQUITECTURA,MASCULINO,NO,2,19
LIMA,INGENIERÍA DE MINAS,MASCULINO,NO,3,19
LIMA,INGENIERÍA DE SOFTWARE,MASCULINO,NO,3,19
LA LIBERTAD,INGENIERÍA INDUSTRIAL,MASCULINO,NO,2,18
LIMA,INGENIERÍA ESTADÍSTICA,MASCULINO,NO,4,19
LIMA,INGENIERÍA DE SISTEMAS,MASCULINO,NO,2,18
LIMA,INGENIERÍA DE SOFTWARE,MASCULINO,SI,5,21
LIMA,INGENIERÍA INDUSTRIAL,FEMENINO,NO,2,18
LIMA,INGENIERÍA QUÍMICA,MASCULINO,NO,2,18
LIMA,INGENIERÍA MECÁNICA,MASCULINO,NO,2,18
LIMA,INGENIERÍA ELECTRÓNICA,MASCULINO,NO,1,17
LIMA,INGENIERÍA MECATRÓNICA,MASCULINO,SI,1,18
LIMA,INGENIERÍA ELECTRÓNICA,FEMENINO,SI,2,19
LIMA,INGENIERÍA CIVIL,MASCULINO,NO,1,17
LIMA,INGENIERÍA CIVIL,MASCULINO,NO,2,19
LIMA,INGENIERÍA MECATRÓNICA,MASCULINO,SI,3,19
LIMA,INGENIERÍA AMBIENTAL,FEMENINO,NO,5,22
LIMA,INGENIERÍA INDUSTRIAL,MASCULINO,NO,2,19
LIMA,INGENIERÍA GEOLÓGICA,MASCULINO,NO,4,21
LIMA,INGENIERÍA NAVAL,MASCULINO,NO,5,21
LIMA,ARQUITECTURA,FEMENINO,NO,2,19
LIMA,INGENIERÍA DE SISTEMAS,MASCULINO,NO,3,20
JUNIN,INGENIERÍA DE TELECOMUNICACIONES,MASCULINO,NO,3,20
ANCASH,INGENIERÍA MECATRÓNICA,MASCULINO,NO,2,18
LIMA,INGENIERÍA MECATRÓNICA,MASCULINO,NO,6,26
LIMA,INGENIERÍA CIVIL,MASCULINO,NO,2,19
LIMA,INGENIERÍA AMBIENTAL,MASCULINO,SI,4,20
LIMA,INGENIERÍA CIVIL,MASCULINO,NO,2,18
LIMA,INGENIERÍA INDUSTRIAL,MASCULINO,NO,3,19
ÁNCASH,INGENIERÍA CIVIL,MASCULINO,NO,3,19
LIMA,INGENIERÍA MECATRÓNICA,MASCULINO,NO,1,17
LIMA,MATEMÁTICA,MASCULINO,NO,3,20
LIMA,INGENIERÍA DE MINAS,MASCULINO,NO,3,19
LIMA,INGENIERÍA CIVIL,FEMENINO,NO,1,17
LIMA,INGENIERÍA MECÁNICA,MASCULINO,SI,1,17
LIMA,INGENIERÍA MECÁNICA,MASCULINO,NO,5,21
CALLAO,INGENIERÍA MECÁNICA-ELÉCTRICA,MASCULINO,NO,3,19
AYACUCHO,INGENIERÍA CIVIL,MASCULINO,NO,1,17
LIMA,INGENIERÍA GEOLÓGICA,MASCULINO,NO,3,21
LIMA,INGENIERÍA CIVIL,FEMENINO,NO,5,21
LIMA,INGENIERÍA FÍSICA,MASCULINO,SI,3,20
LIMA,INGENIERÍA ESTADÍSTICA,MASCULINO,NO,1,18
LIMA,INGENIERÍA CIVIL,FEMENINO,NO,5,21
LIMA,INGENIERÍA ELÉCTRICA,MASCULINO,NO,2,18
LIMA,INGENIERÍA INDUSTRIAL,FEMENINO,NO,2,18
LIMA,INGENIERÍA DE SISTEMAS,MASCULINO,NO,3,19
LIMA,INGENIERÍA CIVIL,FEMENINO,NO,3,19
LIMA,INGENIERÍA DE SISTEMAS,MASCULINO,NO,2,18
LIMA,INGENIERÍA ELECTRÓNICA,FEMENINO,SI,4,20
LIMA,INGENIERÍA DE SISTEMAS,MASCULINO,NO,1,17
ÁNCASH,INGENIERÍA PETROQUÍMICA,FEMENINO,NO,2,18
LIMA,INGENIERÍA DE TELECOMUNICACIONES,MASCULINO,SI,1,17
LIMA,INGENIERÍA ELÉCTRICA,MASCULINO,NO,1,17
APURÍMAC,INGENIERÍA DE MINAS,FEMENINO,NO,2,18
LIMA,CIENCIA DE LA COMPUTACIÓN,MASCULINO,NO,2,18
LIMA,INGENIERÍA MECÁNICA-ELÉCTRICA,MASCULINO,NO,2,19
LIMA,INGENIERÍA DE SISTEMAS,MASCULINO,NO,2,18
LIMA,INGENIERÍA CIVIL,FEMENINO,NO,3,19
LIMA,INGENIERÍA CIVIL,MASCULINO,NO,2,18
LIMA,INGENIERÍA MECATRÓNICA,MASCULINO,NO,1,17
LIMA,ARQUITECTURA,FEMENINO,NO,3,19
LIMA,INGENIERÍA DE TELECOMUNICACIONES,MASCULINO,NO,2,19
LIMA,INGENIERÍA DE SISTEMAS,MASCULINO,NO,3,19
LIMA,INGENIERÍA QUÍMICA,MASCULINO,SI,7,23
LIMA,INGENIERÍA QUÍMICA,MASCULINO,SI,3,19
LIMA,INGENIERÍA MECATRÓNICA,MASCULINO,NO,4,20
LAMBAYEQUE,INGENIERÍA MECATRÓNICA,FEMENINO,NO,1,17
LIMA,INGENIERÍA CIVIL,MASCULINO,NO,2,19
LIMA,FÍSICA,MASCULINO,NO,6,23
LIMA,INGENIERÍA DE MINAS,MASCULINO,NO,2,18
LIMA,INGENIERÍA DE SISTEMAS,MASCULINO,NO,3,20
LIMA,INGENIERÍA MECÁNICA,MASCULINO,NO,0,16
AYACUCHO,INGENIERÍA CIVIL,MASCULINO,NO,7,18
LIMA,INGENIERÍA DE SISTEMAS,FEMENINO,NO,2,18
LIMA,INGENIERÍA CIVIL,MASCULINO,NO,4,20
LIMA,INGENIERÍA ELÉCTRICA,MASCULINO,NO,8,25
LIMA,INGENIERÍA SANITARIA,FEMENINO,NO,2,18
LIMA,ARQUITECTURA,MASCULINO,NO,2,18
LIMA,FÍSICA,MASCULINO,SI,1,17
LIMA,INGENIERÍA DE SISTEMAS,MASCULINO,NO,2,19
LIMA,INGENIERÍA DE SISTEMAS,MASCULINO,NO,2,18
LIMA,ARQUITECTURA,FEMENINO,NO,3,19
HUANUCO,INGENIERÍA ELECTRÓNICA,MASCULINO,NO,3,19
LIMA,INGENIERÍA MECÁNICA,FEMENINO,SI,1,17
LIMA,INGENIERÍA DE MINAS,MASCULINO,NO,4,20
CALLAO,INGENIERÍA SANITARIA,MASCULINO,NO,2,18
LIMA,INGENIERÍA DE CIBERSEGURIDAD,MASCULINO,NO,4,20
CALLAO,INGENIERÍA INDUSTRIAL,MASCULINO,NO,2,18
LIMA,INGENIERÍA INDUSTRIAL,MASCULINO,NO,2,19
LIMA,CIENCIA DE LA COMPUTACIÓN,MASCULINO,SI,12,28
LIMA,CIENCIA DE LA COMPUTACIÓN,MASCULINO,NO,5,21
LIMA,INGENIERÍA CIVIL,MASCULINO,NO,2,18
LIMA,INGENIERÍA DE SISTEMAS,MASCULINO,NO,1,17
LORETO,ARQUITECTURA,MASCULINO,NO,3,20
HUANCAVELICA,INGENIERÍA QUÍMICA,MASCULINO,NO,1,18
LIMA,ARQUITECTURA,MASCULINO,NO,2,18
CALLAO,INGENIERÍA AMBIENTAL,FEMENINO,SI,4,21
LIMA,INGENIERÍA CIVIL,MASCULINO,NO,1,18
LIMA,INGENIERÍA SANITARIA,FEMENINO,NO,2,18
LIMA,INGENIERÍA DE CIBERSEGURIDAD,MASCULINO,NO,2,18
LIMA,INGENIERÍA INDUSTRIAL,MASCULINO,NO,3,20
LIMA,INGENIERÍA DE SISTEMAS,MASCULINO,NO,3,19
LIMA,INGENIERÍA GEOLÓGICA,FEMENINO,NO,2,19
LIMA,INGENIERÍA CIVIL,FEMENINO,NO,3,19
JUNIN,INGENIERÍA GEOLÓGICA,MASCULINO,NO,1,18
LIMA,INGENIERÍA METALÚRGICA,MASCULINO,NO,4,20
LIMA,INGENIERÍA SANITARIA,MASCULINO,NO,2,18
ICA,INGENIERÍA METALÚRGICA,MASCULINO,NO,2,18
LIMA,INGENIERÍA MECATRÓNICA,FEMENINO,NO,2,18
LIMA,INGENIERÍA CIVIL,MASCULINO,NO,4,20
CALLAO,ARQUITECTURA,MASCULINO,NO,4,21
LIMA,ARQUITECTURA,FEMENINO,NO,1,18
LIMA,ARQUITECTURA,FEMENINO,NO,1,17
LIMA,INGENIERÍA MECATRÓNICA,MASCULINO,NO,3,19
CALLAO,INGENIERÍA DE SISTEMAS,MASCULINO,NO,3,19
ANCASH,INGENIERÍA MECATRÓNICA,MASCULINO,NO,1,17
LIMA,INGENIERÍA MECATRÓNICA,MASCULINO,NO,4,21
LIMA,ARQUITECTURA,MASCULINO,NO,4,21
LIMA,INGENIERÍA CIVIL,MASCULINO,NO,3,19
PASCO,INGENIERÍA CIVIL,MASCULINO,SI,4,20
LIMA,INGENIERÍA INDUSTRIAL,MASCULINO,NO,3,19
JUNIN,INGENIERÍA DE SISTEMAS,MASCULINO,NO,2,18
LIMA,INGENIERÍA QUÍMICA,MASCULINO,SI,4,21
LIMA,CIENCIA DE LA COMPUTACIÓN,MASCULINO,SI,3,19
LIMA,INGENIERÍA MECATRÓNICA,FEMENINO,NO,2,18
LIMA,ARQUITECTURA,FEMENINO,NO,1,17
LIMA,ARQUITECTURA,FEMENINO,NO,4,20
LIMA,INGENIERÍA MECATRÓNICA,MASCULINO,NO,1,17
LIMA,INGENIERÍA DE SISTEMAS,FEMENINO,NO,1,17
LIMA,INGENIERÍA MECÁNICA,MASCULINO,NO,2,19
LIMA,ARQUITECTURA,FEMENINO,NO,3,19
LIMA,INGENIERÍA GEOLÓGICA,MASCULINO,SI,1,18
LIMA,INGENIERÍA ELECTRÓNICA,MASCULINO,NO,3,20
LIMA,INGENIERÍA DE MINAS,MASCULINO,NO,3,20
LIMA,INGENIERÍA DE SISTEMAS,MASCULINO,NO,2,18
CUSCO,INGENIERÍA MECATRÓNICA,MASCULINO,SI,2,18
HUÁNUCO,ARQUITECTURA,FEMENINO,NO,1,17
LIMA,INGENIERÍA AMBIENTAL,MASCULINO,SI,3,20
LIMA,INGENIERÍA QUÍMICA,FEMENINO,SI,5,22
LIMA,INGENIERÍA DE TELECOMUNICACIONES,MASCULINO,NO,1,19
LIMA,INGENIERÍA QUÍMICA,MASCULINO,NO,2,18
LIMA,INGENIERÍA INDUSTRIAL,MASCULINO,SI,8,24
JUNÍN,INGENIERÍA QUÍMICA,FEMENINO,NO,5,21
LIMA,INGENIERÍA MECATRÓNICA,FEMENINO,NO,3,19
LIMA,INGENIERÍA DE MINAS,MASCULINO,NO,3,20
JUNÍN,INGENIERÍA MECATRÓNICA,MASCULINO,NO,1,17
LIMA,INGENIERÍA MECÁNICA,MASCULINO,SI,6,22
LIMA,INGENIERÍA QUÍMICA,FEMENINO,SI,3,19
LIMA,INGENIERÍA CIVIL,FEMENINO,NO,1,18
LIMA,INGENIERÍA AMBIENTAL,FEMENINO,NO,1,17
LIMA,INGENIERÍA ELECTRÓNICA,MASCULINO,NO,3,19
LIMA,INGENIERÍA DE SISTEMAS,MASCULINO,NO,2,18
LIMA,ARQUITECTURA,FEMENINO,NO,2,18
LIMA,INGENIERÍA DE MINAS,MASCULINO,NO,2,19
LIMA,INGENIERÍA DE SISTEMAS,MASCULINO,NO,2,18
LIMA,INGENIERÍA DE SISTEMAS,MASCULINO,NO,3,19
LIMA,INGENIERÍA CIVIL,MASCULINO,NO,3,18
LIMA,INGENIERÍA DE SISTEMAS,MASCULINO,NO,1,17
LIMA,ARQUITECTURA,FEMENINO,NO,2,19
LIMA,INGENIERÍA QUÍMICA,FEMENINO,NO,1,17
LIMA,INGENIERÍA MECÁNICA-ELÉCTRICA,MASCULINO,NO,3,20
LIMA,INGENIERÍA DE SISTEMAS,MASCULINO,NO,2,18
AMAZONAS,ARQUITECTURA,MASCULINO,NO,2,18
LIMA,INGENIERÍA MECATRÓNICA,MASCULINO,NO,2,18
LIMA,INGENIERÍA CIVIL,MASCULINO,NO,2,19
LIMA,ARQUITECTURA,MASCULINO,NO,4,20
LIMA,INGENIERÍA INDUSTRIAL,MASCULINO,NO,2,18
LIMA,INGENIERÍA SANITARIA,MASCULINO,SI,8,25
LIMA,INGENIERÍA CIVIL,MASCULINO,NO,1,18
LIMA,INGENIERÍA AMBIENTAL,FEMENINO,SI,10,27
LIMA,INGENIERÍA MECÁNICA,MASCULINO,NO,2,18
LIMA,INGENIERÍA ELÉCTRICA,FEMENINO,NO,3,20
LIMA,INGENIERÍA INDUSTRIAL,MASCULINO,NO,5,21
LIMA,INGENIERÍA DE SISTEMAS,FEMENINO,NO,4,20
LIMA,INGENIERÍA ELECTRÓNICA,FEMENINO,NO,4,20
LIMA,CIENCIA DE LA COMPUTACIÓN,FEMENINO,NO,4,21
LIMA,ARQUITECTURA,FEMENINO,NO,2,19
LIMA,INGENIERÍA ELECTRÓNICA,MASCULINO,NO,1,17
LIMA,INGENIERÍA ELECTRÓNICA,MASCULINO,NO,1,17
APURÍMAC,ARQUITECTURA,FEMENINO,NO,1,17
PASCO,INGENIERÍA AMBIENTAL,FEMENINO,NO,0,18
CALLAO,INGENIERÍA INDUSTRIAL,MASCULINO,NO,10,27
LIMA,INGENIERÍA INDUSTRIAL,MASCULINO,NO,2,18
LIMA,INGENIERÍA ELECTRÓNICA,MASCULINO,NO,1,17
LIMA,INGENIERÍA DE SISTEMAS,MASCULINO,NO,2,18
LIMA,INGENIERÍA DE TELECOMUNICACIONES,MASCULINO,SI,1,18
HUANUCO,ARQUITECTURA,FEMENINO,NO,4,19
LIMA,ARQUITECTURA,MASCULINO,NO,8,25
LIMA,INGENIERÍA CIVIL,FEMENINO,NO,1,18
LIMA,INGENIERÍA ECONÓMICA,MASCULINO,NO,1,18
LIMA,INGENIERÍA DE SISTEMAS,MASCULINO,NO,6,22
LIMA,ARQUITECTURA,MASCULINO,NO,1,18
LIMA,INGENIERÍA MECATRÓNICA,MASCULINO,NO,1,18
LIMA,INGENIERÍA DE MINAS,MASCULINO,NO,2,19
LIMA,CIENCIA DE LA COMPUTACIÓN,MASCULINO,NO,3,19
ANCASH,INGENIERÍA CIVIL,FEMENINO,NO,1,18
LIMA,ARQUITECTURA,MASCULINO,NO,2,18
LIMA,INGENIERÍA INDUSTRIAL,MASCULINO,NO,3,19
ICA,INGENIERÍA CIVIL,MASCULINO,NO,1,18
LIMA,ARQUITECTURA,MASCULINO,NO,2,18
LIMA,INGENIERÍA MECATRÓNICA,MASCULINO,NO,2,18
LIMA,QUÍMICA,FEMENINO,NO,3,19
AYACUCHO,INGENIERÍA FÍSICA,MASCULINO,SI,7,23
LIMA,INGENIERÍA CIVIL,MASCULINO,NO,4,20
JUNIN,INGENIERÍA ESTADÍSTICA,MASCULINO,SI,3,19
LIMA,INGENIERÍA ELECTRÓNICA,MASCULINO,NO,2,18
LIMA,INGENIERÍA DE SISTEMAS,MASCULINO,NO,3,19
LIMA,INGENIERÍA DE SISTEMAS,MASCULINO,NO,3,19
LIMA,INGENIERÍA ECONÓMICA,FEMENINO,NO,1,18
LIMA,INGENIERÍA AMBIENTAL,FEMENINO,NO,1,17
LIMA,INGENIERÍA DE SISTEMAS,MASCULINO,NO,1,17
LIMA,INGENIERÍA INDUSTRIAL,FEMENINO,SI,1,17
LIMA,INGENIERÍA ECONÓMICA,MASCULINO,NO,2,18
LIMA,ARQUITECTURA,FEMENINO,NO,3,19
CALLAO,INGENIERÍA CIVIL,FEMENINO,NO,9,24
LIMA,INGENIERÍA CIVIL,MASCULINO,NO,2,18
LIMA,ARQUITECTURA,FEMENINO,NO,3,20
CALLAO,CIENCIA DE LA COMPUTACIÓN,MASCULINO,NO,2,18
LIMA,CIENCIA DE LA COMPUTACIÓN,MASCULINO,NO,5,22
LIMA,INGENIERÍA ESTADÍSTICA,FEMENINO,NO,-1,16
LIMA,INGENIERÍA DE SISTEMAS,MASCULINO,NO,2,18
LIMA,INGENIERÍA DE SISTEMAS,MASCULINO,NO,1,17
CALLAO,INGENIERÍA DE HIGIENE Y SEGURIDAD INDUSTRIAL,MASCULINO,NO,4,21
LIMA,INGENIERÍA DE MINAS,MASCULINO,NO,2,18
LIMA,INGENIERÍA MECÁNICA,MASCULINO,NO,1,17
CALLAO,INGENIERÍA INDUSTRIAL,MASCULINO,NO,2,19
LIMA,INGENIERÍA DE SISTEMAS,MASCULINO,NO,4,20
LIMA,INGENIERÍA MECATRÓNICA,MASCULINO,SI,3,19
LIMA,INGENIERÍA GEOLÓGICA,MASCULINO,NO,1,19
LIMA,INGENIERÍA DE TELECOMUNICACIONES,MASCULINO,NO,2,19
JUNÍN,INGENIERÍA CIVIL,MASCULINO,NO,1,17
LIMA,MATEMÁTICA,MASCULINO,NO,1,17
LAMBAYEQUE,INGENIERÍA DE SISTEMAS,MASCULINO,NO,3,20
LIMA,INGENIERÍA CIVIL,MASCULINO,NO,2,18
LIMA,INGENIERÍA MECATRÓNICA,MASCULINO,NO,1,18
LIMA,INGENIERÍA ELECTRÓNICA,MASCULINO,NO,2,19
LIMA,INGENIERÍA CIVIL,MASCULINO,SI,3,19
LIMA,INGENIERÍA SANITARIA,MASCULINO,NO,5,22
LIMA,INGENIERÍA DE MINAS,MASCULINO,NO,2,18
LIMA,INGENIERÍA AMBIENTAL,MASCULINO,NO,4,21
LIMA,INGENIERÍA QUÍMICA,FEMENINO,NO,2,18
LIMA,INGENIERÍA MECATRÓNICA,MASCULINO,NO,1,17
LIMA,INGENIERÍA CIVIL,FEMENINO,NO,9,26
LIMA,INGENIERÍA MECÁNICA-ELÉCTRICA,MASCULINO,NO,3,19
LIMA,INGENIERÍA MECATRÓNICA,MASCULINO,NO,2,18
LIMA,INGENIERÍA ELECTRÓNICA,MASCULINO,NO,2,19
LIMA,MATEMÁTICA,FEMENINO,SI,1,17
LIMA,ARQUITECTURA,FEMENINO,NO,1,18
CALLAO,INGENIERÍA SANITARIA,FEMENINO,NO,2,18
LIMA,INGENIERÍA INDUSTRIAL,MASCULINO,NO,3,19
LAMBAYEQUE,INGENIERÍA DE SISTEMAS,FEMENINO,NO,1,18
LIMA,INGENIERÍA DE TELECOMUNICACIONES,MASCULINO,NO,2,19
LIMA,INGENIERÍA INDUSTRIAL,MASCULINO,NO,2,18
LIMA,INGENIERÍA DE TELECOMUNICACIONES,FEMENINO,NO,2,18
LIMA,INGENIERÍA INDUSTRIAL,MASCULINO,NO,1,17
LIMA,INGENIERÍA DE SISTEMAS,MASCULINO,NO,0,16
LIMA,INGENIERÍA MECÁNICA,MASCULINO,SI,2,19
LIMA,INGENIERÍA ESTADÍSTICA,MASCULINO,NO,1,17
LIMA,INGENIERÍA MECÁNICA,MASCULINO,NO,2,18
LIMA,INGENIERÍA PETROQUÍMICA,MASCULINO,SI,4,20
ICA,INGENIERÍA DE SISTEMAS,MASCULINO,NO,2,18
LIMA,INGENIERÍA DE SISTEMAS,FEMENINO,NO,2,18
LIMA,ARQUITECTURA,MASCULINO,NO,1,18
LIMA,INGENIERÍA ELÉCTRICA,MASCULINO,NO,2,18
LIMA,INGENIERÍA MECATRÓNICA,MASCULINO,SI,4,20
LIMA,INGENIERÍA CIVIL,MASCULINO,NO,3,18
LIMA,INGENIERÍA DE MINAS,MASCULINO,NO,1,17
LIMA,CIENCIA DE LA COMPUTACIÓN,MASCULINO,SI,1,18
LIMA,ARQUITECTURA,FEMENINO,NO,2,18
LIMA,INGENIERÍA DE SISTEMAS,MASCULINO,NO,3,19
LIMA,ARQUITECTURA,MASCULINO,NO,4,21
LIMA,INGENIERÍA DE SISTEMAS,MASCULINO,SI,2,18
LIMA,INGENIERÍA CIVIL,MASCULINO,NO,1,17
LAMBAYEQUE,INGENIERÍA DE TELECOMUNICACIONES,MASCULINO,NO,1,17
LIMA,INGENIERÍA DE SISTEMAS,MASCULINO,NO,1,20
LIMA,ARQUITECTURA,FEMENINO,NO,2,18
LIMA,INGENIERÍA DE SISTEMAS,MASCULINO,NO,2,19
LIMA,INGENIERÍA DE SISTEMAS,MASCULINO,NO,3,19
LIMA,ARQUITECTURA,FEMENINO,NO,1,17
LIMA,INGENIERÍA INDUSTRIAL,MASCULINO,NO,1,17
LIMA,INGENIERÍA DE SISTEMAS,MASCULINO,NO,1,18
AREQUIPA,INGENIERÍA QUÍMICA,MASCULINO,SI,3,20
CALLAO,INGENIERÍA INDUSTRIAL,MASCULINO,NO,3,19
LIMA,INGENIERÍA ECONÓMICA,FEMENINO,NO,2,18
APURÍMAC,INGENIERÍA MECATRÓNICA,MASCULINO,NO,2,18
LIMA,ARQUITECTURA,FEMENINO,NO,1,18
LIMA,INGENIERÍA CIVIL,MASCULINO,NO,3,19
LIMA,INGENIERÍA DE SISTEMAS,MASCULINO,SI,3,19
LIMA,INGENIERÍA INDUSTRIAL,MASCULINO,NO,2,19
LIMA,INGENIERÍA MECATRÓNICA,MASCULINO,NO,3,19
LIMA,INGENIERÍA DE TELECOMUNICACIONES,MASCULINO,SI,4,21
LIMA,INGENIERÍA CIVIL,MASCULINO,NO,1,17
LIMA,INGENIERÍA MECÁNICA,MASCULINO,NO,3,19
LIMA,INGENIERÍA MECÁNICA-ELÉCTRICA,MASCULINO,NO,4,20
LIMA,ARQUITECTURA,FEMENINO,NO,3,20
LIMA,ARQUITECTURA,MASCULINO,NO,4,20
LIMA,ARQUITECTURA,MASCULINO,NO,2,18
LIMA,INGENIERÍA NAVAL,FEMENINO,NO,2,19
CALLAO,INGENIERÍA MECATRÓNICA,MASCULINO,NO,3,19
LIMA,INGENIERÍA CIVIL,MASCULINO,NO,4,20
ICA,INGENIERÍA CIVIL,FEMENINO,NO,1,17
LIMA,INGENIERÍA DE SISTEMAS,MASCULINO,NO,2,18
LIMA,ARQUITECTURA,FEMENINO,NO,4,20
LIMA,INGENIERÍA DE SISTEMAS,MASCULINO,NO,1,17
LIMA,INGENIERÍA AMBIENTAL,MASCULINO,NO,2,19
LIMA,INGENIERÍA DE SISTEMAS,MASCULINO,NO,1,18
ICA,ARQUITECTURA,FEMENINO,NO,3,20
AYACUCHO,INGENIERÍA ELÉCTRICA,MASCULINO,NO,16,34
LIMA,INGENIERÍA INDUSTRIAL,MASCULINO,NO,1,17
LIMA,INGENIERÍA DE SISTEMAS,MASCULINO,NO,7,23
APURIMAC,INGENIERÍA ESTADÍSTICA,FEMENINO,NO,2,18
LIMA,INGENIERÍA DE CIBERSEGURIDAD,MASCULINO,NO,5,22
LIMA,INGENIERÍA CIVIL,FEMENINO,NO,4,21
ICA,INGENIERÍA CIVIL,MASCULINO,NO,2,19
LIMA,INGENIERÍA CIVIL,MASCULINO,NO,1,17
LIMA,FÍSICA,MASCULINO,SI,2,18
LIMA,INGENIERÍA MECATRÓNICA,MASCULINO,NO,3,20
LIMA,INGENIERÍA DE CIBERSEGURIDAD,MASCULINO,NO,5,21
LIMA,INGENIERÍA CIVIL,MASCULINO,NO,6,22
CALLAO,ARQUITECTURA,FEMENINO,NO,2,18
CALLAO,INGENIERÍA DE SISTEMAS,MASCULINO,NO,1,18
HUANUCO,INGENIERÍA CIVIL,MASCULINO,NO,3,20
LIMA,INGENIERÍA MECÁNICA,MASCULINO,NO,3,20
LIMA,INGENIERÍA DE SISTEMAS,MASCULINO,NO,3,19
CALLAO,ARQUITECTURA,MASCULINO,NO,2,18
JUNIN,FÍSICA,MASCULINO,SI,2,19
LIMA,ARQUITECTURA,MASCULINO,NO,1,17
LIMA,FÍSICA,FEMENINO,NO,6,23
LIMA,INGENIERÍA METALÚRGICA,MASCULINO,NO,3,19
LIMA,INGENIERÍA MECATRÓNICA,MASCULINO,NO,1,18
LIMA,INGENIERÍA ECONÓMICA,FEMENINO,NO,3,19
LIMA,INGENIERÍA DE MINAS,FEMENINO,NO,2,18
LIMA,INGENIERÍA INDUSTRIAL,FEMENINO,NO,3,19
LIMA,MATEMÁTICA,MASCULINO,NO,3,19
LIMA,INGENIERÍA NAVAL,MASCULINO,SI,2,18
JUNIN,INGENIERÍA CIVIL,FEMENINO,NO,2,18
LIMA,INGENIERÍA CIVIL,MASCULINO,NO,2,18
LIMA,INGENIERÍA METALÚRGICA,FEMENINO,NO,1,18
LIMA,INGENIERÍA INDUSTRIAL,FEMENINO,NO,1,17
LIMA,INGENIERÍA CIVIL,FEMENINO,NO,1,17
SAN MARTÍN,INGENIERÍA CIVIL,MASCULINO,NO,3,19
LIMA,INGENIERÍA ELECTRÓNICA,MASCULINO,NO,1,17
LIMA,INGENIERÍA DE SISTEMAS,MASCULINO,NO,9,25
LIMA,INGENIERÍA DE TELECOMUNICACIONES,MASCULINO,NO,2,19
LIMA,INGENIERÍA METALÚRGICA,MASCULINO,NO,3,20
AYACUCHO,INGENIERÍA CIVIL,MASCULINO,NO,1,17
ICA,INGENIERÍA DE SISTEMAS,MASCULINO,NO,1,18
LIMA,INGENIERÍA INDUSTRIAL,MASCULINO,NO,2,18
LIMA,ARQUITECTURA,FEMENINO,NO,2,19
ÁNCASH,INGENIERÍA QUÍMICA,MASCULINO,NO,1,16
PUNO,INGENIERÍA CIVIL,MASCULINO,SI,3,19
LAMBAYEQUE,CIENCIA DE LA COMPUTACIÓN,MASCULINO,NO,5,21
LIMA,INGENIERÍA MECATRÓNICA,MASCULINO,NO,2,18
CALLAO,INGENIERÍA INDUSTRIAL,MASCULINO,NO,3,18
LIMA,INGENIERÍA MECÁNICA,MASCULINO,NO,3,19
LIMA,INGENIERÍA CIVIL,MASCULINO,NO,1,17
LIMA,INGENIERÍA MECÁNICA,MASCULINO,NO,2,18
LIMA,INGENIERÍA INDUSTRIAL,MASCULINO,SI,2,18
LIMA,ARQUITECTURA,FEMENINO,NO,1,17
LIMA,CIENCIA DE LA COMPUTACIÓN,MASCULINO,NO,6,23
LIMA,INGENIERÍA CIVIL,MASCULINO,NO,2,19
SAN MARTÍN,INGENIERÍA ELECTRÓNICA,MASCULINO,NO,3,19
LIMA,INGENIERÍA CIVIL,MASCULINO,NO,2,18
LIMA,ARQUITECTURA,FEMENINO,NO,1,18
LIMA,INGENIERÍA ELECTRÓNICA,MASCULINO,SI,2,18
LIMA,INGENIERÍA DE SISTEMAS,MASCULINO,SI,3,19
LIMA,INGENIERÍA DE SISTEMAS,MASCULINO,NO,2,19
LIMA,INGENIERÍA DE SISTEMAS,MASCULINO,NO,1,18
LIMA,INGENIERÍA CIVIL,MASCULINO,NO,2,18
LIMA,INGENIERÍA CIVIL,MASCULINO,NO,3,20
ÁNCASH,INGENIERÍA MECATRÓNICA,MASCULINO,NO,1,17
LIMA,INGENIERÍA ECONÓMICA,FEMENINO,NO,1,18
LIMA,MATEMÁTICA,MASCULINO,NO,5,21
LIMA,INGENIERÍA ELECTRÓNICA,MASCULINO,NO,1,17
LIMA,INGENIERÍA ECONÓMICA,MASCULINO,NO,4,20
APURÍMAC,INGENIERÍA CIVIL,MASCULINO,NO,1,18
LIMA,INGENIERÍA PETROQUÍMICA,MASCULINO,NO,4,21
LIMA,INGENIERÍA DE HIGIENE Y SEGURIDAD INDUSTRIAL,MASCULINO,NO,6,22
LIMA,INGENIERÍA MECATRÓNICA,MASCULINO,NO,1,18
HUÁNUCO,INGENIERÍA MECATRÓNICA,FEMENINO,NO,2,19
LIMA,INGENIERÍA DE SISTEMAS,MASCULINO,NO,1,17
LIMA,INGENIERÍA QUÍMICA,MASCULINO,SI,1,17
HUÁNUCO,INGENIERÍA CIVIL,MASCULINO,NO,7,24
LIMA,INGENIERÍA MECÁNICA,MASCULINO,SI,3,19
LIMA,INGENIERÍA DE SISTEMAS,MASCULINO,NO,2,18
LIMA,INGENIERÍA MECATRÓNICA,MASCULINO,NO,1,17
LIMA,INGENIERÍA ELECTRÓNICA,MASCULINO,SI,4,20
LIMA,INGENIERÍA MECATRÓNICA,MASCULINO,NO,3,20
HUANCAVELICA,INGENIERÍA MECATRÓNICA,MASCULINO,NO,7,24
LIMA,INGENIERÍA CIVIL,MASCULINO,NO,4,20
LIMA,INGENIERÍA DE SISTEMAS,MASCULINO,NO,3,20
LIMA,INGENIERÍA CIVIL,MASCULINO,NO,5,21
LIMA,INGENIERÍA CIVIL,MASCULINO,NO,2,19
LIMA,INGENIERÍA FÍSICA,MASCULINO,NO,4,20
LIMA,INGENIERÍA INDUSTRIAL,FEMENINO,NO,4,20
LIMA,INGENIERÍA MECATRÓNICA,MASCULINO,NO,2,19
CALLAO,INGENIERÍA ELECTRÓNICA,MASCULINO,NO,1,17
LIMA,INGENIERÍA CIVIL,MASCULINO,NO,2,19
LIMA,INGENIERÍA ECONÓMICA,FEMENINO,NO,3,20
LIMA,INGENIERÍA DE SISTEMAS,MASCULINO,NO,2,18
CAJAMARCA,INGENIERÍA ELÉCTRICA,MASCULINO,NO,2,18
LIMA,INGENIERÍA ELÉCTRICA,MASCULINO,NO,3,18
LIMA,INGENIERÍA DE SISTEMAS,MASCULINO,NO,3,19
LIMA,INGENIERÍA ELÉCTRICA,MASCULINO,NO,3,20
LIMA,INGENIERÍA DE SISTEMAS,FEMENINO,NO,4,20
LIMA,INGENIERÍA MECATRÓNICA,MASCULINO,NO,2,18
LIMA,INGENIERÍA INDUSTRIAL,MASCULINO,NO,2,18
LIMA,INGENIERÍA MECÁNICA-ELÉCTRICA,MASCULINO,NO,1,18
LIMA,INGENIERÍA DE SISTEMAS,MASCULINO,NO,2,18
APURÍMAC,INGENIERÍA DE SISTEMAS,MASCULINO,NO,4,20
LIMA,INGENIERÍA CIVIL,MASCULINO,NO,1,18
LIMA,CIENCIA DE LA COMPUTACIÓN,FEMENINO,NO,3,19
LIMA,MATEMÁTICA,MASCULINO,NO,3,20
TUMBES,INGENIERÍA MECATRÓNICA,MASCULINO,NO,4,20
LIMA,INGENIERÍA DE TELECOMUNICACIONES,MASCULINO,SI,4,21
CALLAO,INGENIERÍA DE TELECOMUNICACIONES,MASCULINO,NO,1,17
LIMA,INGENIERÍA CIVIL,MASCULINO,NO,1,18
AYACUCHO,INGENIERÍA CIVIL,MASCULINO,NO,1,17
CALLAO,ARQUITECTURA,MASCULINO,NO,5,21
LIMA,INGENIERÍA CIVIL,MASCULINO,NO,2,18
LIMA,ARQUITECTURA,MASCULINO,NO,2,18
LIMA,ARQUITECTURA,MASCULINO,SI,5,21
LIMA,INGENIERÍA INDUSTRIAL,FEMENINO,NO,1,17
LIMA,ARQUITECTURA,FEMENINO,NO,5,21
JUNÍN,ARQUITECTURA,MASCULINO,NO,1,18
LIMA,INGENIERÍA MECÁNICA,MASCULINO,NO,2,19
LIMA,INGENIERÍA ESTADÍSTICA,MASCULINO,SI,14,31
LIMA,INGENIERÍA INDUSTRIAL,MASCULINO,NO,2,18
LIMA,INGENIERÍA DE SISTEMAS,MASCULINO,NO,4,25
LIMA,INGENIERÍA AMBIENTAL,FEMENINO,NO,2,18
LIMA,ARQUITECTURA,MASCULINO,NO,4,21
LIMA,INGENIERÍA INDUSTRIAL,MASCULINO,NO,1,18
LIMA,INGENIERÍA CIVIL,MASCULINO,SI,20,20
LIMA,INGENIERÍA INDUSTRIAL,MASCULINO,NO,1,17
LIMA,INGENIERÍA DE SISTEMAS,MASCULINO,NO,2,18
LIMA,INGENIERÍA MECÁNICA,MASCULINO,NO,2,18
LIMA,INGENIERÍA CIVIL,MASCULINO,NO,3,20
ECUADOR,INGENIERÍA MECATRÓNICA,MASCULINO,NO,5,23
APURIMAC,INGENIERÍA CIVIL,MASCULINO,NO,3,19
JUNIN,ARQUITECTURA,FEMENINO,NO,1,18
LIMA,INGENIERÍA QUÍMICA,MASCULINO,NO,2,19
LIMA,INGENIERÍA INDUSTRIAL,FEMENINO,NO,2,19
JUNIN,INGENIERÍA CIVIL,FEMENINO,NO,1,18
LIMA,INGENIERÍA INDUSTRIAL,MASCULINO,NO,1,18
CUSCO,INGENIERÍA MECATRÓNICA,MASCULINO,NO,1,17
ICA,INGENIERÍA DE SISTEMAS,MASCULINO,NO,1,17
LIMA,INGENIERÍA ELECTRÓNICA,MASCULINO,NO,2,18
LIMA,INGENIERÍA DE MINAS,MASCULINO,SI,5,21
LIMA,INGENIERÍA MECÁNICA,MASCULINO,NO,5,21
LIMA,INGENIERÍA ELÉCTRICA,MASCULINO,NO,2,19
LIMA,INGENIERÍA DE SISTEMAS,FEMENINO,NO,1,18
LIMA,INGENIERÍA DE SISTEMAS,FEMENINO,NO,2,19
LIMA,INGENIERÍA DE SISTEMAS,MASCULINO,NO,2,18
LIMA,INGENIERÍA MECÁNICA,MASCULINO,NO,2,19
LIMA,ARQUITECTURA,FEMENINO,SI,5,21
JUNÍN,INGENIERÍA CIVIL,FEMENINO,SI,2,18
LIMA,INGENIERÍA MECATRÓNICA,MASCULINO,NO,4,21
LIMA,INGENIERÍA DE SISTEMAS,MASCULINO,NO,1,18
LIMA,INGENIERÍA CIVIL,FEMENINO,NO,1,18
LIMA,INGENIERÍA MECÁNICA,MASCULINO,NO,3,19
CALLAO,INGENIERÍA AMBIENTAL,MASCULINO,NO,4,20
LIMA,INGENIERÍA MECATRÓNICA,MASCULINO,NO,3,19
LIMA,CIENCIA DE LA COMPUTACIÓN,MASCULINO,SI,3,19
LIMA,INGENIERÍA MECATRÓNICA,MASCULINO,SI,2,19
LIMA,INGENIERÍA ECONÓMICA,MASCULINO,NO,1,19
LIMA,INGENIERÍA QUÍMICA,MASCULINO,SI,2,18
LIMA,INGENIERÍA AMBIENTAL,MASCULINO,SI,3,19
LIMA,INGENIERÍA MECATRÓNICA,MASCULINO,NO,2,18
JUNÍN,INGENIERÍA INDUSTRIAL,FEMENINO,NO,2,18
LIMA,INGENIERÍA DE SISTEMAS,MASCULINO,NO,4,21
LIMA,INGENIERÍA DE SISTEMAS,FEMENINO,NO,2,18
JUNÍN,INGENIERÍA MECATRÓNICA,MASCULINO,SI,17,34
JUNÍN,INGENIERÍA DE SISTEMAS,MASCULINO,NO,2,19
LIMA,ARQUITECTURA,FEMENINO,NO,4,20
LIMA,INGENIERÍA AMBIENTAL,MASCULINO,SI,9,25
LIMA,INGENIERÍA CIVIL,MASCULINO,SI,2,19
LIMA,INGENIERÍA ELÉCTRICA,MASCULINO,NO,22,40
LIMA,INGENIERÍA CIVIL,MASCULINO,NO,2,18
JUNÍN,INGENIERÍA INDUSTRIAL,MASCULINO,NO,1,18
LIMA,INGENIERÍA DE TELECOMUNICACIONES,MASCULINO,NO,4,19
LIMA,INGENIERÍA INDUSTRIAL,FEMENINO,SI,4,20
LIMA,INGENIERÍA INDUSTRIAL,FEMENINO,NO,1,18
LIMA,INGENIERÍA DE SISTEMAS,FEMENINO,NO,2,19
LIMA,INGENIERÍA INDUSTRIAL,MASCULINO,NO,1,17
LIMA,INGENIERÍA AMBIENTAL,MASCULINO,SI,3,19
LIMA,ARQUITECTURA,FEMENINO,NO,5,22
LIMA,INGENIERÍA DE TELECOMUNICACIONES,MASCULINO,NO,5,21
LIMA,INGENIERÍA INDUSTRIAL,FEMENINO,NO,5,21
SAN MARTÍN,INGENIERÍA MECATRÓNICA,MASCULINO,NO,1,17
LIMA,INGENIERÍA CIVIL,MASCULINO,NO,2,18
LIMA,INGENIERÍA INDUSTRIAL,MASCULINO,NO,2,19
LIMA,INGENIERÍA GEOLÓGICA,FEMENINO,NO,3,19
LIMA,INGENIERÍA INDUSTRIAL,FEMENINO,NO,8,28
LIMA,INGENIERÍA CIVIL,MASCULINO,NO,3,20
LIMA,ARQUITECTURA,FEMENINO,SI,4,20
LIMA,INGENIERÍA GEOLÓGICA,MASCULINO,SI,4,20
LIMA,INGENIERÍA INDUSTRIAL,MASCULINO,NO,2,19
LIMA,INGENIERÍA DE SISTEMAS,MASCULINO,NO,2,18
LIMA,INGENIERÍA AMBIENTAL,MASCULINO,SI,3,19
LIMA,INGENIERÍA DE SISTEMAS,MASCULINO,NO,1,17
LIMA,INGENIERÍA DE SISTEMAS,FEMENINO,NO,2,18
LIMA,INGENIERÍA CIVIL,MASCULINO,NO,1,17
LIMA,INGENIERÍA DE CIBERSEGURIDAD,MASCULINO,NO,1,18
LIMA,INGENIERÍA DE SISTEMAS,MASCULINO,NO,2,18
LIMA,INGENIERÍA QUÍMICA,MASCULINO,NO,2,18
LIMA,INGENIERÍA ELECTRÓNICA,MASCULINO,NO,2,18
AREQUIPA,INGENIERÍA CIVIL,FEMENINO,NO,1,17
LIMA,INGENIERÍA CIVIL,FEMENINO,NO,3,19
LIMA,CIENCIA DE LA COMPUTACIÓN,MASCULINO,NO,1,17
LIMA,ARQUITECTURA,FEMENINO,NO,4,21
LIMA,INGENIERÍA DE SISTEMAS,MASCULINO,NO,4,20
LIMA,INGENIERÍA ELÉCTRICA,MASCULINO,NO,6,23
LIMA,INGENIERÍA DE SISTEMAS,MASCULINO,NO,1,17
LIMA,INGENIERÍA MECÁNICA,MASCULINO,NO,2,19
LIMA,INGENIERÍA CIVIL,MASCULINO,NO,2,19
LIMA,ARQUITECTURA,FEMENINO,NO,2,18
LIMA,INGENIERÍA CIVIL,MASCULINO,SI,3,19
LIMA,INGENIERÍA DE SISTEMAS,MASCULINO,NO,1,18
LIMA,FÍSICA,MASCULINO,NO,2,19
LIMA,INGENIERÍA MECATRÓNICA,MASCULINO,NO,1,18
LIMA,INGENIERÍA MECÁNICA-ELÉCTRICA,MASCULINO,NO,4,21
LA LIBERTAD,INGENIERÍA INDUSTRIAL,MASCULINO,NO,3,20
LIMA,INGENIERÍA CIVIL,MASCULINO,NO,1,17
LIMA,ARQUITECTURA,FEMENINO,NO,2,18
LIMA,INGENIERÍA DE SISTEMAS,MASCULINO,SI,4,20
LIMA,ARQUITECTURA,FEMENINO,NO,3,19
LIMA,INGENIERÍA ELÉCTRICA,MASCULINO,NO,1,17
LIMA,QUÍMICA,MASCULINO,NO,3,19
LIMA,INGENIERÍA GEOLÓGICA,FEMENINO,NO,5,22
CAJAMARCA,INGENIERÍA DE SISTEMAS,MASCULINO,NO,1,17
LIMA,INGENIERÍA DE SISTEMAS,MASCULINO,NO,2,19
PASCO,INGENIERÍA PETROQUÍMICA,MASCULINO,NO,1,17
LIMA,INGENIERÍA CIVIL,MASCULINO,NO,3,20
LIMA,INGENIERÍA MECÁNICA,FEMENINO,NO,1,17
ÁNCASH,INGENIERÍA AMBIENTAL,FEMENINO,NO,1,17
LIMA,INGENIERÍA ELÉCTRICA,MASCULINO,NO,3,19
LIMA,INGENIERÍA DE TELECOMUNICACIONES,MASCULINO,NO,2,18
LIMA,INGENIERÍA CIVIL,MASCULINO,NO,2,18
ÁNCASH,CIENCIA DE LA COMPUTACIÓN,MASCULINO,NO,4,21
LIMA,INGENIERÍA ELECTRÓNICA,MASCULINO,NO,2,19
LIMA,INGENIERÍA DE SISTEMAS,MASCULINO,NO,2,19
LIMA,ARQUITECTURA,FEMENINO,NO,1,17
CALLAO,INGENIERÍA INDUSTRIAL,MASCULINO,NO,5,22
LIMA,INGENIERÍA QUÍMICA,MASCULINO,NO,2,19
LIMA,INGENIERÍA DE SISTEMAS,MASCULINO,NO,3,20
LIMA,INGENIERÍA AMBIENTAL,MASCULINO,NO,2,19
LIMA,INGENIERÍA ELÉCTRICA,MASCULINO,SI,5,21
LIMA,FÍSICA,MASCULINO,SI,2,19
LIMA,ARQUITECTURA,FEMENINO,NO,2,19
LIMA,INGENIERÍA CIVIL,MASCULINO,NO,2,19
HUANUCO,INGENIERÍA CIVIL,MASCULINO,NO,1,18
LIMA,INGENIERÍA DE SOFTWARE,MASCULINO,NO,2,18
LIMA,INGENIERÍA DE SISTEMAS,MASCULINO,NO,1,18
LIMA,INGENIERÍA MECÁNICA,MASCULINO,SI,2,19
LIMA,INGENIERÍA MECATRÓNICA,MASCULINO,NO,2,18
LIMA,CIENCIA DE LA COMPUTACIÓN,MASCULINO,NO,4,20
LIMA,INGENIERÍA ECONÓMICA,MASCULINO,NO,3,19
LIMA,INGENIERÍA SANITARIA,FEMENINO,NO,2,18
CALLAO,INGENIERÍA QUÍMICA,FEMENINO,NO,2,19
LA LIBERTAD,INGENIERÍA MECATRÓNICA,MASCULINO,NO,2,18
LIMA,INGENIERÍA DE MINAS,FEMENINO,NO,3,18
LIMA,INGENIERÍA GEOLÓGICA,FEMENINO,NO,2,18
LIMA,INGENIERÍA ECONÓMICA,MASCULINO,NO,5,21
AYACUCHO,INGENIERÍA DE SISTEMAS,MASCULINO,NO,3,19
LIMA,CIENCIA DE LA COMPUTACIÓN,FEMENINO,NO,1,17
LIMA,INGENIERÍA CIVIL,FEMENINO,NO,3,19
LIMA,INGENIERÍA CIVIL,MASCULINO,NO,2,19
LIMA,INGENIERÍA MECATRÓNICA,MASCULINO,NO,1,17
LIMA,INGENIERÍA CIVIL,MASCULINO,NO,2,18
LIMA,INGENIERÍA ELECTRÓNICA,MASCULINO,NO,3,19
CALLAO,INGENIERÍA MECATRÓNICA,MASCULINO,NO,0,17
LIMA,INGENIERÍA MECÁNICA,MASCULINO,NO,1,18
LIMA,INGENIERÍA INDUSTRIAL,FEMENINO,NO,2,18
LIMA,INGENIERÍA CIVIL,MASCULINO,NO,2,18
LIMA,INGENIERÍA ESTADÍSTICA,MASCULINO,NO,2,18
PUNO,INGENIERÍA CIVIL,MASCULINO,NO,1,18
LIMA,INGENIERÍA CIVIL,MASCULINO,NO,2,19
LIMA,INGENIERÍA MECÁNICA,MASCULINO,SI,1,18
LIMA,INGENIERÍA DE TELECOMUNICACIONES,MASCULINO,NO,5,21
LIMA,INGENIERÍA CIVIL,MASCULINO,NO,3,19
LIMA,INGENIERÍA CIVIL,FEMENINO,NO,1,18
CAJAMARCA,ARQUITECTURA,FEMENINO,NO,3,20
LIMA,INGENIERÍA MECATRÓNICA,MASCULINO,NO,2,18
LIMA,INGENIERÍA ECONÓMICA,MASCULINO,NO,2,18
CAJAMARCA,ARQUITECTURA,MASCULINO,NO,1,18
LIMA,INGENIERÍA DE CIBERSEGURIDAD,MASCULINO,NO,2,19
LIMA,INGENIERÍA CIVIL,MASCULINO,NO,2,19
CALLAO,ARQUITECTURA,FEMENINO,NO,4,20
LIMA,INGENIERÍA DE SISTEMAS,MASCULINO,NO,2,18
LIMA,INGENIERÍA INDUSTRIAL,MASCULINO,NO,2,17
JUNIN,INGENIERÍA CIVIL,MASCULINO,NO,6,22
LIMA,INGENIERÍA CIVIL,MASCULINO,SI,2,19
LIMA,INGENIERÍA INDUSTRIAL,MASCULINO,NO,6,22
LIMA,INGENIERÍA DE SISTEMAS,MASCULINO,NO,1,17
LAMBAYEQUE,INGENIERÍA DE MINAS,MASCULINO,NO,1,17
LIMA,INGENIERÍA ECONÓMICA,FEMENINO,NO,3,19
LIMA,INGENIERÍA INDUSTRIAL,MASCULINO,NO,1,17
PUNO,INGENIERÍA INDUSTRIAL,FEMENINO,NO,11,27
LIMA,INGENIERÍA SANITARIA,MASCULINO,NO,2,17
LIMA,INGENIERÍA INDUSTRIAL,FEMENINO,NO,7,24
LIMA,INGENIERÍA DE SISTEMAS,MASCULINO,NO,3,18
LAMBAYEQUE,INGENIERÍA CIVIL,MASCULINO,NO,1,17
LIMA,INGENIERÍA QUÍMICA,FEMENINO,NO,3,19
HUANUCO,INGENIERÍA MECATRÓNICA,MASCULINO,NO,3,19
LIMA,INGENIERÍA DE SISTEMAS,MASCULINO,NO,2,18
LIMA,ARQUITECTURA,FEMENINO,NO,3,20
LIMA,INGENIERÍA MECATRÓNICA,MASCULINO,NO,1,17
LIMA,ARQUITECTURA,MASCULINO,NO,2,18
MADRE DE DIOS,ARQUITECTURA,FEMENINO,NO,2,19
LIMA,INGENIERÍA CIVIL,MASCULINO,NO,2,18
LIMA,INGENIERÍA DE SISTEMAS,MASCULINO,NO,2,20
CALLAO,ARQUITECTURA,FEMENINO,NO,2,18
LIMA,INGENIERÍA ELECTRÓNICA,MASCULINO,NO,2,19
LIMA,INGENIERÍA ELÉCTRICA,MASCULINO,NO,3,19
LIMA,INGENIERÍA ELÉCTRICA,MASCULINO,NO,3,20
LIMA,INGENIERÍA DE SISTEMAS,MASCULINO,NO,2,19
LIMA,CIENCIA DE LA COMPUTACIÓN,MASCULINO,NO,3,19
LIMA,INGENIERÍA CIVIL,FEMENINO,NO,4,21
AMAZONAS,INGENIERÍA DE TELECOMUNICACIONES,MASCULINO,NO,2,19
LIMA,INGENIERÍA MECÁNICA-ELÉCTRICA,MASCULINO,NO,6,21
LIMA,INGENIERÍA ECONÓMICA,MASCULINO,NO,3,19
LIMA,INGENIERÍA CIVIL,MASCULINO,NO,2,20
LIMA,INGENIERÍA ECONÓMICA,MASCULINO,NO,4,20
LIMA,INGENIERÍA MECÁNICA,MASCULINO,SI,2,18
LIMA,INGENIERÍA DE CIBERSEGURIDAD,MASCULINO,NO,1,17
LIMA,INGENIERÍA INDUSTRIAL,FEMENINO,NO,2,18
LIMA,FÍSICA,MASCULINO,NO,2,19
JUNIN,INGENIERÍA ECONÓMICA,MASCULINO,NO,2,18
LIMA,CIENCIA DE LA COMPUTACIÓN,MASCULINO,NO,2,18
LIMA,MATEMÁTICA,MASCULINO,NO,5,22
LIMA,INGENIERÍA SANITARIA,MASCULINO,NO,6,22
LIMA,INGENIERÍA INDUSTRIAL,MASCULINO,NO,1,17
LIMA,INGENIERÍA DE SISTEMAS,MASCULINO,NO,1,18
CALLAO,INGENIERÍA MECATRÓNICA,FEMENINO,NO,2,19
LIMA,INGENIERÍA ELÉCTRICA,MASCULINO,NO,2,18
LIMA,INGENIERÍA DE SISTEMAS,FEMENINO,NO,4,21
ICA,INGENIERÍA CIVIL,FEMENINO,NO,2,19
LIMA,INGENIERÍA ECONÓMICA,FEMENINO,NO,3,19
LIMA,ARQUITECTURA,MASCULINO,NO,14,30
LIMA,INGENIERÍA CIVIL,FEMENINO,NO,2,18
LIMA,INGENIERÍA MECÁNICA,MASCULINO,NO,10,26
LIMA,INGENIERÍA TEXTIL,FEMENINO,NO,1,18
ICA,INGENIERÍA ELECTRÓNICA,MASCULINO,NO,5,22
LIMA,INGENIERÍA CIVIL,MASCULINO,NO,1,17
LIMA,CIENCIA DE LA COMPUTACIÓN,FEMENINO,NO,4,20
LIMA,ARQUITECTURA,MASCULINO,NO,4,20
LIMA,INGENIERÍA DE SISTEMAS,MASCULINO,NO,2,18
LIMA,ARQUITECTURA,FEMENINO,NO,4,20
ICA,INGENIERÍA MECATRÓNICA,MASCULINO,NO,4,20
JUNIN,INGENIERÍA MECÁNICA,MASCULINO,NO,2,18
LIMA,INGENIERÍA DE SISTEMAS,MASCULINO,NO,3,19
LIMA,INGENIERÍA CIVIL,MASCULINO,NO,1,17
CALLAO,ARQUITECTURA,FEMENINO,NO,3,19
LIMA,INGENIERÍA MECATRÓNICA,MASCULINO,NO,2,19
LIMA,INGENIERÍA ECONÓMICA,MASCULINO,NO,1,17
LIMA,INGENIERÍA DE SISTEMAS,MASCULINO,NO,2,19
PIURA,INGENIERÍA INDUSTRIAL,MASCULINO,NO,1,18
ICA,INGENIERÍA CIVIL,MASCULINO,NO,3,19
LIMA,INGENIERÍA DE TELECOMUNICACIONES,MASCULINO,NO,5,20
CALLAO,INGENIERÍA ECONÓMICA,FEMENINO,NO,2,19
LIMA,INGENIERÍA MECATRÓNICA,FEMENINO,NO,2,18
LIMA,INGENIERÍA ECONÓMICA,FEMENINO,NO,4,21
LIMA,INGENIERÍA DE SISTEMAS,MASCULINO,NO,2,18
LIMA,INGENIERÍA INDUSTRIAL,MASCULINO,SI,14,30
LIMA,ARQUITECTURA,FEMENINO,NO,1,17
HUANCAVELICA,INGENIERÍA DE MINAS,FEMENINO,NO,2,19
LIMA,ARQUITECTURA,FEMENINO,NO,1,17
LIMA,INGENIERÍA DE SISTEMAS,MASCULINO,NO,18,34
LIMA,INGENIERÍA DE SISTEMAS,MASCULINO,NO,2,19
LAMBAYEQUE,INGENIERÍA CIVIL,MASCULINO,NO,1,17
LIMA,INGENIERÍA DE SISTEMAS,MASCULINO,SI,5,20
LIMA,FÍSICA,MASCULINO,NO,1,18
LIMA,CIENCIA DE LA COMPUTACIÓN,MASCULINO,SI,12,28
LIMA,INGENIERÍA AMBIENTAL,FEMENINO,NO,2,19
LIMA,INGENIERÍA ELECTRÓNICA,MASCULINO,NO,3,19
LIMA,CIENCIA DE LA COMPUTACIÓN,MASCULINO,NO,1,18
LIMA,INGENIERÍA CIVIL,MASCULINO,NO,1,17
LIMA,INGENIERÍA MECÁNICA,MASCULINO,NO,3,20
LIMA,INGENIERÍA DE SISTEMAS,MASCULINO,NO,2,19
LIMA,ARQUITECTURA,MASCULINO,SI,4,19
LIMA,INGENIERÍA CIVIL,MASCULINO,NO,6,22
LIMA,INGENIERÍA DE SISTEMAS,MASCULINO,NO,1,17
LIMA,INGENIERÍA ELÉCTRICA,MASCULINO,NO,3,19
LIMA,INGENIERÍA CIVIL,FEMENINO,NO,2,18
APURIMAC,INGENIERÍA ECONÓMICA,MASCULINO,NO,4,20
PASCO,ARQUITECTURA,MASCULINO,NO,2,20
LIMA,INGENIERÍA INDUSTRIAL,MASCULINO,SI,4,20
LIMA,INGENIERÍA INDUSTRIAL,MASCULINO,NO,3,20
LIMA,INGENIERÍA AMBIENTAL,MASCULINO,NO,5,21
LIMA,INGENIERÍA MECÁNICA-ELÉCTRICA,FEMENINO,NO,2,18
CALLAO,INGENIERÍA DE TELECOMUNICACIONES,MASCULINO,NO,2,18
LIMA,INGENIERÍA MECATRÓNICA,MASCULINO,NO,4,20
LIMA,INGENIERÍA ECONÓMICA,MASCULINO,NO,1,18
APURÍMAC,INGENIERÍA MECATRÓNICA,MASCULINO,NO,1,17
LIMA,INGENIERÍA DE SISTEMAS,MASCULINO,NO,8,24
LIMA,INGENIERÍA DE MINAS,MASCULINO,NO,1,17
APURÍMAC,FÍSICA,MASCULINO,SI,3,19
JUNÍN,INGENIERÍA DE SISTEMAS,MASCULINO,NO,1,17
ICA,INGENIERÍA INDUSTRIAL,FEMENINO,NO,1,18
LIMA,INGENIERÍA INDUSTRIAL,MASCULINO,SI,4,20
CAJAMARCA,ARQUITECTURA,FEMENINO,NO,1,17
LIMA,INGENIERÍA MECATRÓNICA,MASCULINO,NO,2,18
LIMA,INGENIERÍA CIVIL,MASCULINO,NO,1,17
LIMA,INGENIERÍA MECÁNICA,MASCULINO,NO,6,22
LIMA,INGENIERÍA CIVIL,MASCULINO,NO,2,18
LIMA,INGENIERÍA ECONÓMICA,MASCULINO,NO,3,19
LIMA,INGENIERÍA INDUSTRIAL,MASCULINO,NO,2,18
LIMA,INGENIERÍA DE SISTEMAS,MASCULINO,NO,2,19
LIMA,INGENIERÍA AMBIENTAL,MASCULINO,SI,5,21
LIMA,INGENIERÍA DE SISTEMAS,MASCULINO,NO,3,19
LIMA,ARQUITECTURA,FEMENINO,NO,1,18
LIMA,INGENIERÍA CIVIL,MASCULINO,NO,2,18
LIMA,INGENIERÍA GEOLÓGICA,MASCULINO,SI,5,22
LIMA,INGENIERÍA CIVIL,MASCULINO,NO,1,18
LIMA,FÍSICA,MASCULINO,NO,2,18
LIMA,INGENIERÍA MECÁNICA-ELÉCTRICA,MASCULINO,NO,1,17
JUNÍN,INGENIERÍA DE SISTEMAS,MASCULINO,NO,2,18
LIMA,INGENIERÍA DE SISTEMAS,MASCULINO,NO,1,18
LIMA,INGENIERÍA MECÁNICA,MASCULINO,NO,2,18
LIMA,INGENIERÍA ECONÓMICA,FEMENINO,SI,6,22
LIMA,INGENIERÍA DE SISTEMAS,MASCULINO,NO,2,19
LIMA,INGENIERÍA DE SISTEMAS,MASCULINO,NO,1,18
LIMA,INGENIERÍA INDUSTRIAL,FEMENINO,NO,2,19
CALLAO,INGENIERÍA DE SISTEMAS,MASCULINO,NO,2,19
ÁNCASH,INGENIERÍA CIVIL,MASCULINO,NO,2,18
LIMA,INGENIERÍA QUÍMICA,FEMENINO,NO,4,21
LIMA,ARQUITECTURA,MASCULINO,NO,1,18
LIMA,INGENIERÍA MECATRÓNICA,MASCULINO,NO,1,17
LIMA,INGENIERÍA CIVIL,MASCULINO,NO,1,17
LIMA,INGENIERÍA MECATRÓNICA,MASCULINO,NO,3,19
LIMA,INGENIERÍA CIVIL,MASCULINO,NO,3,19
LIMA,INGENIERÍA QUÍMICA,FEMENINO,NO,7,24
LIMA,ARQUITECTURA,MASCULINO,NO,1,17
LIMA,INGENIERÍA MECÁNICA,MASCULINO,NO,4,21
LIMA,INGENIERÍA DE SISTEMAS,MASCULINO,NO,2,18
CALLAO,INGENIERÍA DE SISTEMAS,MASCULINO,NO,6,22
LIMA,QUÍMICA,MASCULINO,NO,5,21
LIMA,INGENIERÍA DE MINAS,MASCULINO,NO,0,17
LIMA,INGENIERÍA ESTADÍSTICA,MASCULINO,SI,6,23
LIMA,INGENIERÍA DE SISTEMAS,MASCULINO,NO,3,18
LIMA,INGENIERÍA MECÁNICA-ELÉCTRICA,MASCULINO,SI,5,22
AREQUIPA,INGENIERÍA DE SISTEMAS,MASCULINO,NO,2,18
LIMA,INGENIERÍA CIVIL,FEMENINO,NO,3,19
LIMA,INGENIERÍA DE SISTEMAS,MASCULINO,NO,1,17
LIMA,MATEMÁTICA,FEMENINO,NO,3,19
LIMA,INGENIERÍA MECATRÓNICA,MASCULINO,NO,2,18
LIMA,INGENIERÍA DE PETRÓLEO Y GAS NATURAL,MASCULINO,NO,3,20
LIMA,INGENIERÍA CIVIL,FEMENINO,NO,3,19
LIMA,CIENCIA DE LA COMPUTACIÓN,MASCULINO,NO,3,19
LIMA,INGENIERÍA ECONÓMICA,MASCULINO,NO,8,25
TACNA,INGENIERÍA DE SISTEMAS,MASCULINO,NO,9,25
LIMA,INGENIERÍA CIVIL,MASCULINO,NO,4,21
LIMA,INGENIERÍA CIVIL,FEMENINO,NO,1,17
LIMA,INGENIERÍA ECONÓMICA,MASCULINO,SI,1,18
LIMA,INGENIERÍA ELECTRÓNICA,MASCULINO,NO,2,19
AYACUCHO,INGENIERÍA DE CIBERSEGURIDAD,MASCULINO,NO,2,18
LIMA,INGENIERÍA MECÁNICA-ELÉCTRICA,MASCULINO,NO,5,21
MADRE DE DIOS,INGENIERÍA MECATRÓNICA,MASCULINO,NO,1,17
APURIMAC,ARQUITECTURA,FEMENINO,NO,3,19
LIMA,INGENIERÍA DE SISTEMAS,MASCULINO,NO,1,17
LIMA,INGENIERÍA INDUSTRIAL,MASCULINO,NO,1,17
LIMA,INGENIERÍA DE SISTEMAS,MASCULINO,NO,1,17
LIMA,INGENIERÍA MECÁNICA-ELÉCTRICA,FEMENINO,NO,2,19
ICA,INGENIERÍA INDUSTRIAL,MASCULINO,NO,1,17
LIMA,INGENIERÍA MECATRÓNICA,MASCULINO,NO,1,17
LIMA,INGENIERÍA DE SISTEMAS,MASCULINO,NO,1,18
LIMA,INGENIERÍA DE TELECOMUNICACIONES,MASCULINO,NO,4,20
LIMA,INGENIERÍA INDUSTRIAL,MASCULINO,SI,3,19
LIMA,INGENIERÍA AMBIENTAL,MASCULINO,NO,6,22
LIMA,INGENIERÍA ESTADÍSTICA,MASCULINO,NO,3,19
LIMA,INGENIERÍA CIVIL,FEMENINO,NO,2,19
LIMA,INGENIERÍA DE MINAS,MASCULINO,NO,1,18
LIMA,INGENIERÍA DE SISTEMAS,MASCULINO,SI,4,20
LIMA,INGENIERÍA INDUSTRIAL,MASCULINO,SI,1,18
LIMA,INGENIERÍA INDUSTRIAL,MASCULINO,NO,1,18
LIMA,INGENIERÍA AMBIENTAL,MASCULINO,NO,2,19
LAMBAYEQUE,INGENIERÍA CIVIL,MASCULINO,NO,1,17
JUNÍN,INGENIERÍA CIVIL,MASCULINO,NO,1,17
LIMA,INGENIERÍA CIVIL,MASCULINO,NO,2,18
LIMA,INGENIERÍA DE MINAS,MASCULINO,NO,4,21
LIMA,FÍSICA,MASCULINO,SI,1,18
LIMA,INGENIERÍA CIVIL,MASCULINO,NO,3,19
LIMA,FÍSICA,FEMENINO,NO,2,18
LIMA,INGENIERÍA CIVIL,MASCULINO,NO,2,18
LIMA,INGENIERÍA CIVIL,MASCULINO,NO,3,20
LIMA,INGENIERÍA CIVIL,MASCULINO,NO,3,20
LIMA,INGENIERÍA MECATRÓNICA,FEMENINO,NO,1,18
CUSCO,INGENIERÍA MECATRÓNICA,MASCULINO,SI,4,20
JUNIN,INGENIERÍA CIVIL,MASCULINO,NO,2,19
LIMA,INGENIERÍA GEOLÓGICA,MASCULINO,NO,3,19
LIMA,ARQUITECTURA,FEMENINO,NO,2,18
LIMA,INGENIERÍA CIVIL,MASCULINO,NO,1,17
LA LIBERTAD,ARQUITECTURA,MASCULINO,NO,2,19
LIMA,INGENIERÍA CIVIL,FEMENINO,NO,1,18
LIMA,INGENIERÍA DE HIGIENE Y SEGURIDAD INDUSTRIAL,FEMENINO,NO,2,18
LIMA,INGENIERÍA CIVIL,MASCULINO,NO,5,21
LIMA,INGENIERÍA INDUSTRIAL,MASCULINO,SI,5,21
LIMA,INGENIERÍA CIVIL,MASCULINO,NO,2,18
LIMA,ARQUITECTURA,MASCULINO,NO,2,19
LIMA,INGENIERÍA DE SISTEMAS,MASCULINO,NO,2,18
APURIMAC,INGENIERÍA MECÁNICA-ELÉCTRICA,MASCULINO,NO,1,17
LIMA,INGENIERÍA ECONÓMICA,FEMENINO,SI,3,19
CALLAO,INGENIERÍA DE MINAS,MASCULINO,NO,2,19
SAN MARTIN,INGENIERÍA DE SISTEMAS,MASCULINO,NO,2,19
LAMBAYEQUE,ARQUITECTURA,MASCULINO,NO,2,19
LIMA,INGENIERÍA DE MINAS,MASCULINO,SI,1,17
LIMA,INGENIERÍA INDUSTRIAL,MASCULINO,NO,4,20
LIMA,INGENIERÍA DE SISTEMAS,MASCULINO,NO,2,18
LIMA,INGENIERÍA DE MINAS,MASCULINO,NO,5,21
LIMA,INGENIERÍA MECATRÓNICA,MASCULINO,SI,3,19
LIMA,INGENIERÍA MECATRÓNICA,MASCULINO,NO,2,18
PASCO,INGENIERÍA CIVIL,MASCULINO,NO,3,19
LIMA,INGENIERÍA CIVIL,MASCULINO,NO,6,22
LORETO,ARQUITECTURA,FEMENINO,NO,3,20
ANCASH,INGENIERÍA MECATRÓNICA,MASCULINO,NO,3,19
LIMA,INGENIERÍA ELÉCTRICA,MASCULINO,NO,2,18
LIMA,INGENIERÍA DE TELECOMUNICACIONES,MASCULINO,NO,1,18
AREQUIPA,INGENIERÍA ELECTRÓNICA,MASCULINO,NO,2,19
ANCASH,INGENIERÍA CIVIL,MASCULINO,NO,1,17
LIMA,ARQUITECTURA,MASCULINO,SI,2,18
LIMA,INGENIERÍA DE MINAS,MASCULINO,NO,3,19
LIMA,INGENIERÍA METALÚRGICA,FEMENINO,NO,3,19
LIMA,INGENIERÍA CIVIL,MASCULINO,NO,2,18
LIMA,ARQUITECTURA,FEMENINO,NO,3,18
LIMA,INGENIERÍA DE MINAS,MASCULINO,NO,5,21
LIMA,INGENIERÍA CIVIL,MASCULINO,NO,1,17
ICA,INGENIERÍA MECATRÓNICA,MASCULINO,NO,1,16
LIMA,ARQUITECTURA,MASCULINO,NO,1,18
LIMA,INGENIERÍA CIVIL,MASCULINO,NO,3,19
LIMA,INGENIERÍA DE SISTEMAS,MASCULINO,NO,1,18
LIMA,CIENCIA DE LA COMPUTACIÓN,MASCULINO,SI,5,21
LIMA,INGENIERÍA DE MINAS,MASCULINO,NO,1,17
LIMA,INGENIERÍA CIVIL,MASCULINO,SI,4,21
LIMA,INGENIERÍA DE SISTEMAS,MASCULINO,NO,3,19
LIMA,INGENIERÍA MECÁNICA,MASCULINO,NO,7,23
LIMA,INGENIERÍA DE SISTEMAS,MASCULINO,SI,7,23
LIMA,INGENIERÍA MECATRÓNICA,MASCULINO,SI,1,17
AYACUCHO,INGENIERÍA CIVIL,FEMENINO,NO,1,17
LIMA,ARQUITECTURA,FEMENINO,NO,2,19
LIMA,INGENIERÍA METALÚRGICA,MASCULINO,NO,3,19
LIMA,INGENIERÍA INDUSTRIAL,MASCULINO,NO,2,19
LIMA,INGENIERÍA CIVIL,MASCULINO,NO,5,20
UCAYALI,INGENIERÍA DE SISTEMAS,MASCULINO,NO,3,19
LIMA,INGENIERÍA DE SISTEMAS,MASCULINO,NO,1,18
LIMA,INGENIERÍA MECÁNICA,MASCULINO,NO,1,18
LIMA,INGENIERÍA DE SISTEMAS,MASCULINO,NO,1,17
LIMA,INGENIERÍA DE HIGIENE Y SEGURIDAD INDUSTRIAL,MASCULINO,NO,2,18
LIMA,INGENIERÍA MECÁNICA-ELÉCTRICA,MASCULINO,SI,13,29
APURÍMAC,INGENIERÍA ELÉCTRICA,MASCULINO,NO,2,18
LIMA,ARQUITECTURA,MASCULINO,NO,2,18
LIMA,INGENIERÍA DE SISTEMAS,FEMENINO,SI,1,17
LIMA,INGENIERÍA INDUSTRIAL,MASCULINO,SI,5,22
LAMBAYEQUE,INGENIERÍA CIVIL,MASCULINO,NO,1,18
PUNO,ARQUITECTURA,FEMENINO,NO,1,17
LIMA,INGENIERÍA INDUSTRIAL,MASCULINO,SI,3,19
LIMA,ARQUITECTURA,FEMENINO,NO,2,19
LIMA,INGENIERÍA QUÍMICA,MASCULINO,SI,1,17
CALLAO,INGENIERÍA MECATRÓNICA,MASCULINO,NO,2,18
CUSCO,INGENIERÍA MECATRÓNICA,MASCULINO,NO,2,18
LA LIBERTAD,INGENIERÍA ELÉCTRICA,MASCULINO,SI,1,18
LIMA,INGENIERÍA DE SISTEMAS,MASCULINO,NO,3,19
LIMA,INGENIERÍA DE SISTEMAS,MASCULINO,NO,2,18
LIMA,INGENIERÍA MECATRÓNICA,MASCULINO,NO,1,18
LIMA,INGENIERÍA CIVIL,FEMENINO,NO,2,19
LAMBAYEQUE,INGENIERÍA DE SISTEMAS,MASCULINO,NO,2,19
JUNIN,INGENIERÍA METALÚRGICA,MASCULINO,NO,3,19
LIMA,INGENIERÍA CIVIL,MASCULINO,NO,3,19
LIMA,INGENIERÍA DE SISTEMAS,MASCULINO,SI,5,21
LIMA,INGENIERÍA DE SISTEMAS,MASCULINO,NO,3,19
LIMA,INGENIERÍA DE SISTEMAS,MASCULINO,NO,1,17
LAMBAYEQUE,INGENIERÍA INDUSTRIAL,MASCULINO,NO,2,18
LIMA,INGENIERÍA GEOLÓGICA,MASCULINO,SI,3,19
LIMA,INGENIERÍA DE SISTEMAS,MASCULINO,NO,2,18
LIMA,INGENIERÍA DE SISTEMAS,MASCULINO,NO,2,18
LIMA,INGENIERÍA QUÍMICA,FEMENINO,SI,3,18
LIMA,INGENIERÍA DE SISTEMAS,MASCULINO,SI,4,20
LIMA,INGENIERÍA DE PETRÓLEO Y GAS NATURAL,MASCULINO,NO,1,17
PUNO,INGENIERÍA MECATRÓNICA,MASCULINO,NO,2,19
LIMA,INGENIERÍA MECATRÓNICA,MASCULINO,NO,4,21
LIMA,INGENIERÍA ELECTRÓNICA,MASCULINO,SI,3,20
LIMA,INGENIERÍA DE SISTEMAS,MASCULINO,NO,2,18
LIMA,CIENCIA DE LA COMPUTACIÓN,FEMENINO,NO,3,19
LIMA,INGENIERÍA CIVIL,MASCULINO,NO,3,19
ANCASH,INGENIERÍA MECÁNICA,MASCULINO,NO,3,19
ANCASH,INGENIERÍA CIVIL,MASCULINO,NO,5,21
LIMA,INGENIERÍA ECONÓMICA,MASCULINO,NO,45,61
LIMA,INGENIERÍA DE CIBERSEGURIDAD,MASCULINO,NO,3,19
LIMA,INGENIERÍA MECATRÓNICA,MASCULINO,NO,2,18
LIMA,INGENIERÍA ECONÓMICA,FEMENINO,NO,2,18
LIMA,INGENIERÍA DE CIBERSEGURIDAD,MASCULINO,NO,2,19
LIMA,INGENIERÍA CIVIL,FEMENINO,NO,2,18
LIMA,ARQUITECTURA,MASCULINO,SI,3,19
LIMA,INGENIERÍA ELÉCTRICA,FEMENINO,NO,4,21
LIMA,INGENIERÍA DE MINAS,FEMENINO,NO,5,21
LIMA,INGENIERÍA AMBIENTAL,MASCULINO,SI,3,20
AMAZONAS,ARQUITECTURA,FEMENINO,NO,2,18
LIMA,ARQUITECTURA,FEMENINO,NO,2,19
ÁNCASH,INGENIERÍA DE TELECOMUNICACIONES,MASCULINO,NO,3,19
CALLAO,INGENIERÍA CIVIL,MASCULINO,NO,2,18
LIMA,INGENIERÍA INDUSTRIAL,MASCULINO,SI,4,21
LIMA,INGENIERÍA CIVIL,FEMENINO,NO,1,17
LIMA,INGENIERÍA DE SISTEMAS,MASCULINO,NO,2,19
LIMA,INGENIERÍA DE SISTEMAS,MASCULINO,NO,1,18
LIMA,INGENIERÍA INDUSTRIAL,MASCULINO,NO,4,20
LIMA,INGENIERÍA DE SISTEMAS,MASCULINO,NO,2,18
LIMA,INGENIERÍA ELECTRÓNICA,MASCULINO,NO,2,19
LIMA,INGENIERÍA DE SISTEMAS,MASCULINO,NO,1,17
LIMA,INGENIERÍA DE TELECOMUNICACIONES,MASCULINO,NO,4,21
LIMA,INGENIERÍA INDUSTRIAL,MASCULINO,NO,2,19
LIMA,INGENIERÍA DE SISTEMAS,MASCULINO,NO,0,17
LIMA,INGENIERÍA DE SISTEMAS,MASCULINO,NO,2,18
LIMA,INGENIERÍA DE SISTEMAS,MASCULINO,NO,2,18
LORETO,INGENIERÍA MECÁNICA,MASCULINO,NO,2,18
LIMA,ARQUITECTURA,FEMENINO,NO,2,19
LIMA,INGENIERÍA DE SISTEMAS,MASCULINO,NO,1,17
ICA,INGENIERÍA MECÁNICA-ELÉCTRICA,MASCULINO,SI,3,19
LIMA,INGENIERÍA DE SISTEMAS,MASCULINO,NO,2,19
LIMA,INGENIERÍA QUÍMICA,MASCULINO,NO,10,26
LIMA,INGENIERÍA ELECTRÓNICA,MASCULINO,NO,7,23
LIMA,INGENIERÍA CIVIL,MASCULINO,NO,2,18
LIMA,ARQUITECTURA,FEMENINO,NO,1,17
LIMA,CIENCIA DE LA COMPUTACIÓN,MASCULINO,NO,5,21
LIMA,INGENIERÍA CIVIL,MASCULINO,NO,4,20
LIMA,ARQUITECTURA,FEMENINO,NO,2,18
CALLAO,ARQUITECTURA,FEMENINO,NO,2,19
LIMA,INGENIERÍA INDUSTRIAL,FEMENINO,NO,4,20
LIMA,INGENIERÍA QUÍMICA,MASCULINO,NO,2,19
LIMA,INGENIERÍA MECATRÓNICA,MASCULINO,NO,3,19
LAMBAYEQUE,INGENIERÍA DE CIBERSEGURIDAD,MASCULINO,NO,2,18
LIMA,ARQUITECTURA,MASCULINO,NO,1,17
LIMA,INGENIERÍA CIVIL,FEMENINO,NO,1,17
LA LIBERTAD,INGENIERÍA ELECTRÓNICA,MASCULINO,NO,6,23
LIMA,INGENIERÍA DE CIBERSEGURIDAD,FEMENINO,NO,2,19
LIMA,INGENIERÍA DE TELECOMUNICACIONES,MASCULINO,NO,5,21
LIMA,ARQUITECTURA,FEMENINO,NO,2,18
ANCASH,ARQUITECTURA,MASCULINO,SI,3,20
LIMA,ARQUITECTURA,MASCULINO,NO,2,18
LIMA,INGENIERÍA ECONÓMICA,MASCULINO,NO,2,19
LIMA,INGENIERÍA DE SISTEMAS,MASCULINO,NO,1,17
LIMA,ARQUITECTURA,FEMENINO,NO,2,18
LIMA,INGENIERÍA ELECTRÓNICA,MASCULINO,NO,4,20
LIMA,INGENIERÍA DE SISTEMAS,MASCULINO,NO,2,19
LIMA,INGENIERÍA DE SISTEMAS,MASCULINO,NO,4,21
LIMA,INGENIERÍA INDUSTRIAL,MASCULINO,NO,3,19
LIMA,INGENIERÍA MECATRÓNICA,MASCULINO,NO,3,19
LIMA,INGENIERÍA INDUSTRIAL,FEMENINO,NO,1,17
LIMA,INGENIERÍA DE CIBERSEGURIDAD,MASCULINO,NO,3,19
UCAYALI,INGENIERÍA ECONÓMICA,MASCULINO,NO,3,18
LIMA,INGENIERÍA CIVIL,MASCULINO,NO,2,18
LIMA,INGENIERÍA MECATRÓNICA,MASCULINO,NO,1,18
LIMA,INGENIERÍA CIVIL,MASCULINO,NO,4,20
LIMA,ARQUITECTURA,MASCULINO,NO,2,19
LIMA,INGENIERÍA INDUSTRIAL,MASCULINO,NO,3,20
LIMA,INGENIERÍA DE CIBERSEGURIDAD,MASCULINO,NO,3,19
LIMA,INGENIERÍA ELECTRÓNICA,MASCULINO,NO,1,17
LIMA,INGENIERÍA MECÁNICA,MASCULINO,NO,3,19
LIMA,INGENIERÍA DE HIGIENE Y SEGURIDAD INDUSTRIAL,FEMENINO,NO,3,19
LIMA,CIENCIA DE LA COMPUTACIÓN,MASCULINO,NO,2,18
LIMA,INGENIERÍA DE MINAS,MASCULINO,SI,2,19
LIMA,INGENIERÍA QUÍMICA,MASCULINO,NO,2,18
LIMA,INGENIERÍA MECATRÓNICA,MASCULINO,NO,1,17
LIMA,INGENIERÍA MECATRÓNICA,MASCULINO,NO,2,19
LIMA,INGENIERÍA CIVIL,MASCULINO,SI,5,21
LIMA,INGENIERÍA DE SISTEMAS,FEMENINO,SI,7,23
ICA,INGENIERÍA DE MINAS,MASCULINO,NO,1,18
LIMA,INGENIERÍA DE MINAS,MASCULINO,NO,0,16
CALLAO,INGENIERÍA INDUSTRIAL,MASCULINO,NO,11,28
LIMA,INGENIERÍA DE SISTEMAS,FEMENINO,NO,3,19
LIMA,INGENIERÍA ECONÓMICA,FEMENINO,NO,4,21
LIMA,INGENIERÍA DE SISTEMAS,MASCULINO,NO,3,19
LIMA,INGENIERÍA DE HIGIENE Y SEGURIDAD INDUSTRIAL,FEMENINO,SI,3,19
LIMA,INGENIERÍA DE TELECOMUNICACIONES,MASCULINO,NO,4,20
LIMA,INGENIERÍA QUÍMICA,FEMENINO,SI,4,21
JUNIN,INGENIERÍA DE MINAS,MASCULINO,SI,1,17
LAMBAYEQUE,FÍSICA,MASCULINO,SI,11,27
LIMA,INGENIERÍA DE SISTEMAS,MASCULINO,NO,2,18
LIMA,ARQUITECTURA,FEMENINO,NO,3,19
LIMA,INGENIERÍA INDUSTRIAL,MASCULINO,NO,2,19
LIMA,INGENIERÍA CIVIL,MASCULINO,NO,2,18
LIMA,ARQUITECTURA,FEMENINO,NO,2,18
ANCASH,INGENIERÍA DE MINAS,MASCULINO,NO,10,27
LIMA,INGENIERÍA AMBIENTAL,MASCULINO,NO,7,24
LIMA,INGENIERÍA DE SISTEMAS,MASCULINO,NO,2,19
LIMA,INGENIERÍA DE SISTEMAS,MASCULINO,NO,1,17
ANCASH,INGENIERÍA INDUSTRIAL,FEMENINO,SI,3,19
HUANUCO,INGENIERÍA DE SISTEMAS,MASCULINO,NO,2,18
LIMA,INGENIERÍA INDUSTRIAL,MASCULINO,NO,2,18
LIMA,INGENIERÍA CIVIL,MASCULINO,SI,2,19
LIMA,INGENIERÍA CIVIL,FEMENINO,NO,2,19
LIMA,INGENIERÍA DE SISTEMAS,MASCULINO,NO,1,17
LIMA,INGENIERÍA DE SISTEMAS,MASCULINO,NO,3,19
LIMA,INGENIERÍA INDUSTRIAL,MASCULINO,NO,2,19
LIMA,INGENIERÍA CIVIL,FEMENINO,NO,1,18
LIMA,INGENIERÍA DE SISTEMAS,FEMENINO,NO,1,18
PASCO,INGENIERÍA INDUSTRIAL,FEMENINO,NO,2,19
LIMA,INGENIERÍA QUÍMICA,MASCULINO,NO,1,17
LIMA,ARQUITECTURA,FEMENINO,NO,2,18
LIMA,INGENIERÍA CIVIL,MASCULINO,NO,3,19
SAN MARTIN,INGENIERÍA PETROQUÍMICA,MASCULINO,SI,1,17
LIMA,INGENIERÍA CIVIL,MASCULINO,NO,2,18
PASCO,INGENIERÍA METALÚRGICA,MASCULINO,SI,15,31
ANCASH,INGENIERÍA MECATRÓNICA,MASCULINO,NO,2,18
APURIMAC,INGENIERÍA MECATRÓNICA,MASCULINO,NO,1,18
LIMA,INGENIERÍA CIVIL,MASCULINO,NO,1,17
LIMA,ARQUITECTURA,MASCULINO,NO,4,20
APURÍMAC,INGENIERÍA DE SISTEMAS,MASCULINO,NO,1,17
LIMA,INGENIERÍA DE SISTEMAS,MASCULINO,NO,2,19
LIMA,ARQUITECTURA,MASCULINO,NO,1,17
LIMA,INGENIERÍA AMBIENTAL,FEMENINO,NO,1,17
LIMA,INGENIERÍA ELÉCTRICA,MASCULINO,NO,2,19
CAJAMARCA,INGENIERÍA ECONÓMICA,FEMENINO,NO,1,18
LIMA,INGENIERÍA DE SISTEMAS,MASCULINO,NO,3,19
LIMA,INGENIERÍA AMBIENTAL,MASCULINO,NO,2,19
LIMA,INGENIERÍA CIVIL,MASCULINO,NO,2,19
HUÁNUCO,INGENIERÍA CIVIL,MASCULINO,NO,1,17
LIMA,INGENIERÍA CIVIL,MASCULINO,NO,3,19
LIMA,INGENIERÍA DE SISTEMAS,MASCULINO,NO,3,19
LIMA,INGENIERÍA CIVIL,MASCULINO,NO,2,18
CALLAO,INGENIERÍA CIVIL,MASCULINO,NO,2,19
LIMA,INGENIERÍA CIVIL,MASCULINO,NO,1,17
LIMA,INGENIERÍA MECÁNICA,MASCULINO,NO,3,20
CALLAO,INGENIERÍA METALÚRGICA,MASCULINO,NO,1,17
LIMA,INGENIERÍA DE SISTEMAS,MASCULINO,NO,3,19
LIMA,INGENIERÍA INDUSTRIAL,MASCULINO,NO,4,20
CUSCO,INGENIERÍA FÍSICA,MASCULINO,SI,5,22
LIMA,INGENIERÍA AMBIENTAL,FEMENINO,NO,4,20
LIMA,INGENIERÍA DE MINAS,MASCULINO,SI,4,21
LIMA,INGENIERÍA CIVIL,MASCULINO,NO,2,19
LIMA,INGENIERÍA DE HIGIENE Y SEGURIDAD INDUSTRIAL,MASCULINO,NO,2,18
LIMA,INGENIERÍA CIVIL,MASCULINO,NO,2,18
LIMA,INGENIERÍA MECÁNICA,MASCULINO,NO,3,20
LAMBAYEQUE,INGENIERÍA GEOLÓGICA,MASCULINO,NO,4,21
LIMA,INGENIERÍA MECATRÓNICA,MASCULINO,SI,3,19
LIMA,INGENIERÍA DE SISTEMAS,MASCULINO,SI,6,22
LIMA,INGENIERÍA INDUSTRIAL,MASCULINO,NO,3,19
LIMA,INGENIERÍA CIVIL,MASCULINO,NO,1,17
LIMA,INGENIERÍA NAVAL,MASCULINO,NO,1,17
LIMA,INGENIERÍA INDUSTRIAL,FEMENINO,NO,2,19
LIMA,CIENCIA DE LA COMPUTACIÓN,FEMENINO,NO,7,23
LIMA,INGENIERÍA DE SISTEMAS,MASCULINO,NO,3,19
LIMA,INGENIERÍA DE SISTEMAS,FEMENINO,NO,1,17
LIMA,INGENIERÍA QUÍMICA,MASCULINO,SI,3,20
LIMA,INGENIERÍA NAVAL,MASCULINO,SI,6,22
LIMA,INGENIERÍA CIVIL,MASCULINO,NO,2,18
LIMA,INGENIERÍA MECATRÓNICA,MASCULINO,NO,3,19
LIMA,INGENIERÍA MECATRÓNICA,MASCULINO,NO,1,17
LIMA,INGENIERÍA ESTADÍSTICA,MASCULINO,SI,15,31
LIMA,INGENIERÍA DE SISTEMAS,FEMENINO,NO,1,18
LIMA,INGENIERÍA DE SISTEMAS,MASCULINO,NO,5,22
PASCO,INGENIERÍA QUÍMICA,MASCULINO,NO,1,17
LIMA,INGENIERÍA DE SISTEMAS,MASCULINO,NO,2,18
LIMA,INGENIERÍA AMBIENTAL,FEMENINO,NO,3,20
LIMA,INGENIERÍA NAVAL,FEMENINO,NO,2,18
AYACUCHO,INGENIERÍA DE TELECOMUNICACIONES,FEMENINO,NO,1,17
AREQUIPA,INGENIERÍA QUÍMICA,MASCULINO,NO,12,28
LIMA,ARQUITECTURA,FEMENINO,NO,4,20
PUNO,INGENIERÍA CIVIL,MASCULINO,SI,1,18
JUNIN,INGENIERÍA MECATRÓNICA,MASCULINO,SI,1,18
LIMA,INGENIERÍA DE SISTEMAS,MASCULINO,NO,4,21
ANCASH,INGENIERÍA CIVIL,MASCULINO,SI,2,18
LIMA,INGENIERÍA INDUSTRIAL,MASCULINO,SI,1,17
CUSCO,INGENIERÍA QUÍMICA,MASCULINO,NO,1,17
LIMA,QUÍMICA,MASCULINO,SI,2,19
LIMA,INGENIERÍA DE SISTEMAS,MASCULINO,NO,2,19
LIMA,INGENIERÍA MECATRÓNICA,MASCULINO,NO,2,18
LIMA,INGENIERÍA GEOLÓGICA,MASCULINO,NO,4,20
LIMA,INGENIERÍA DE SISTEMAS,MASCULINO,NO,2,18
LIMA,INGENIERÍA CIVIL,MASCULINO,NO,2,18
LIMA,INGENIERÍA INDUSTRIAL,MASCULINO,NO,2,17
LIMA,INGENIERÍA INDUSTRIAL,MASCULINO,NO,3,19
LIMA,INGENIERÍA DE MINAS,MASCULINO,NO,4,20
LIMA,INGENIERÍA CIVIL,MASCULINO,NO,3,19
LIMA,INGENIERÍA INDUSTRIAL,MASCULINO,NO,4,20
LIMA,INGENIERÍA MECATRÓNICA,MASCULINO,NO,1,17
LIMA,INGENIERÍA MECATRÓNICA,MASCULINO,NO,1,18
LIMA,INGENIERÍA DE SISTEMAS,MASCULINO,NO,2,18
LIMA,INGENIERÍA DE SISTEMAS,MASCULINO,NO,4,20
LIMA,INGENIERÍA DE TELECOMUNICACIONES,MASCULINO,NO,1,17
LIMA,INGENIERÍA DE SISTEMAS,MASCULINO,NO,2,18
LIMA,FÍSICA,MASCULINO,SI,2,19
JUNÍN,INGENIERÍA DE SISTEMAS,MASCULINO,NO,2,19
HUANCAVELICA,INGENIERÍA DE MINAS,MASCULINO,NO,2,18
LIMA,INGENIERÍA CIVIL,MASCULINO,SI,5,25
LIMA,INGENIERÍA MECATRÓNICA,MASCULINO,NO,2,18
LIMA,INGENIERÍA DE TELECOMUNICACIONES,MASCULINO,NO,2,18
LIMA,INGENIERÍA DE SISTEMAS,MASCULINO,SI,1,17
LIMA,INGENIERÍA DE SISTEMAS,MASCULINO,NO,2,18
LIMA,INGENIERÍA CIVIL,FEMENINO,NO,1,17
LIMA,INGENIERÍA DE SISTEMAS,MASCULINO,SI,3,20
LIMA,INGENIERÍA MECATRÓNICA,MASCULINO,NO,2,18
LIMA,ARQUITECTURA,MASCULINO,NO,4,20
LIMA,INGENIERÍA CIVIL,FEMENINO,NO,5,21
LIMA,ARQUITECTURA,MASCULINO,NO,3,20
LIMA,INGENIERÍA DE SISTEMAS,MASCULINO,NO,1,17
LIMA,INGENIERÍA INDUSTRIAL,MASCULINO,SI,5,21
LIMA,INGENIERÍA MECATRÓNICA,FEMENINO,NO,4,20
LIMA,INGENIERÍA INDUSTRIAL,MASCULINO,NO,1,17
LIMA,INGENIERÍA DE SISTEMAS,MASCULINO,SI,2,19
LIMA,FÍSICA,MASCULINO,NO,2,19
CALLAO,INGENIERÍA MECATRÓNICA,MASCULINO,NO,2,19
LIMA,INGENIERÍA CIVIL,MASCULINO,NO,3,20
LIMA,INGENIERÍA INDUSTRIAL,FEMENINO,NO,1,18
LIMA,INGENIERÍA DE SISTEMAS,MASCULINO,NO,3,19
ANCASH,INGENIERÍA MECATRÓNICA,MASCULINO,NO,2,19
LIMA,INGENIERÍA INDUSTRIAL,MASCULINO,SI,6,23
LIMA,FÍSICA,MASCULINO,NO,4,20
LIMA,INGENIERÍA INDUSTRIAL,MASCULINO,SI,1,17
LIMA,ARQUITECTURA,MASCULINO,SI,2,19
LIMA,INGENIERÍA MECATRÓNICA,MASCULINO,NO,3,19
LIMA,INGENIERÍA CIVIL,MASCULINO,NO,1,17
LIMA,ARQUITECTURA,MASCULINO,NO,1,18
LIMA,INGENIERÍA ECONÓMICA,MASCULINO,NO,2,19
LIMA,INGENIERÍA ESTADÍSTICA,FEMENINO,NO,4,21
LIMA,INGENIERÍA DE SISTEMAS,MASCULINO,NO,1,17
LIMA,INGENIERÍA NAVAL,MASCULINO,NO,2,19
ICA,INGENIERÍA CIVIL,MASCULINO,NO,1,18
LIMA,INGENIERÍA DE SISTEMAS,MASCULINO,SI,3,20
LIMA,INGENIERÍA CIVIL,MASCULINO,NO,1,18
AREQUIPA,INGENIERÍA MECATRÓNICA,MASCULINO,NO,1,19
LIMA,INGENIERÍA INDUSTRIAL,FEMENINO,NO,3,19
LIMA,INGENIERÍA ECONÓMICA,MASCULINO,NO,2,18
LIMA,INGENIERÍA ELECTRÓNICA,MASCULINO,SI,4,20
ANCASH,INGENIERÍA CIVIL,FEMENINO,NO,0,16
HUANUCO,INGENIERÍA DE MINAS,MASCULINO,NO,2,19
LIMA,INGENIERÍA INDUSTRIAL,FEMENINO,NO,5,23
LIMA,INGENIERÍA GEOLÓGICA,FEMENINO,NO,6,23
LIMA,ARQUITECTURA,MASCULINO,NO,2,19
LIMA,INGENIERÍA DE SISTEMAS,MASCULINO,SI,2,18
LIMA,INGENIERÍA MECATRÓNICA,FEMENINO,NO,3,20
JUNIN,INGENIERÍA MECÁNICA,MASCULINO,NO,12,28
LIMA,INGENIERÍA ECONÓMICA,FEMENINO,NO,1,18
LIMA,INGENIERÍA CIVIL,FEMENINO,NO,5,21
LIMA,INGENIERÍA INDUSTRIAL,MASCULINO,NO,2,18
LIMA,INGENIERÍA ECONÓMICA,FEMENINO,NO,2,19
ANCASH,INGENIERÍA AMBIENTAL,FEMENINO,NO,2,19
LIMA,INGENIERÍA DE SISTEMAS,MASCULINO,NO,1,18
LIMA,INGENIERÍA DE CIBERSEGURIDAD,MASCULINO,SI,2,18
LAMBAYEQUE,INGENIERÍA INDUSTRIAL,MASCULINO,NO,2,18
LIMA,INGENIERÍA CIVIL,MASCULINO,NO,2,19
CALLAO,INGENIERÍA CIVIL,MASCULINO,NO,1,17
LIMA,INGENIERÍA DE CIBERSEGURIDAD,FEMENINO,NO,2,19
LIMA,ARQUITECTURA,FEMENINO,SI,4,21
LIMA,INGENIERÍA MECATRÓNICA,MASCULINO,NO,2,18
LIMA,INGENIERÍA DE SISTEMAS,MASCULINO,NO,5,22
LIMA,ARQUITECTURA,FEMENINO,NO,2,18
CALLAO,INGENIERÍA CIVIL,MASCULINO,NO,3,19
ÁNCASH,INGENIERÍA CIVIL,MASCULINO,NO,1,17
LIMA,INGENIERÍA CIVIL,MASCULINO,NO,3,20
LIMA,INGENIERÍA CIVIL,MASCULINO,NO,1,17
LIMA,INGENIERÍA ELECTRÓNICA,MASCULINO,NO,27,44
SAN MARTÍN,INGENIERÍA DE SISTEMAS,MASCULINO,NO,1,17
LIMA,INGENIERÍA CIVIL,FEMENINO,SI,2,18
CALLAO,INGENIERÍA DE MINAS,MASCULINO,NO,13,29
LIMA,INGENIERÍA CIVIL,MASCULINO,NO,3,19
LIMA,ARQUITECTURA,FEMENINO,NO,1,17
LIMA,INGENIERÍA DE SISTEMAS,MASCULINO,NO,1,18
CALLAO,INGENIERÍA MECATRÓNICA,MASCULINO,NO,1,18
LIMA,INGENIERÍA DE SISTEMAS,MASCULINO,NO,3,20
LIMA,INGENIERÍA ELECTRÓNICA,MASCULINO,SI,5,23
LIMA,INGENIERÍA DE SISTEMAS,MASCULINO,NO,3,20
LIMA,INGENIERÍA SANITARIA,MASCULINO,SI,8,24
LIMA,INGENIERÍA CIVIL,MASCULINO,NO,5,21
CALLAO,INGENIERÍA MECATRÓNICA,MASCULINO,NO,1,18
LIMA,MATEMÁTICA,MASCULINO,NO,14,30
LIMA,INGENIERÍA MECÁNICA-ELÉCTRICA,MASCULINO,NO,2,19
LIMA,INGENIERÍA QUÍMICA,MASCULINO,SI,6,21
LIMA,INGENIERÍA INDUSTRIAL,MASCULINO,NO,1,18
LIMA,INGENIERÍA INDUSTRIAL,MASCULINO,NO,2,18
LIMA,INGENIERÍA ESTADÍSTICA,MASCULINO,NO,3,19
LIMA,INGENIERÍA MECÁNICA-ELÉCTRICA,MASCULINO,NO,5,22
ANCASH,INGENIERÍA DE MINAS,MASCULINO,NO,2,19
AREQUIPA,INGENIERÍA DE SOFTWARE,MASCULINO,NO,3,19
LIMA,INGENIERÍA DE SISTEMAS,MASCULINO,NO,2,19
LIMA,INGENIERÍA DE SISTEMAS,MASCULINO,NO,3,19
LIMA,INGENIERÍA AMBIENTAL,FEMENINO,NO,3,19
LIMA,INGENIERÍA ELECTRÓNICA,MASCULINO,NO,1,18
LIMA,INGENIERÍA DE SISTEMAS,MASCULINO,NO,1,18
CALLAO,INGENIERÍA CIVIL,FEMENINO,NO,1,17
LIMA,ARQUITECTURA,MASCULINO,NO,5,21
LIMA,INGENIERÍA MECATRÓNICA,MASCULINO,NO,4,20
LIMA,INGENIERÍA DE CIBERSEGURIDAD,MASCULINO,NO,1,18
ICA,INGENIERÍA MECÁNICA-ELÉCTRICA,MASCULINO,NO,4,20
LIMA,INGENIERÍA DE SISTEMAS,MASCULINO,NO,1,18
PUNO,INGENIERÍA INDUSTRIAL,MASCULINO,NO,6,22
CALLAO,INGENIERÍA MECATRÓNICA,MASCULINO,NO,2,19
LIMA,INGENIERÍA ECONÓMICA,FEMENINO,NO,5,21
LIMA,INGENIERÍA MECÁNICA-ELÉCTRICA,MASCULINO,NO,3,20
LIMA,INGENIERÍA DE SISTEMAS,MASCULINO,NO,2,18
LIMA,INGENIERÍA DE SISTEMAS,MASCULINO,NO,2,19
LIMA,INGENIERÍA QUÍMICA,FEMENINO,NO,1,18
LIMA,INGENIERÍA ECONÓMICA,MASCULINO,SI,5,21
LIMA,INGENIERÍA CIVIL,MASCULINO,NO,5,22
LIMA,INGENIERÍA INDUSTRIAL,FEMENINO,NO,3,19
APURIMAC,INGENIERÍA DE SISTEMAS,MASCULINO,NO,2,19
HUANCAVELICA,INGENIERÍA AMBIENTAL,FEMENINO,NO,2,18
LIMA,INGENIERÍA ECONÓMICA,MASCULINO,NO,1,19
LIMA,INGENIERÍA DE SISTEMAS,MASCULINO,NO,2,19
LIMA,INGENIERÍA INDUSTRIAL,MASCULINO,NO,2,19
LA LIBERTAD,INGENIERÍA INDUSTRIAL,MASCULINO,NO,4,20
LIMA,INGENIERÍA SANITARIA,FEMENINO,NO,4,20
LIMA,INGENIERÍA ELECTRÓNICA,MASCULINO,NO,2,18
LIMA,INGENIERÍA DE SISTEMAS,FEMENINO,NO,1,17
LIMA,INGENIERÍA CIVIL,FEMENINO,SI,3,19
LIMA,INGENIERÍA CIVIL,MASCULINO,NO,3,19
LIMA,INGENIERÍA CIVIL,MASCULINO,NO,3,20
LIMA,INGENIERÍA GEOLÓGICA,FEMENINO,NO,2,21
ÁNCASH,INGENIERÍA MECÁNICA,MASCULINO,SI,3,19
LIMA,ARQUITECTURA,MASCULINO,NO,1,17
LIMA,ARQUITECTURA,MASCULINO,NO,5,21
LIMA,INGENIERÍA INDUSTRIAL,MASCULINO,NO,5,21
ICA,INGENIERÍA CIVIL,MASCULINO,NO,1,18
PUNO,INGENIERÍA CIVIL,FEMENINO,NO,1,17
LIMA,INGENIERÍA ELECTRÓNICA,MASCULINO,NO,2,19
LIMA,INGENIERÍA CIVIL,MASCULINO,NO,3,20
CALLAO,INGENIERÍA DE SISTEMAS,MASCULINO,NO,1,17
LA LIBERTAD,INGENIERÍA ELECTRÓNICA,MASCULINO,NO,2,19
LIMA,INGENIERÍA METALÚRGICA,FEMENINO,NO,5,22
LIMA,INGENIERÍA AMBIENTAL,FEMENINO,NO,2,18
LIMA,INGENIERÍA INDUSTRIAL,MASCULINO,NO,2,18
LIMA,INGENIERÍA QUÍMICA,MASCULINO,SI,3,20
LIMA,INGENIERÍA CIVIL,MASCULINO,NO,2,19
LIMA,INGENIERÍA ELÉCTRICA,MASCULINO,NO,2,19
LIMA,INGENIERÍA DE SISTEMAS,FEMENINO,NO,2,19
LIMA,INGENIERÍA PETROQUÍMICA,MASCULINO,NO,2,18
LIMA,INGENIERÍA QUÍMICA,MASCULINO,NO,3,19
LIMA,INGENIERÍA CIVIL,FEMENINO,NO,2,18
CALLAO,INGENIERÍA DE SISTEMAS,MASCULINO,NO,2,18
LIMA,INGENIERÍA DE SISTEMAS,MASCULINO,NO,2,18
LIMA,INGENIERÍA DE SISTEMAS,MASCULINO,NO,4,20
LIMA,INGENIERÍA CIVIL,MASCULINO,NO,2,19
CALLAO,INGENIERÍA CIVIL,MASCULINO,NO,1,17
JUNÍN,INGENIERÍA MECATRÓNICA,MASCULINO,NO,3,19
LIMA,INGENIERÍA DE SISTEMAS,FEMENINO,NO,1,17
LIMA,INGENIERÍA INDUSTRIAL,MASCULINO,NO,1,17
CUSCO,INGENIERÍA MECATRÓNICA,MASCULINO,NO,4,20
SAN MARTIN,INGENIERÍA ECONÓMICA,MASCULINO,NO,5,21
LIMA,INGENIERÍA DE SISTEMAS,MASCULINO,NO,1,18
LIMA,INGENIERÍA TEXTIL,FEMENINO,NO,4,20
LIMA,INGENIERÍA ECONÓMICA,MASCULINO,NO,5,21
LIMA,INGENIERÍA DE MINAS,MASCULINO,SI,3,19
CALLAO,INGENIERÍA INDUSTRIAL,MASCULINO,NO,2,18
LIMA,ARQUITECTURA,FEMENINO,NO,1,18
LIMA,INGENIERÍA INDUSTRIAL,FEMENINO,NO,1,16
LIMA,MATEMÁTICA,MASCULINO,NO,1,18
LIMA,INGENIERÍA MECATRÓNICA,MASCULINO,SI,2,18
LIMA,INGENIERÍA DE SISTEMAS,MASCULINO,SI,4,20
LIMA,INGENIERÍA INDUSTRIAL,FEMENINO,NO,4,20
ÁNCASH,INGENIERÍA DE SISTEMAS,MASCULINO,SI,2,18
LIMA,INGENIERÍA MECATRÓNICA,FEMENINO,SI,5,22
LIMA,INGENIERÍA DE SISTEMAS,MASCULINO,NO,2,18
LIMA,INGENIERÍA DE SISTEMAS,MASCULINO,SI,1,17
LIMA,ARQUITECTURA,MASCULINO,NO,1,17
CALLAO,INGENIERÍA DE SISTEMAS,MASCULINO,NO,3,19
LIMA,INGENIERÍA ELÉCTRICA,MASCULINO,NO,3,19
LIMA,INGENIERÍA CIVIL,MASCULINO,NO,3,19
LIMA,ARQUITECTURA,MASCULINO,SI,2,18
LIMA,INGENIERÍA ELECTRÓNICA,MASCULINO,SI,3,20
LIMA,INGENIERÍA CIVIL,MASCULINO,NO,2,19
LIMA,INGENIERÍA CIVIL,FEMENINO,NO,1,18
ÁNCASH,INGENIERÍA FÍSICA,FEMENINO,SI,7,23
LIMA,INGENIERÍA ELECTRÓNICA,MASCULINO,NO,2,18
LIMA,INGENIERÍA MECATRÓNICA,MASCULINO,SI,11,28
LIMA,INGENIERÍA DE SISTEMAS,MASCULINO,NO,3,19
LA LIBERTAD,INGENIERÍA DE SISTEMAS,MASCULINO,NO,2,18
LIMA,INGENIERÍA CIVIL,MASCULINO,NO,5,21
JUNÍN,INGENIERÍA MECATRÓNICA,MASCULINO,NO,3,19
LIMA,INGENIERÍA CIVIL,MASCULINO,NO,4,21
LIMA,ARQUITECTURA,FEMENINO,NO,2,18
LIMA,INGENIERÍA INDUSTRIAL,MASCULINO,NO,1,18
CALLAO,INGENIERÍA METALÚRGICA,MASCULINO,SI,4,21
LIMA,INGENIERÍA DE SISTEMAS,MASCULINO,SI,4,20
LIMA,INGENIERÍA MECATRÓNICA,MASCULINO,NO,2,18
LIMA,INGENIERÍA DE SISTEMAS,MASCULINO,NO,1,18
CALLAO,INGENIERÍA CIVIL,MASCULINO,NO,2,18
LIMA,INGENIERÍA QUÍMICA,FEMENINO,NO,4,20
LIMA,INGENIERÍA DE SISTEMAS,MASCULINO,NO,4,20
HUÁNUCO,ARQUITECTURA,FEMENINO,NO,2,17
LIMA,INGENIERÍA DE TELECOMUNICACIONES,MASCULINO,NO,1,17
LIMA,INGENIERÍA CIVIL,MASCULINO,NO,2,18
LIMA,INGENIERÍA DE SISTEMAS,FEMENINO,NO,2,18
LIMA,INGENIERÍA MECATRÓNICA,MASCULINO,NO,3,19
LIMA,INGENIERÍA ELÉCTRICA,MASCULINO,NO,1,18
LIMA,ARQUITECTURA,FEMENINO,NO,2,18
LIMA,CIENCIA DE LA COMPUTACIÓN,MASCULINO,SI,2,18
LIMA,ARQUITECTURA,FEMENINO,NO,2,18
LIMA,INGENIERÍA DE SISTEMAS,MASCULINO,NO,1,17
LIMA,INGENIERÍA DE SISTEMAS,MASCULINO,NO,1,18
LIMA,INGENIERÍA CIVIL,MASCULINO,NO,1,18
LIMA,INGENIERÍA QUÍMICA,FEMENINO,NO,3,19
LIMA,INGENIERÍA SANITARIA,MASCULINO,NO,4,20
LIMA,MATEMÁTICA,MASCULINO,NO,2,18
LIMA,INGENIERÍA DE SISTEMAS,MASCULINO,NO,2,18
ICA,INGENIERÍA DE SISTEMAS,FEMENINO,NO,1,17
LIMA,INGENIERÍA FÍSICA,MASCULINO,NO,5,22
LIMA,ARQUITECTURA,FEMENINO,NO,7,23
LIMA,CIENCIA DE LA COMPUTACIÓN,MASCULINO,SI,1,18
LIMA,INGENIERÍA GEOLÓGICA,MASCULINO,NO,8,23
LIMA,INGENIERÍA ECONÓMICA,FEMENINO,NO,1,17
LIMA,INGENIERÍA DE SISTEMAS,MASCULINO,NO,6,22
LIMA,INGENIERÍA ECONÓMICA,MASCULINO,SI,3,20
LIMA,INGENIERÍA AMBIENTAL,FEMENINO,NO,3,19
LIMA,INGENIERÍA CIVIL,MASCULINO,NO,2,19
LIMA,INGENIERÍA DE MINAS,MASCULINO,NO,2,18
LIMA,INGENIERÍA MECÁNICA-ELÉCTRICA,MASCULINO,SI,4,20
LIMA,INGENIERÍA CIVIL,MASCULINO,NO,1,18
LIMA,INGENIERÍA ESTADÍSTICA,MASCULINO,SI,2,18
LIMA,INGENIERÍA ELECTRÓNICA,MASCULINO,NO,1,17
JUNÍN,INGENIERÍA DE SISTEMAS,MASCULINO,NO,1,17
LA LIBERTAD,INGENIERÍA CIVIL,MASCULINO,NO,6,22
LIMA,INGENIERÍA CIVIL,MASCULINO,NO,2,18
LIMA,INGENIERÍA INDUSTRIAL,FEMENINO,NO,2,18
LIMA,INGENIERÍA QUÍMICA,MASCULINO,SI,6,21
LIMA,INGENIERÍA DE SISTEMAS,MASCULINO,NO,2,18
LIMA,INGENIERÍA CIVIL,MASCULINO,NO,3,19
LIMA,INGENIERÍA CIVIL,MASCULINO,NO,1,18
LIMA,INGENIERÍA DE SISTEMAS,MASCULINO,NO,5,21
LIMA,INGENIERÍA MECATRÓNICA,MASCULINO,NO,4,19
LIMA,INGENIERÍA CIVIL,MASCULINO,NO,3,19
ÁNCASH,ARQUITECTURA,FEMENINO,NO,1,17
LIMA,INGENIERÍA DE SISTEMAS,MASCULINO,NO,2,18
LIMA,INGENIERÍA GEOLÓGICA,FEMENINO,NO,2,18
PUNO,INGENIERÍA INDUSTRIAL,MASCULINO,NO,1,18
LIMA,INGENIERÍA DE SISTEMAS,MASCULINO,NO,2,18
LIMA,INGENIERÍA DE SISTEMAS,MASCULINO,NO,4,20
LIMA,INGENIERÍA MECATRÓNICA,FEMENINO,NO,3,20
CALLAO,INGENIERÍA AMBIENTAL,MASCULINO,NO,9,26
HUANCAVELICA,INGENIERÍA ECONÓMICA,MASCULINO,NO,7,23
LIMA,INGENIERÍA MECÁNICA-ELÉCTRICA,MASCULINO,SI,4,21
LIMA,INGENIERÍA ECONÓMICA,FEMENINO,NO,2,18
LIMA,INGENIERÍA DE SISTEMAS,MASCULINO,SI,2,18
LIMA,INGENIERÍA INDUSTRIAL,FEMENINO,NO,0,16
LIMA,INGENIERÍA INDUSTRIAL,FEMENINO,NO,3,20
LIMA,INGENIERÍA DE MINAS,MASCULINO,SI,3,19
LIMA,INGENIERÍA DE TELECOMUNICACIONES,MASCULINO,SI,2,18
LIMA,INGENIERÍA DE SISTEMAS,MASCULINO,NO,2,18
LIMA,INGENIERÍA CIVIL,MASCULINO,NO,1,17
LIMA,INGENIERÍA CIVIL,MASCULINO,NO,3,19
LIMA,INGENIERÍA CIVIL,MASCULINO,NO,2,18
PUNO,INGENIERÍA ELECTRÓNICA,MASCULINO,NO,1,17
LIMA,INGENIERÍA CIVIL,MASCULINO,NO,1,18
LORETO,INGENIERÍA ECONÓMICA,FEMENINO,NO,1,17
LIMA,INGENIERÍA INDUSTRIAL,FEMENINO,NO,4,22
JUNÍN,CIENCIA DE LA COMPUTACIÓN,FEMENINO,NO,3,20
JUNÍN,INGENIERÍA DE SISTEMAS,MASCULINO,NO,1,17
LIMA,INGENIERÍA METALÚRGICA,MASCULINO,SI,5,21
LIMA,INGENIERÍA DE TELECOMUNICACIONES,MASCULINO,NO,1,18
JUNÍN,INGENIERÍA CIVIL,MASCULINO,SI,4,20
LIMA,INGENIERÍA MECATRÓNICA,MASCULINO,NO,2,18
LIMA,INGENIERÍA DE MINAS,MASCULINO,NO,2,18
LIMA,INGENIERÍA INDUSTRIAL,MASCULINO,NO,2,18
LIMA,INGENIERÍA INDUSTRIAL,MASCULINO,NO,2,17
ICA,INGENIERÍA DE SISTEMAS,MASCULINO,NO,2,19
LIMA,INGENIERÍA DE SISTEMAS,MASCULINO,SI,2,18
LIMA,INGENIERÍA CIVIL,MASCULINO,NO,3,19
LIMA,INGENIERÍA INDUSTRIAL,FEMENINO,NO,14,30
LIMA,INGENIERÍA INDUSTRIAL,MASCULINO,SI,6,22
APURÍMAC,INGENIERÍA CIVIL,MASCULINO,NO,7,23
LIMA,INGENIERÍA CIVIL,FEMENINO,NO,3,19
LIMA,INGENIERÍA MECÁNICA,MASCULINO,NO,4,20
LIMA,INGENIERÍA CIVIL,MASCULINO,NO,3,19
LIMA,INGENIERÍA DE MINAS,MASCULINO,SI,1,18
LIMA,INGENIERÍA DE MINAS,MASCULINO,NO,1,17
LIMA,INGENIERÍA MECATRÓNICA,MASCULINO,NO,2,19
LIMA,INGENIERÍA CIVIL,MASCULINO,NO,3,19
LIMA,INGENIERÍA GEOLÓGICA,FEMENINO,SI,2,18
LIMA,INGENIERÍA CIVIL,MASCULINO,NO,3,19
LIMA,FÍSICA,MASCULINO,SI,3,19
LIMA,INGENIERÍA DE SISTEMAS,MASCULINO,NO,4,20
LIMA,INGENIERÍA QUÍMICA,MASCULINO,NO,2,19
LIMA,INGENIERÍA ELECTRÓNICA,MASCULINO,NO,5,21
LIMA,INGENIERÍA PETROQUÍMICA,MASCULINO,SI,4,20
LIMA,INGENIERÍA DE SISTEMAS,MASCULINO,NO,1,18
LIMA,INGENIERÍA ECONÓMICA,MASCULINO,NO,2,18
JUNÍN,INGENIERÍA PETROQUÍMICA,MASCULINO,NO,1,17
LIMA,INGENIERÍA ELECTRÓNICA,MASCULINO,NO,0,16
LAMBAYEQUE,INGENIERÍA ECONÓMICA,FEMENINO,NO,1,17
LIMA,CIENCIA DE LA COMPUTACIÓN,MASCULINO,NO,3,19
AYACUCHO,INGENIERÍA MECATRÓNICA,MASCULINO,NO,1,17
LIMA,ARQUITECTURA,MASCULINO,NO,4,21
LIMA,INGENIERÍA ECONÓMICA,MASCULINO,SI,6,23
HUANUCO,QUÍMICA,MASCULINO,NO,3,20
LIMA,INGENIERÍA DE TELECOMUNICACIONES,MASCULINO,NO,3,20
ICA,INGENIERÍA CIVIL,MASCULINO,NO,5,20
LIMA,INGENIERÍA DE SISTEMAS,MASCULINO,NO,2,18
LIMA,ARQUITECTURA,MASCULINO,NO,2,19
LIMA,ARQUITECTURA,FEMENINO,NO,2,18
LIMA,INGENIERÍA PETROQUÍMICA,MASCULINO,SI,1,17
LIMA,INGENIERÍA INDUSTRIAL,FEMENINO,NO,2,18
LIMA,INGENIERÍA DE HIGIENE Y SEGURIDAD INDUSTRIAL,MASCULINO,NO,3,20
LIMA,ARQUITECTURA,FEMENINO,NO,1,18
ANCASH,INGENIERÍA MECATRÓNICA,MASCULINO,NO,1,17
LIMA,INGENIERÍA NAVAL,MASCULINO,NO,1,18
TUMBES,INGENIERÍA ECONÓMICA,MASCULINO,NO,2,18
LIMA,INGENIERÍA DE MINAS,MASCULINO,NO,4,21
LIMA,INGENIERÍA ELÉCTRICA,MASCULINO,NO,5,23
LIMA,ARQUITECTURA,FEMENINO,NO,2,18
LIMA,CIENCIA DE LA COMPUTACIÓN,MASCULINO,SI,4,20
LIMA,ARQUITECTURA,MASCULINO,NO,4,20
LIMA,CIENCIA DE LA COMPUTACIÓN,MASCULINO,NO,5,22
LIMA,INGENIERÍA QUÍMICA,MASCULINO,SI,2,18
LIMA,INGENIERÍA DE SISTEMAS,MASCULINO,NO,1,18
AREQUIPA,QUÍMICA,MASCULINO,SI,4,21
PUNO,FÍSICA,MASCULINO,SI,1,17
LIMA,INGENIERÍA DE TELECOMUNICACIONES,MASCULINO,SI,4,20
ICA,INGENIERÍA CIVIL,MASCULINO,NO,2,18
LIMA,INGENIERÍA DE SISTEMAS,MASCULINO,NO,3,19
LIMA,CIENCIA DE LA COMPUTACIÓN,MASCULINO,NO,3,20
LIMA,ARQUITECTURA,FEMENINO,NO,3,19
LIMA,ARQUITECTURA,FEMENINO,NO,1,17
LIMA,INGENIERÍA MECÁNICA,MASCULINO,NO,4,20
AYACUCHO,INGENIERÍA DE MINAS,MASCULINO,NO,6,22
ÁNCASH,INGENIERÍA CIVIL,MASCULINO,NO,10,26
LIMA,INGENIERÍA DE MINAS,MASCULINO,SI,1,17
JUNÍN,INGENIERÍA DE MINAS,MASCULINO,NO,1,17
LIMA,ARQUITECTURA,FEMENINO,SI,4,21
LIMA,ARQUITECTURA,FEMENINO,NO,4,20
LIMA,INGENIERÍA QUÍMICA,FEMENINO,NO,3,19
ÁNCASH,INGENIERÍA MECATRÓNICA,MASCULINO,NO,2,19
LIMA,INGENIERÍA MECÁNICA,MASCULINO,NO,2,18
LIMA,INGENIERÍA DE TELECOMUNICACIONES,MASCULINO,NO,2,18
LIMA,INGENIERÍA CIVIL,MASCULINO,NO,3,19
CALLAO,INGENIERÍA QUÍMICA,MASCULINO,NO,5,22
LIMA,ARQUITECTURA,MASCULINO,NO,3,20
PASCO,INGENIERÍA MECATRÓNICA,MASCULINO,NO,1,18
LIMA,INGENIERÍA MECATRÓNICA,MASCULINO,NO,5,21
LIMA,INGENIERÍA ECONÓMICA,MASCULINO,NO,3,20
LIMA,INGENIERÍA MECÁNICA,MASCULINO,NO,1,17
LIMA,INGENIERÍA MECÁNICA-ELÉCTRICA,MASCULINO,NO,6,22
JUNÍN,INGENIERÍA GEOLÓGICA,MASCULINO,NO,3,19
AYACUCHO,INGENIERÍA MECATRÓNICA,MASCULINO,NO,1,17
LIMA,INGENIERÍA CIVIL,MASCULINO,SI,2,19
CAJAMARCA,ARQUITECTURA,FEMENINO,NO,2,19
LIMA,INGENIERÍA ECONÓMICA,MASCULINO,NO,2,18
LIMA,INGENIERÍA INDUSTRIAL,FEMENINO,NO,3,20
LIMA,INGENIERÍA MECATRÓNICA,MASCULINO,NO,1,17
LIMA,INGENIERÍA MECÁNICA,MASCULINO,NO,5,22
LIMA,INGENIERÍA CIVIL,MASCULINO,NO,1,18
CALLAO,INGENIERÍA INDUSTRIAL,FEMENINO,NO,2,18
LIMA,CIENCIA DE LA COMPUTACIÓN,MASCULINO,NO,2,18
HUÁNUCO,INGENIERÍA ECONÓMICA,MASCULINO,NO,2,19
LIMA,INGENIERÍA CIVIL,MASCULINO,NO,1,18
LIMA,INGENIERÍA ELÉCTRICA,MASCULINO,NO,2,18
LIMA,FÍSICA,MASCULINO,NO,9,25
LIMA,INGENIERÍA DE MINAS,MASCULINO,NO,2,18
LIMA,INGENIERÍA DE SISTEMAS,MASCULINO,NO,4,20
LIMA,INGENIERÍA DE SISTEMAS,MASCULINO,SI,4,20
LIMA,INGENIERÍA DE TELECOMUNICACIONES,MASCULINO,SI,3,19
LAMBAYEQUE,INGENIERÍA CIVIL,MASCULINO,NO,1,17
LIMA,ARQUITECTURA,FEMENINO,NO,3,19
LIMA,INGENIERÍA ELÉCTRICA,MASCULINO,NO,3,19
CALLAO,INGENIERÍA CIVIL,MASCULINO,NO,1,17
LIMA,INGENIERÍA MECATRÓNICA,MASCULINO,NO,1,17
CALLAO,INGENIERÍA DE SISTEMAS,MASCULINO,NO,1,19
LIMA,INGENIERÍA MECÁNICA-ELÉCTRICA,MASCULINO,NO,2,18
LIMA,INGENIERÍA CIVIL,MASCULINO,NO,2,18
PUNO,INGENIERÍA ECONÓMICA,MASCULINO,NO,1,17
LIMA,INGENIERÍA INDUSTRIAL,MASCULINO,NO,1,18
LIMA,INGENIERÍA CIVIL,MASCULINO,NO,1,18
LIMA,INGENIERÍA INDUSTRIAL,MASCULINO,NO,1,17
LIMA,INGENIERÍA DE SISTEMAS,MASCULINO,NO,1,18
AYACUCHO,MATEMÁTICA,MASCULINO,NO,2,17
LIMA,INGENIERÍA ECONÓMICA,MASCULINO,NO,2,19
LIMA,INGENIERÍA INDUSTRIAL,FEMENINO,NO,2,18
LIMA,INGENIERÍA CIVIL,FEMENINO,NO,9,26
LIMA,INGENIERÍA ELÉCTRICA,MASCULINO,NO,3,19
LIMA,INGENIERÍA CIVIL,MASCULINO,NO,2,18
CALLAO,INGENIERÍA CIVIL,MASCULINO,NO,1,17
LIMA,INGENIERÍA DE SISTEMAS,MASCULINO,NO,5,21
CALLAO,INGENIERÍA DE TELECOMUNICACIONES,MASCULINO,SI,3,19
LIMA,INGENIERÍA DE SISTEMAS,MASCULINO,NO,2,18
LIMA,INGENIERÍA DE SISTEMAS,MASCULINO,NO,2,18
LIMA,ARQUITECTURA,FEMENINO,NO,4,20
LIMA,INGENIERÍA DE SISTEMAS,MASCULINO,NO,1,17
LIMA,INGENIERÍA CIVIL,MASCULINO,NO,2,19
CALLAO,INGENIERÍA DE SISTEMAS,FEMENINO,NO,1,17
LIMA,INGENIERÍA INDUSTRIAL,MASCULINO,NO,1,17
LIMA,INGENIERÍA DE SISTEMAS,MASCULINO,NO,2,18
LIMA,INGENIERÍA DE SISTEMAS,MASCULINO,NO,1,17
ÁNCASH,INGENIERÍA INDUSTRIAL,MASCULINO,NO,1,17
LIMA,INGENIERÍA MECATRÓNICA,MASCULINO,SI,2,19
LIMA,INGENIERÍA DE SISTEMAS,MASCULINO,NO,1,18
LIMA,INGENIERÍA DE SISTEMAS,MASCULINO,NO,3,20
CALLAO,INGENIERÍA INDUSTRIAL,MASCULINO,NO,4,21
LIMA,INGENIERÍA INDUSTRIAL,FEMENINO,NO,3,19
CUSCO,INGENIERÍA CIVIL,MASCULINO,NO,1,19
LIMA,INGENIERÍA CIVIL,MASCULINO,NO,2,18
LIMA,INGENIERÍA DE MINAS,FEMENINO,NO,4,23
LIMA,INGENIERÍA DE PETRÓLEO Y GAS NATURAL,FEMENINO,NO,7,25
LIMA,MATEMÁTICA,FEMENINO,NO,3,19
LIMA,INGENIERÍA ESTADÍSTICA,FEMENINO,NO,1,17
LIMA,INGENIERÍA INDUSTRIAL,MASCULINO,NO,2,18
LIMA,ARQUITECTURA,FEMENINO,NO,7,24
CALLAO,INGENIERÍA ELECTRÓNICA,MASCULINO,NO,4,21
LIMA,INGENIERÍA ECONÓMICA,MASCULINO,NO,7,23
CALLAO,INGENIERÍA DE SISTEMAS,MASCULINO,NO,1,17
LIMA,INGENIERÍA INDUSTRIAL,FEMENINO,NO,3,19
LIMA,INGENIERÍA DE SISTEMAS,FEMENINO,NO,3,19
LIMA,INGENIERÍA MECATRÓNICA,MASCULINO,NO,1,18
LIMA,INGENIERÍA FÍSICA,MASCULINO,SI,3,19
HUÁNUCO,INGENIERÍA CIVIL,MASCULINO,SI,1,17
CALLAO,INGENIERÍA ELECTRÓNICA,MASCULINO,SI,2,19
LIMA,INGENIERÍA QUÍMICA,MASCULINO,NO,1,18
LIMA,INGENIERÍA ELÉCTRICA,MASCULINO,NO,3,20
LIMA,FÍSICA,MASCULINO,NO,5,21
LIMA,INGENIERÍA MECÁNICA-ELÉCTRICA,MASCULINO,NO,1,18
APURÍMAC,INGENIERÍA ELÉCTRICA,MASCULINO,NO,2,18
LIMA,INGENIERÍA CIVIL,MASCULINO,NO,2,18
LIMA,INGENIERÍA INDUSTRIAL,FEMENINO,SI,4,20
LIMA,INGENIERÍA ELÉCTRICA,MASCULINO,NO,14,31
LIMA,INGENIERÍA DE SISTEMAS,MASCULINO,SI,3,19
CALLAO,INGENIERÍA METALÚRGICA,MASCULINO,NO,4,20
LIMA,INGENIERÍA MECÁNICA-ELÉCTRICA,MASCULINO,NO,5,21
ÁNCASH,INGENIERÍA CIVIL,MASCULINO,NO,3,19
AMAZONAS,INGENIERÍA CIVIL,MASCULINO,NO,5,21
LIMA,INGENIERÍA AMBIENTAL,MASCULINO,NO,1,17
LIMA,INGENIERÍA DE SISTEMAS,MASCULINO,NO,3,20
LIMA,INGENIERÍA MECÁNICA,MASCULINO,NO,8,25
LIMA,INGENIERÍA CIVIL,MASCULINO,NO,6,22
LIMA,INGENIERÍA MECÁNICA,MASCULINO,NO,4,21
LIMA,INGENIERÍA INDUSTRIAL,MASCULINO,NO,1,18
LIMA,CIENCIA DE LA COMPUTACIÓN,MASCULINO,NO,2,18
LIMA,INGENIERÍA CIVIL,MASCULINO,NO,4,21
CALLAO,INGENIERÍA ESTADÍSTICA,MASCULINO,NO,2,17
ICA,INGENIERÍA MECÁNICA-ELÉCTRICA,MASCULINO,NO,2,19
LIMA,INGENIERÍA DE SISTEMAS,MASCULINO,NO,1,17
LIMA,ARQUITECTURA,MASCULINO,NO,1,18
PUNO,INGENIERÍA DE TELECOMUNICACIONES,MASCULINO,SI,3,19
LIMA,INGENIERÍA DE SISTEMAS,MASCULINO,NO,2,19
LIMA,INGENIERÍA ELECTRÓNICA,MASCULINO,NO,1,17
LIMA,CIENCIA DE LA COMPUTACIÓN,MASCULINO,NO,2,19
LIMA,INGENIERÍA DE SISTEMAS,MASCULINO,NO,4,21
LIMA,INGENIERÍA DE MINAS,MASCULINO,NO,1,18
LIMA,FÍSICA,MASCULINO,NO,3,20
LIMA,INGENIERÍA DE SISTEMAS,FEMENINO,NO,3,19
ICA,INGENIERÍA METALÚRGICA,FEMENINO,NO,2,18
LIMA,INGENIERÍA INDUSTRIAL,MASCULINO,NO,1,17
LIMA,ARQUITECTURA,FEMENINO,NO,3,19
LIMA,INGENIERÍA ELÉCTRICA,MASCULINO,SI,5,21
TUMBES,INGENIERÍA INDUSTRIAL,MASCULINO,NO,2,19
LIMA,INGENIERÍA DE SISTEMAS,MASCULINO,NO,2,19
LIMA,INGENIERÍA MECÁNICA,FEMENINO,NO,1,17
LIMA,INGENIERÍA DE SISTEMAS,MASCULINO,NO,1,18
LA LIBERTAD,INGENIERÍA ELECTRÓNICA,MASCULINO,NO,4,20
CALLAO,INGENIERÍA AMBIENTAL,MASCULINO,NO,4,20
LIMA,INGENIERÍA CIVIL,MASCULINO,NO,2,18
LIMA,INGENIERÍA ECONÓMICA,MASCULINO,SI,3,19
LIMA,INGENIERÍA GEOLÓGICA,MASCULINO,SI,4,20
LIMA,INGENIERÍA ELÉCTRICA,MASCULINO,NO,3,19
LIMA,ARQUITECTURA,FEMENINO,SI,4,20
APURÍMAC,INGENIERÍA CIVIL,MASCULINO,NO,5,21
LIMA,INGENIERÍA SANITARIA,MASCULINO,NO,6,22
LIMA,INGENIERÍA DE SISTEMAS,MASCULINO,NO,1,17
CALLAO,INGENIERÍA MECATRÓNICA,MASCULINO,NO,2,19
LIMA,INGENIERÍA ELECTRÓNICA,MASCULINO,NO,3,19
LIMA,INGENIERÍA CIVIL,MASCULINO,NO,2,18
LIMA,INGENIERÍA INDUSTRIAL,MASCULINO,NO,2,18
LIMA,INGENIERÍA GEOLÓGICA,MASCULINO,NO,3,19
LIMA,INGENIERÍA INDUSTRIAL,FEMENINO,NO,4,21
LIMA,INGENIERÍA DE SISTEMAS,MASCULINO,NO,1,17
LIMA,INGENIERÍA ELÉCTRICA,MASCULINO,NO,1,17
LIMA,INGENIERÍA ECONÓMICA,MASCULINO,NO,2,18
LIMA,INGENIERÍA DE SISTEMAS,MASCULINO,NO,5,21
LIMA,INGENIERÍA INDUSTRIAL,MASCULINO,NO,3,19
LA LIBERTAD,INGENIERÍA CIVIL,MASCULINO,NO,2,19
LIMA,INGENIERÍA DE MINAS,MASCULINO,NO,3,19
LIMA,ARQUITECTURA,FEMENINO,NO,2,18
CALLAO,INGENIERÍA MECATRÓNICA,MASCULINO,NO,1,17
APURÍMAC,INGENIERÍA CIVIL,MASCULINO,NO,2,18
LIMA,INGENIERÍA DE SISTEMAS,MASCULINO,NO,2,18
LIMA,INGENIERÍA CIVIL,MASCULINO,NO,2,19
LIMA,INGENIERÍA MECATRÓNICA,MASCULINO,NO,4,21
LIMA,INGENIERÍA ELÉCTRICA,MASCULINO,SI,6,22
LIMA,ARQUITECTURA,MASCULINO,NO,3,20
LIMA,FÍSICA,MASCULINO,SI,2,18
PUNO,INGENIERÍA CIVIL,MASCULINO,SI,11,27
LIMA,INGENIERÍA DE SISTEMAS,MASCULINO,NO,4,20
LIMA,INGENIERÍA DE HIGIENE Y SEGURIDAD INDUSTRIAL,FEMENINO,NO,4,20
LIMA,INGENIERÍA MECATRÓNICA,MASCULINO,NO,4,20
LIMA,INGENIERÍA DE SISTEMAS,MASCULINO,NO,4,21
LIMA,INGENIERÍA MECÁNICA,MASCULINO,NO,1,17
LIMA,INGENIERÍA INDUSTRIAL,MASCULINO,NO,1,17
UCAYALI,INGENIERÍA DE SISTEMAS,MASCULINO,NO,1,17
LIMA,INGENIERÍA DE SISTEMAS,MASCULINO,NO,1,17
LIMA,INGENIERÍA GEOLÓGICA,MASCULINO,NO,1,17
LIMA,INGENIERÍA ELECTRÓNICA,MASCULINO,NO,6,22
LIMA,INGENIERÍA INDUSTRIAL,MASCULINO,NO,2,19
LIMA,INGENIERÍA MECÁNICA-ELÉCTRICA,MASCULINO,NO,1,18
LIMA,INGENIERÍA INDUSTRIAL,MASCULINO,NO,2,18
LIMA,ARQUITECTURA,FEMENINO,NO,2,18
LIMA,INGENIERÍA CIVIL,MASCULINO,NO,6,22
LIMA,INGENIERÍA MECÁNICA,MASCULINO,NO,3,19
LIMA,INGENIERÍA QUÍMICA,FEMENINO,NO,2,18
LIMA,INGENIERÍA DE SISTEMAS,MASCULINO,NO,1,17
LIMA,INGENIERÍA AMBIENTAL,FEMENINO,NO,2,18
LIMA,INGENIERÍA CIVIL,MASCULINO,NO,2,18
LIMA,ARQUITECTURA,FEMENINO,NO,1,17
LIMA,INGENIERÍA CIVIL,MASCULINO,NO,3,19
LIMA,INGENIERÍA ELECTRÓNICA,MASCULINO,SI,12,28
LIMA,INGENIERÍA CIVIL,MASCULINO,NO,5,22
LIMA,INGENIERÍA MECATRÓNICA,MASCULINO,NO,3,19
LIMA,CIENCIA DE LA COMPUTACIÓN,MASCULINO,NO,4,20
LIMA,INGENIERÍA ELECTRÓNICA,MASCULINO,NO,3,20
LIMA,INGENIERÍA CIVIL,MASCULINO,NO,2,19
LIMA,INGENIERÍA MECÁNICA-ELÉCTRICA,MASCULINO,SI,7,23
AYACUCHO,INGENIERÍA CIVIL,MASCULINO,NO,2,18
LIMA,INGENIERÍA CIVIL,MASCULINO,NO,1,17
LIMA,INGENIERÍA CIVIL,MASCULINO,NO,1,18
LIMA,INGENIERÍA CIVIL,MASCULINO,NO,2,18
CALLAO,INGENIERÍA TEXTIL,MASCULINO,NO,1,18
LIMA,INGENIERÍA DE PETRÓLEO Y GAS NATURAL,MASCULINO,SI,5,21
SAN MARTÍN,INGENIERÍA DE SISTEMAS,MASCULINO,SI,1,17
LIMA,INGENIERÍA PETROQUÍMICA,MASCULINO,NO,3,20
LIMA,INGENIERÍA DE MINAS,MASCULINO,NO,2,19
ÁNCASH,INGENIERÍA CIVIL,FEMENINO,NO,2,18
LIMA,INGENIERÍA DE MINAS,MASCULINO,SI,3,19
LIMA,INGENIERÍA DE MINAS,MASCULINO,NO,3,19
LIMA,INGENIERÍA INDUSTRIAL,MASCULINO,SI,3,19
LIMA,INGENIERÍA DE MINAS,MASCULINO,SI,1,18
LIMA,INGENIERÍA DE MINAS,MASCULINO,NO,3,19
LIMA,ARQUITECTURA,FEMENINO,NO,2,18
UCAYALI,ARQUITECTURA,FEMENINO,NO,2,19
LIMA,INGENIERÍA DE TELECOMUNICACIONES,MASCULINO,SI,1,18
LIMA,INGENIERÍA CIVIL,MASCULINO,NO,4,20
LIMA,INGENIERÍA DE SISTEMAS,MASCULINO,NO,2,20
LIMA,INGENIERÍA DE SISTEMAS,MASCULINO,NO,2,18
LIMA,ARQUITECTURA,FEMENINO,NO,1,18
LIMA,INGENIERÍA MECÁNICA,MASCULINO,NO,1,18
APURÍMAC,ARQUITECTURA,MASCULINO,NO,4,20
LIMA,INGENIERÍA DE SISTEMAS,MASCULINO,NO,1,17
LIMA,INGENIERÍA INDUSTRIAL,MASCULINO,SI,7,22
CALLAO,INGENIERÍA MECÁNICA,MASCULINO,NO,3,19
LIMA,INGENIERÍA CIVIL,MASCULINO,NO,2,17
LIMA,INGENIERÍA DE MINAS,MASCULINO,NO,1,17
LIMA,ARQUITECTURA,FEMENINO,NO,5,21
LIMA,ARQUITECTURA,MASCULINO,NO,1,17
LIMA,ARQUITECTURA,FEMENINO,NO,7,23
LIMA,INGENIERÍA CIVIL,MASCULINO,NO,4,19
LIMA,INGENIERÍA GEOLÓGICA,MASCULINO,NO,2,18
LIMA,INGENIERÍA CIVIL,MASCULINO,NO,3,20
ÁNCASH,INGENIERÍA CIVIL,MASCULINO,NO,1,17
JUNÍN,INGENIERÍA INDUSTRIAL,MASCULINO,NO,5,23
CALLAO,INGENIERÍA CIVIL,FEMENINO,NO,1,17
LIMA,INGENIERÍA CIVIL,MASCULINO,NO,1,18
LIMA,INGENIERÍA CIVIL,MASCULINO,NO,1,18
ICA,ARQUITECTURA,MASCULINO,NO,1,18
LIMA,INGENIERÍA ELÉCTRICA,MASCULINO,NO,1,17
LIMA,INGENIERÍA DE SISTEMAS,MASCULINO,NO,0,17
CALLAO,ARQUITECTURA,MASCULINO,NO,4,21
LIMA,ARQUITECTURA,MASCULINO,NO,2,18
JUNÍN,INGENIERÍA ELECTRÓNICA,MASCULINO,NO,3,20
LIMA,INGENIERÍA CIVIL,MASCULINO,NO,4,28
LIMA,INGENIERÍA CIVIL,FEMENINO,NO,2,19
LIMA,INGENIERÍA MECÁNICA,MASCULINO,NO,2,18
LIMA,ARQUITECTURA,FEMENINO,SI,5,23
LIMA,INGENIERÍA CIVIL,FEMENINO,NO,1,18
LIMA,INGENIERÍA ELÉCTRICA,MASCULINO,NO,8,24
LIMA,INGENIERÍA CIVIL,MASCULINO,NO,2,18
LIMA,INGENIERÍA DE SISTEMAS,FEMENINO,NO,1,18
LIMA,INGENIERÍA CIVIL,FEMENINO,NO,2,18
LIMA,ARQUITECTURA,MASCULINO,NO,1,17
LIMA,ARQUITECTURA,FEMENINO,NO,2,19
LIMA,INGENIERÍA AMBIENTAL,MASCULINO,SI,5,21
LIMA,ARQUITECTURA,FEMENINO,NO,1,17
LIMA,INGENIERÍA MECATRÓNICA,MASCULINO,SI,2,18
LIMA,INGENIERÍA AMBIENTAL,MASCULINO,NO,3,20
LIMA,INGENIERÍA CIVIL,MASCULINO,NO,4,21
CALLAO,FÍSICA,MASCULINO,SI,6,23
LIMA,INGENIERÍA INDUSTRIAL,MASCULINO,NO,2,19
LIMA,INGENIERÍA ECONÓMICA,FEMENINO,NO,2,18
LIMA,INGENIERÍA GEOLÓGICA,MASCULINO,NO,2,18
LIMA,INGENIERÍA SANITARIA,FEMENINO,NO,2,18
LIMA,ARQUITECTURA,FEMENINO,NO,4,21
LIMA,INGENIERÍA INDUSTRIAL,MASCULINO,NO,1,18
HUANCAVELICA,INGENIERÍA INDUSTRIAL,MASCULINO,NO,6,23
LIMA,INGENIERÍA DE SISTEMAS,MASCULINO,NO,4,21
LIMA,INGENIERÍA DE SISTEMAS,MASCULINO,NO,1,18
LA LIBERTAD,INGENIERÍA MECATRÓNICA,MASCULINO,NO,1,17
LIMA,INGENIERÍA ECONÓMICA,MASCULINO,NO,1,17
PUNO,INGENIERÍA MECATRÓNICA,MASCULINO,NO,1,17
LIMA,INGENIERÍA DE SISTEMAS,MASCULINO,NO,2,18
LIMA,ARQUITECTURA,FEMENINO,NO,4,20
APURÍMAC,INGENIERÍA CIVIL,MASCULINO,NO,1,17
JUNÍN,INGENIERÍA ELÉCTRICA,MASCULINO,NO,1,18
CAJAMARCA,INGENIERÍA ELECTRÓNICA,MASCULINO,NO,2,18
LIMA,INGENIERÍA CIVIL,MASCULINO,NO,2,19
LIMA,INGENIERÍA DE MINAS,MASCULINO,NO,2,18
LIMA,ARQUITECTURA,MASCULINO,NO,3,19
CALLAO,INGENIERÍA MECATRÓNICA,MASCULINO,SI,3,19
LIMA,INGENIERÍA AMBIENTAL,FEMENINO,NO,1,17
LIMA,INGENIERÍA CIVIL,MASCULINO,NO,4,20
LIMA,INGENIERÍA CIVIL,MASCULINO,NO,1,17
LIMA,INGENIERÍA CIVIL,FEMENINO,NO,3,19
LIMA,INGENIERÍA CIVIL,MASCULINO,NO,3,20
HUANCAVELICA,INGENIERÍA MECATRÓNICA,MASCULINO,SI,2,19
JUNÍN,INGENIERÍA MECÁNICA,MASCULINO,NO,3,19
LIMA,ARQUITECTURA,MASCULINO,NO,3,19
LIMA,INGENIERÍA DE SISTEMAS,MASCULINO,NO,1,17
JUNÍN,CIENCIA DE LA COMPUTACIÓN,MASCULINO,SI,5,21
LIMA,INGENIERÍA MECÁNICA,MASCULINO,NO,2,18
LIMA,ARQUITECTURA,MASCULINO,NO,2,18
LIMA,INGENIERÍA CIVIL,MASCULINO,NO,3,20
LIMA,INGENIERÍA INDUSTRIAL,MASCULINO,NO,3,19
LIMA,ARQUITECTURA,MASCULINO,NO,2,18
LIMA,INGENIERÍA DE SISTEMAS,FEMENINO,NO,2,18
LIMA,INGENIERÍA SANITARIA,MASCULINO,NO,4,20
PUNO,INGENIERÍA DE SISTEMAS,MASCULINO,NO,3,18
LIMA,INGENIERÍA FÍSICA,MASCULINO,SI,1,17
LIMA,ARQUITECTURA,MASCULINO,NO,2,18
LIMA,ARQUITECTURA,FEMENINO,NO,2,19
LIMA,INGENIERÍA DE MINAS,MASCULINO,NO,1,17
LIMA,INGENIERÍA GEOLÓGICA,MASCULINO,NO,5,21
SAN MARTÍN,ARQUITECTURA,MASCULINO,NO,2,18
JUNIN,INGENIERÍA DE CIBERSEGURIDAD,MASCULINO,NO,4,20
LIMA,INGENIERÍA ELÉCTRICA,MASCULINO,SI,4,21
LIMA,INGENIERÍA AMBIENTAL,MASCULINO,NO,3,19
LIMA,INGENIERÍA DE HIGIENE Y SEGURIDAD INDUSTRIAL,MASCULINO,NO,3,19
LIMA,INGENIERÍA DE SISTEMAS,MASCULINO,NO,2,19
LAMBAYEQUE,CIENCIA DE LA COMPUTACIÓN,MASCULINO,NO,2,18
LIMA,INGENIERÍA ECONÓMICA,MASCULINO,SI,9,25
LIMA,INGENIERÍA AMBIENTAL,FEMENINO,NO,3,18
LIMA,INGENIERÍA DE SISTEMAS,MASCULINO,NO,1,18
LIMA,INGENIERÍA AMBIENTAL,MASCULINO,NO,2,18
CALLAO,ARQUITECTURA,FEMENINO,NO,3,19
JUNIN,CIENCIA DE LA COMPUTACIÓN,MASCULINO,SI,3,20
LIMA,ARQUITECTURA,FEMENINO,NO,2,19
LIMA,INGENIERÍA CIVIL,MASCULINO,NO,1,18
LIMA,INGENIERÍA DE SISTEMAS,MASCULINO,NO,1,18
LIMA,FÍSICA,MASCULINO,NO,4,20
LIMA,INGENIERÍA INDUSTRIAL,MASCULINO,NO,1,17
LIMA,INGENIERÍA DE SISTEMAS,MASCULINO,NO,1,17
LIMA,INGENIERÍA INDUSTRIAL,MASCULINO,NO,1,18
LIMA,CIENCIA DE LA COMPUTACIÓN,MASCULINO,NO,1,18
LIMA,INGENIERÍA INDUSTRIAL,MASCULINO,NO,1,17
LIMA,INGENIERÍA ECONÓMICA,MASCULINO,SI,5,21
LIMA,INGENIERÍA CIVIL,MASCULINO,NO,4,21
TUMBES,INGENIERÍA DE SISTEMAS,MASCULINO,NO,1,17
PASCO,INGENIERÍA MECÁNICA,MASCULINO,NO,1,17
PIURA,INGENIERÍA QUÍMICA,MASCULINO,NO,1,17
LIMA,MATEMÁTICA,MASCULINO,NO,3,20
LIMA,FÍSICA,MASCULINO,NO,2,18
LIMA,INGENIERÍA QUÍMICA,FEMENINO,NO,4,20
LIMA,INGENIERÍA MECATRÓNICA,MASCULINO,NO,1,17
LIMA,INGENIERÍA CIVIL,MASCULINO,NO,6,22
LIMA,INGENIERÍA DE SISTEMAS,MASCULINO,NO,2,18
LIMA,INGENIERÍA ECONÓMICA,MASCULINO,NO,1,17
LIMA,INGENIERÍA MECÁNICA,MASCULINO,NO,4,21
LIMA,INGENIERÍA MECÁNICA-ELÉCTRICA,MASCULINO,NO,4,20
LIMA,INGENIERÍA MECATRÓNICA,MASCULINO,SI,1,18
LIMA,INGENIERÍA MECATRÓNICA,MASCULINO,NO,2,18
PUNO,INGENIERÍA DE TELECOMUNICACIONES,MASCULINO,NO,1,18
PASCO,INGENIERÍA ECONÓMICA,MASCULINO,NO,1,17
PASCO,INGENIERÍA DE TELECOMUNICACIONES,MASCULINO,NO,1,17
LIMA,INGENIERÍA DE SISTEMAS,MASCULINO,NO,2,19
LIMA,INGENIERÍA CIVIL,MASCULINO,NO,1,17
LIMA,ARQUITECTURA,FEMENINO,NO,1,17
LIMA,INGENIERÍA CIVIL,MASCULINO,NO,1,18
LIMA,FÍSICA,FEMENINO,NO,4,21
ÁNCASH,INGENIERÍA CIVIL,MASCULINO,NO,6,22
LIMA,INGENIERÍA METALÚRGICA,FEMENINO,NO,3,21
LIMA,INGENIERÍA DE SISTEMAS,MASCULINO,NO,4,21
LIMA,INGENIERÍA MECÁNICA,MASCULINO,NO,3,20
HUÁNUCO,INGENIERÍA CIVIL,MASCULINO,NO,2,18
LIMA,INGENIERÍA DE SISTEMAS,MASCULINO,NO,3,19
LA LIBERTAD,INGENIERÍA INDUSTRIAL,MASCULINO,NO,1,18
APURÍMAC,INGENIERÍA CIVIL,MASCULINO,NO,1,17
LIMA,INGENIERÍA ECONÓMICA,MASCULINO,NO,4,20
ÁNCASH,INGENIERÍA AMBIENTAL,MASCULINO,SI,5,22
ICA,INGENIERÍA ESTADÍSTICA,MASCULINO,NO,4,20
LIMA,INGENIERÍA ECONÓMICA,MASCULINO,NO,2,18
LIMA,INGENIERÍA CIVIL,MASCULINO,NO,1,18
LIMA,INGENIERÍA GEOLÓGICA,MASCULINO,NO,2,19
ANCASH,INGENIERÍA MECATRÓNICA,MASCULINO,NO,5,22
SAN MARTIN,INGENIERÍA CIVIL,FEMENINO,NO,4,20
JUNIN,INGENIERÍA DE SISTEMAS,MASCULINO,NO,2,18
LIMA,ARQUITECTURA,FEMENINO,NO,2,19
LIMA,INGENIERÍA ECONÓMICA,MASCULINO,NO,3,19
LIMA,CIENCIA DE LA COMPUTACIÓN,MASCULINO,NO,1,17
LIMA,INGENIERÍA CIVIL,MASCULINO,NO,1,18
LIMA,INGENIERÍA DE SISTEMAS,MASCULINO,NO,4,20
LIMA,INGENIERÍA DE SOFTWARE,MASCULINO,NO,2,18
LIMA,ARQUITECTURA,MASCULINO,NO,2,19
LIMA,INGENIERÍA MECATRÓNICA,MASCULINO,NO,1,18
APURÍMAC,INGENIERÍA CIVIL,MASCULINO,NO,1,18
LIMA,INGENIERÍA DE TELECOMUNICACIONES,MASCULINO,NO,2,18
ÁNCASH,INGENIERÍA CIVIL,MASCULINO,NO,5,21
LIMA,INGENIERÍA INDUSTRIAL,MASCULINO,NO,3,19
CAJAMARCA,INGENIERÍA CIVIL,FEMENINO,NO,1,18
CUSCO,INGENIERÍA FÍSICA,MASCULINO,NO,4,21
LIMA,INGENIERÍA CIVIL,MASCULINO,NO,2,18
LIMA,INGENIERÍA DE SISTEMAS,FEMENINO,NO,1,17
LIMA,INGENIERÍA CIVIL,MASCULINO,NO,2,18
LIMA,INGENIERÍA DE SISTEMAS,MASCULINO,NO,6,23
LIMA,ARQUITECTURA,MASCULINO,NO,2,19
LIMA,QUÍMICA,FEMENINO,NO,3,19
CALLAO,INGENIERÍA DE SISTEMAS,MASCULINO,NO,3,20
LIMA,INGENIERÍA DE HIGIENE Y SEGURIDAD INDUSTRIAL,FEMENINO,NO,1,18
LIMA,INGENIERÍA AMBIENTAL,FEMENINO,SI,5,21
LIMA,INGENIERÍA GEOLÓGICA,MASCULINO,NO,3,20
LIMA,INGENIERÍA MECÁNICA,MASCULINO,NO,1,18
LIMA,ARQUITECTURA,FEMENINO,NO,1,18
LIMA,INGENIERÍA GEOLÓGICA,MASCULINO,NO,4,20
LIMA,INGENIERÍA INDUSTRIAL,MASCULINO,NO,3,18
JUNÍN,INGENIERÍA MECATRÓNICA,MASCULINO,NO,6,22
LIMA,INGENIERÍA ESTADÍSTICA,MASCULINO,NO,4,21
LIMA,INGENIERÍA DE SISTEMAS,FEMENINO,NO,1,17
LIMA,ARQUITECTURA,MASCULINO,NO,1,17
LIMA,INGENIERÍA DE SISTEMAS,MASCULINO,NO,2,18
LIMA,INGENIERÍA ELÉCTRICA,MASCULINO,NO,3,19
LIMA,INGENIERÍA DE SISTEMAS,MASCULINO,NO,1,17
LIMA,ARQUITECTURA,MASCULINO,NO,2,19
LIMA,ARQUITECTURA,FEMENINO,NO,2,18
LIMA,INGENIERÍA DE SISTEMAS,FEMENINO,NO,2,19
LIMA,INGENIERÍA CIVIL,MASCULINO,NO,2,19
CALLAO,INGENIERÍA GEOLÓGICA,FEMENINO,SI,5,21
LIMA,INGENIERÍA MECATRÓNICA,MASCULINO,SI,4,20
LIMA,INGENIERÍA DE SISTEMAS,FEMENINO,NO,2,18
HUÁNUCO,INGENIERÍA MECATRÓNICA,MASCULINO,SI,4,20
CALLAO,INGENIERÍA PETROQUÍMICA,FEMENINO,NO,3,19
LIMA,INGENIERÍA INDUSTRIAL,MASCULINO,SI,4,20
PASCO,INGENIERÍA QUÍMICA,MASCULINO,SI,2,18
LIMA,ARQUITECTURA,MASCULINO,NO,2,18
LIMA,INGENIERÍA CIVIL,FEMENINO,NO,5,20
LIMA,CIENCIA DE LA COMPUTACIÓN,FEMENINO,NO,2,18
LIMA,INGENIERÍA INDUSTRIAL,MASCULINO,SI,2,19
APURÍMAC,INGENIERÍA CIVIL,FEMENINO,NO,2,19
LIMA,INGENIERÍA CIVIL,MASCULINO,SI,2,18
LIMA,INGENIERÍA DE TELECOMUNICACIONES,MASCULINO,NO,6,25
LIMA,INGENIERÍA MECATRÓNICA,MASCULINO,NO,1,17
LIMA,ARQUITECTURA,FEMENINO,NO,5,22
PUNO,INGENIERÍA CIVIL,MASCULINO,NO,2,18
LIMA,MATEMÁTICA,MASCULINO,NO,6,22
CALLAO,INGENIERÍA DE SISTEMAS,MASCULINO,NO,8,25
LIMA,INGENIERÍA DE MINAS,FEMENINO,NO,4,20
LIMA,INGENIERÍA DE SISTEMAS,MASCULINO,NO,2,18
LIMA,INGENIERÍA CIVIL,MASCULINO,NO,7,22
LIMA,INGENIERÍA DE SISTEMAS,MASCULINO,NO,1,17
LIMA,INGENIERÍA GEOLÓGICA,FEMENINO,NO,1,18
LIMA,INGENIERÍA METALÚRGICA,FEMENINO,NO,4,20
LIMA,INGENIERÍA DE MINAS,MASCULINO,NO,3,19
LIMA,ARQUITECTURA,FEMENINO,NO,2,18
CALLAO,INGENIERÍA CIVIL,MASCULINO,NO,1,17
LIMA,ARQUITECTURA,MASCULINO,NO,2,19
LIMA,INGENIERÍA MECATRÓNICA,MASCULINO,NO,1,17
LIMA,INGENIERÍA DE SISTEMAS,MASCULINO,NO,1,17
SAN MARTÍN,INGENIERÍA CIVIL,MASCULINO,NO,4,19
LIMA,INGENIERÍA DE MINAS,MASCULINO,SI,3,19
CALLAO,FÍSICA,MASCULINO,NO,4,21
LIMA,ARQUITECTURA,FEMENINO,NO,7,23
LIMA,INGENIERÍA INDUSTRIAL,FEMENINO,NO,2,18
AYACUCHO,INGENIERÍA INDUSTRIAL,FEMENINO,NO,3,20
PUNO,INGENIERÍA DE SISTEMAS,MASCULINO,NO,2,18
LIMA,INGENIERÍA MECATRÓNICA,MASCULINO,NO,1,17
LIMA,INGENIERÍA QUÍMICA,MASCULINO,NO,4,21
AYACUCHO,INGENIERÍA AMBIENTAL,FEMENINO,NO,2,19
LIMA,INGENIERÍA ECONÓMICA,MASCULINO,SI,1,18
LIMA,INGENIERÍA DE SISTEMAS,MASCULINO,NO,4,21
LIMA,INGENIERÍA AMBIENTAL,FEMENINO,NO,5,21
LIMA,INGENIERÍA ELÉCTRICA,MASCULINO,SI,2,18
LAMBAYEQUE,INGENIERÍA MECÁNICA-ELÉCTRICA,MASCULINO,NO,3,19
LIMA,INGENIERÍA MECATRÓNICA,MASCULINO,NO,1,19
CUSCO,CIENCIA DE LA COMPUTACIÓN,MASCULINO,NO,6,23
LIMA,INGENIERÍA SANITARIA,MASCULINO,NO,3,19
LIMA,INGENIERÍA CIVIL,MASCULINO,NO,3,19
LIMA,INGENIERÍA QUÍMICA,FEMENINO,NO,2,18
LIMA,INGENIERÍA DE SISTEMAS,MASCULINO,NO,2,18
LIMA,INGENIERÍA MECATRÓNICA,MASCULINO,NO,2,18
LIMA,INGENIERÍA CIVIL,MASCULINO,NO,2,18
LIMA,INGENIERÍA DE TELECOMUNICACIONES,FEMENINO,NO,4,20
LIMA,INGENIERÍA DE SISTEMAS,MASCULINO,NO,1,18
LIMA,INGENIERÍA ELECTRÓNICA,MASCULINO,NO,1,17
CALLAO,INGENIERÍA CIVIL,MASCULINO,NO,6,22
ÁNCASH,INGENIERÍA MECÁNICA,MASCULINO,NO,1,17
LIMA,ARQUITECTURA,FEMENINO,NO,1,18
AMAZONAS,ARQUITECTURA,MASCULINO,NO,3,19
LIMA,INGENIERÍA FÍSICA,MASCULINO,NO,3,19
CALLAO,INGENIERÍA DE TELECOMUNICACIONES,MASCULINO,SI,3,19
LIMA,INGENIERÍA MECÁNICA-ELÉCTRICA,MASCULINO,NO,2,18
LIMA,INGENIERÍA ECONÓMICA,FEMENINO,SI,1,17
HUÁNUCO,INGENIERÍA ELECTRÓNICA,MASCULINO,NO,3,19
LIMA,INGENIERÍA AMBIENTAL,MASCULINO,NO,5,23
PASCO,INGENIERÍA DE TELECOMUNICACIONES,FEMENINO,NO,3,19
PUNO,INGENIERÍA INDUSTRIAL,MASCULINO,NO,15,31
LIMA,INGENIERÍA INDUSTRIAL,FEMENINO,NO,1,19
LIMA,INGENIERÍA INDUSTRIAL,FEMENINO,SI,1,17
LIMA,CIENCIA DE LA COMPUTACIÓN,MASCULINO,NO,11,25
LIMA,INGENIERÍA CIVIL,MASCULINO,SI,4,21
MOQUEGUA,INGENIERÍA ECONÓMICA,MASCULINO,NO,2,19
LIMA,INGENIERÍA CIVIL,MASCULINO,NO,2,20
LIMA,INGENIERÍA QUÍMICA,MASCULINO,NO,1,17
LIMA,CIENCIA DE LA COMPUTACIÓN,MASCULINO,NO,4,20
LIMA,INGENIERÍA MECÁNICA,MASCULINO,NO,3,20
HUÁNUCO,INGENIERÍA MECÁNICA,MASCULINO,NO,3,19
LIMA,CIENCIA DE LA COMPUTACIÓN,MASCULINO,NO,3,19
LIMA,INGENIERÍA ELECTRÓNICA,MASCULINO,NO,1,17
ÁNCASH,INGENIERÍA ELÉCTRICA,MASCULINO,NO,3,19
LIMA,INGENIERÍA DE SISTEMAS,MASCULINO,NO,1,17
LIMA,INGENIERÍA DE SISTEMAS,MASCULINO,SI,1,17
LIMA,ARQUITECTURA,FEMENINO,NO,3,19
ANCASH,INGENIERÍA CIVIL,MASCULINO,NO,4,20
LIMA,INGENIERÍA CIVIL,FEMENINO,NO,1,17
LIMA,INGENIERÍA DE MINAS,FEMENINO,NO,3,19
SAN MARTIN,INGENIERÍA CIVIL,MASCULINO,NO,2,18
LIMA,INGENIERÍA DE MINAS,MASCULINO,NO,2,20
LIMA,CIENCIA DE LA COMPUTACIÓN,MASCULINO,NO,6,22
LIMA,INGENIERÍA NAVAL,MASCULINO,NO,1,17
PUNO,INGENIERÍA DE SOFTWARE,MASCULINO,NO,0,17
LIMA,INGENIERÍA DE MINAS,MASCULINO,NO,2,19
LIMA,INGENIERÍA CIVIL,FEMENINO,NO,1,17
LIMA,INGENIERÍA CIVIL,MASCULINO,NO,1,17
LIMA,INGENIERÍA AMBIENTAL,MASCULINO,NO,2,19
LIMA,INGENIERÍA CIVIL,FEMENINO,NO,3,19
LIMA,INGENIERÍA INDUSTRIAL,MASCULINO,NO,4,20
LIMA,INGENIERÍA DE SISTEMAS,MASCULINO,NO,2,18
LIMA,INGENIERÍA INDUSTRIAL,MASCULINO,NO,3,19
ANCASH,INGENIERÍA MECÁNICA,MASCULINO,NO,2,18
LIMA,INGENIERÍA ESTADÍSTICA,MASCULINO,NO,2,19
LIMA,INGENIERÍA DE SISTEMAS,FEMENINO,NO,2,18
LIMA,INGENIERÍA ECONÓMICA,MASCULINO,SI,1,18
LIMA,INGENIERÍA DE SISTEMAS,MASCULINO,NO,3,19
LIMA,INGENIERÍA DE MINAS,MASCULINO,NO,2,18
HUANCAVELICA,INGENIERÍA CIVIL,FEMENINO,NO,3,19
APURIMAC,INGENIERÍA MECATRÓNICA,MASCULINO,NO,2,18
PUNO,INGENIERÍA MECATRÓNICA,MASCULINO,NO,1,18
LIMA,INGENIERÍA INDUSTRIAL,MASCULINO,NO,3,20
LIMA,INGENIERÍA MECATRÓNICA,FEMENINO,NO,1,18
LIMA,INGENIERÍA ELÉCTRICA,MASCULINO,SI,7,24
LIMA,INGENIERÍA QUÍMICA,FEMENINO,NO,2,18
LIMA,INGENIERÍA DE MINAS,MASCULINO,SI,2,18
LIMA,INGENIERÍA MECÁNICA,MASCULINO,NO,4,20
LIMA,INGENIERÍA ELÉCTRICA,FEMENINO,NO,1,18
LIMA,CIENCIA DE LA COMPUTACIÓN,MASCULINO,NO,2,18
LIMA,INGENIERÍA INDUSTRIAL,MASCULINO,SI,2,18
LIMA,INGENIERÍA CIVIL,MASCULINO,SI,1,18
LIMA,INGENIERÍA ECONÓMICA,MASCULINO,NO,8,25
LIMA,INGENIERÍA MECATRÓNICA,MASCULINO,NO,2,18
LIMA,INGENIERÍA CIVIL,MASCULINO,SI,4,20
LIMA,INGENIERÍA INDUSTRIAL,FEMENINO,NO,1,17
LIMA,INGENIERÍA CIVIL,MASCULINO,NO,1,17
LIMA,INGENIERÍA DE SISTEMAS,MASCULINO,NO,1,17
LIMA,INGENIERÍA PETROQUÍMICA,FEMENINO,NO,2,19
LIMA,ARQUITECTURA,MASCULINO,NO,2,18
LIMA,INGENIERÍA ESTADÍSTICA,FEMENINO,NO,5,21
CALLAO,INGENIERÍA DE SISTEMAS,MASCULINO,NO,2,19
LIMA,INGENIERÍA CIVIL,MASCULINO,NO,2,18
LIMA,INGENIERÍA DE SISTEMAS,MASCULINO,NO,2,19
LIMA,INGENIERÍA INDUSTRIAL,MASCULINO,NO,1,17
LIMA,INGENIERÍA DE SISTEMAS,MASCULINO,NO,2,18
AYACUCHO,INGENIERÍA CIVIL,FEMENINO,NO,1,17
LIMA,ARQUITECTURA,MASCULINO,NO,3,19
AYACUCHO,INGENIERÍA CIVIL,MASCULINO,NO,3,19
LIMA,ARQUITECTURA,FEMENINO,NO,6,22
LIMA,INGENIERÍA ELÉCTRICA,FEMENINO,NO,4,20
LIMA,INGENIERÍA CIVIL,MASCULINO,SI,4,20
LIMA,INGENIERÍA DE SISTEMAS,MASCULINO,NO,2,19
LIMA,INGENIERÍA INDUSTRIAL,FEMENINO,SI,3,20
LIMA,ARQUITECTURA,FEMENINO,NO,2,18
LIMA,INGENIERÍA TEXTIL,FEMENINO,NO,2,18
LIMA,ARQUITECTURA,MASCULINO,NO,4,21
LIMA,ARQUITECTURA,MASCULINO,NO,4,20
LIMA,ARQUITECTURA,FEMENINO,NO,3,19
LIMA,ARQUITECTURA,MASCULINO,NO,2,18
LIMA,INGENIERÍA DE SISTEMAS,MASCULINO,NO,2,19
LIMA,INGENIERÍA MECÁNICA,MASCULINO,SI,3,20
LIMA,INGENIERÍA MECÁNICA,MASCULINO,NO,3,20
LIMA,INGENIERÍA ELECTRÓNICA,MASCULINO,SI,4,22
LIMA,CIENCIA DE LA COMPUTACIÓN,MASCULINO,NO,1,18
LIMA,ARQUITECTURA,MASCULINO,NO,1,18
LIMA,INGENIERÍA CIVIL,FEMENINO,NO,8,25
JUNÍN,INGENIERÍA MECÁNICA,MASCULINO,NO,2,19
LIMA,ARQUITECTURA,FEMENINO,NO,1,17
LIMA,INGENIERÍA ECONÓMICA,FEMENINO,NO,4,20
LIMA,ARQUITECTURA,FEMENINO,NO,2,18
CALLAO,INGENIERÍA DE SISTEMAS,MASCULINO,NO,1,17
LIMA,INGENIERÍA DE SISTEMAS,FEMENINO,NO,2,18
LIMA,INGENIERÍA DE SISTEMAS,FEMENINO,NO,1,17
ICA,INGENIERÍA AMBIENTAL,MASCULINO,NO,1,17
LIMA,INGENIERÍA CIVIL,FEMENINO,NO,1,17
LIMA,FÍSICA,MASCULINO,NO,6,22
LIMA,INGENIERÍA INDUSTRIAL,FEMENINO,NO,1,17
LIMA,INGENIERÍA ELECTRÓNICA,MASCULINO,NO,2,19
LIMA,INGENIERÍA CIVIL,FEMENINO,NO,1,18
ICA,INGENIERÍA MECÁNICA-ELÉCTRICA,MASCULINO,NO,1,17
LIMA,INGENIERÍA ELECTRÓNICA,MASCULINO,SI,1,18
LIMA,INGENIERÍA MECÁNICA-ELÉCTRICA,MASCULINO,NO,1,17
LIMA,INGENIERÍA DE SISTEMAS,MASCULINO,NO,2,19
ICA,INGENIERÍA DE SISTEMAS,MASCULINO,NO,1,17
LIMA,INGENIERÍA ECONÓMICA,FEMENINO,NO,4,21
LIMA,INGENIERÍA ECONÓMICA,FEMENINO,NO,2,18
CALLAO,INGENIERÍA MECATRÓNICA,MASCULINO,NO,3,19
LIMA,INGENIERÍA DE SISTEMAS,MASCULINO,NO,2,18
HUÁNUCO,INGENIERÍA MECATRÓNICA,MASCULINO,NO,1,17
LIMA,INGENIERÍA CIVIL,MASCULINO,SI,2,18
LIMA,INGENIERÍA DE SISTEMAS,MASCULINO,NO,1,18
LIMA,INGENIERÍA CIVIL,MASCULINO,SI,1,18
LIMA,INGENIERÍA CIVIL,MASCULINO,NO,4,21
LIMA,INGENIERÍA CIVIL,MASCULINO,NO,1,18
AYACUCHO,INGENIERÍA DE SOFTWARE,MASCULINO,NO,2,19
LIMA,INGENIERÍA CIVIL,MASCULINO,NO,2,19
LIMA,INGENIERÍA DE SISTEMAS,MASCULINO,NO,1,17
LIMA,INGENIERÍA DE SISTEMAS,FEMENINO,NO,3,19
LIMA,INGENIERÍA DE SISTEMAS,MASCULINO,NO,4,20
LIMA,INGENIERÍA ELECTRÓNICA,FEMENINO,NO,7,23
LIMA,INGENIERÍA DE CIBERSEGURIDAD,MASCULINO,SI,2,18
JUNIN,INGENIERÍA MECATRÓNICA,MASCULINO,SI,1,18
HUANCAVELICA,INGENIERÍA DE SISTEMAS,FEMENINO,NO,2,18
LIMA,INGENIERÍA MECATRÓNICA,MASCULINO,NO,1,17
LIMA,INGENIERÍA CIVIL,MASCULINO,SI,2,19
LIMA,INGENIERÍA CIVIL,MASCULINO,NO,1,17
LIMA,INGENIERÍA DE SISTEMAS,MASCULINO,NO,2,19
LIMA,INGENIERÍA MECÁNICA,MASCULINO,SI,2,19
LIMA,INGENIERÍA ESTADÍSTICA,MASCULINO,SI,1,18
LIMA,INGENIERÍA DE TELECOMUNICACIONES,MASCULINO,NO,3,20
JUNIN,INGENIERÍA MECÁNICA,MASCULINO,NO,2,19
LIMA,INGENIERÍA ESTADÍSTICA,MASCULINO,NO,3,20
LIMA,INGENIERÍA AMBIENTAL,MASCULINO,NO,5,21
LIMA,INGENIERÍA DE SISTEMAS,MASCULINO,NO,2,18
LIMA,CIENCIA DE LA COMPUTACIÓN,MASCULINO,NO,2,18
LIMA,INGENIERÍA CIVIL,MASCULINO,SI,1,18
LIMA,INGENIERÍA DE SISTEMAS,MASCULINO,NO,2,18
LIMA,ARQUITECTURA,MASCULINO,NO,2,19
LIMA,INGENIERÍA CIVIL,MASCULINO,NO,2,18
CALLAO,INGENIERÍA CIVIL,MASCULINO,SI,2,19
LIMA,ARQUITECTURA,FEMENINO,NO,1,17
LIMA,INGENIERÍA MECATRÓNICA,MASCULINO,NO,2,18
LIMA,INGENIERÍA DE SISTEMAS,MASCULINO,NO,2,19
LIMA,INGENIERÍA DE SISTEMAS,FEMENINO,NO,2,19
LIMA,INGENIERÍA FÍSICA,MASCULINO,NO,4,20
LIMA,INGENIERÍA ELECTRÓNICA,MASCULINO,NO,6,22
LIMA,INGENIERÍA MECATRÓNICA,MASCULINO,NO,5,21
LIMA,INGENIERÍA MECÁNICA,MASCULINO,NO,2,18
LIMA,INGENIERÍA DE SOFTWARE,MASCULINO,NO,3,19
LIMA,INGENIERÍA MECATRÓNICA,MASCULINO,NO,2,18
CAJAMARCA,INGENIERÍA MECÁNICA,MASCULINO,NO,5,21
SAN MARTIN,ARQUITECTURA,MASCULINO,NO,1,18
LIMA,INGENIERÍA DE PETRÓLEO Y GAS NATURAL,MASCULINO,NO,11,27
JUNIN,INGENIERÍA MECATRÓNICA,MASCULINO,NO,1,18
PUNO,INGENIERÍA CIVIL,MASCULINO,SI,4,20
CALLAO,INGENIERÍA DE SISTEMAS,MASCULINO,NO,2,19
ANCASH,INGENIERÍA PETROQUÍMICA,FEMENINO,NO,2,19
JUNIN,INGENIERÍA DE CIBERSEGURIDAD,MASCULINO,NO,1,17
CALLAO,INGENIERÍA DE MINAS,MASCULINO,NO,4,20
LIMA,INGENIERÍA DE SISTEMAS,MASCULINO,NO,3,19
LIMA,ARQUITECTURA,MASCULINO,NO,3,19
LIMA,INGENIERÍA DE SISTEMAS,MASCULINO,NO,2,18
LIMA,INGENIERÍA ECONÓMICA,MASCULINO,NO,2,18
LIMA,INGENIERÍA ECONÓMICA,MASCULINO,NO,2,19
LIMA,ARQUITECTURA,FEMENINO,NO,2,18
LIMA,INGENIERÍA CIVIL,MASCULINO,NO,3,19
LIMA,INGENIERÍA ELECTRÓNICA,MASCULINO,NO,22,38
ÁNCASH,INGENIERÍA DE MINAS,MASCULINO,NO,1,18
CALLAO,INGENIERÍA INDUSTRIAL,FEMENINO,SI,4,20
LIMA,INGENIERÍA INDUSTRIAL,MASCULINO,NO,2,18
LIMA,INGENIERÍA SANITARIA,MASCULINO,NO,2,19
LIMA,INGENIERÍA DE SISTEMAS,MASCULINO,NO,4,20
JUNÍN,INGENIERÍA CIVIL,MASCULINO,NO,2,19
LIMA,ARQUITECTURA,FEMENINO,NO,1,18
AMAZONAS,INGENIERÍA DE SISTEMAS,MASCULINO,NO,1,18
LIMA,INGENIERÍA MECÁNICA,MASCULINO,NO,3,20
LIMA,INGENIERÍA CIVIL,MASCULINO,NO,1,17
LIMA,INGENIERÍA CIVIL,FEMENINO,NO,6,22
HUÁNUCO,INGENIERÍA DE SISTEMAS,FEMENINO,NO,4,20
LIMA,INGENIERÍA DE SISTEMAS,MASCULINO,NO,1,18
LIMA,INGENIERÍA ELÉCTRICA,MASCULINO,NO,9,25
LIMA,INGENIERÍA DE CIBERSEGURIDAD,MASCULINO,NO,1,18
LAMBAYEQUE,INGENIERÍA CIVIL,MASCULINO,NO,1,18
JUNIN,INGENIERÍA CIVIL,MASCULINO,NO,2,18
LIMA,INGENIERÍA MECATRÓNICA,MASCULINO,NO,1,17
LIMA,INGENIERÍA MECÁNICA-ELÉCTRICA,MASCULINO,NO,6,23
LIMA,INGENIERÍA MECATRÓNICA,MASCULINO,SI,3,19
LIMA,ARQUITECTURA,MASCULINO,NO,3,19
LIMA,INGENIERÍA ELECTRÓNICA,MASCULINO,NO,4,20
UCAYALI,INGENIERÍA CIVIL,MASCULINO,NO,3,20
LIMA,INGENIERÍA AMBIENTAL,MASCULINO,SI,4,20
LIMA,INGENIERÍA AMBIENTAL,FEMENINO,SI,3,19
LIMA,ARQUITECTURA,MASCULINO,NO,2,17
LIMA,INGENIERÍA DE SISTEMAS,MASCULINO,NO,1,17
LIMA,INGENIERÍA INDUSTRIAL,MASCULINO,NO,5,21
LIMA,INGENIERÍA CIVIL,MASCULINO,NO,3,20
LIMA,ARQUITECTURA,FEMENINO,NO,1,17
LIMA,INGENIERÍA AMBIENTAL,MASCULINO,NO,2,18
LIMA,MATEMÁTICA,MASCULINO,NO,3,20
LIMA,INGENIERÍA ELECTRÓNICA,MASCULINO,NO,3,19
LIMA,INGENIERÍA MECATRÓNICA,MASCULINO,NO,1,18
LIMA,INGENIERÍA ECONÓMICA,FEMENINO,NO,2,19
ICA,INGENIERÍA DE SISTEMAS,MASCULINO,NO,2,18
CALLAO,INGENIERÍA DE SISTEMAS,MASCULINO,NO,5,22
LIMA,INGENIERÍA DE SISTEMAS,MASCULINO,NO,2,18
LIMA,INGENIERÍA CIVIL,FEMENINO,NO,4,21
LIMA,INGENIERÍA DE SISTEMAS,MASCULINO,NO,1,17
LIMA,INGENIERÍA MECÁNICA,MASCULINO,NO,2,19
LIMA,INGENIERÍA MECATRÓNICA,MASCULINO,NO,1,17
LIMA,INGENIERÍA MECATRÓNICA,MASCULINO,NO,2,18
LIMA,INGENIERÍA ECONÓMICA,MASCULINO,NO,4,20
LIMA,INGENIERÍA DE MINAS,MASCULINO,SI,8,25
LIMA,INGENIERÍA DE SISTEMAS,MASCULINO,NO,1,17
LIMA,INGENIERÍA ESTADÍSTICA,FEMENINO,SI,2,18
LIMA,INGENIERÍA DE SISTEMAS,FEMENINO,NO,1,17
LIMA,INGENIERÍA INDUSTRIAL,MASCULINO,NO,1,17
ICA,INGENIERÍA MECÁNICA,MASCULINO,NO,3,19
LIMA,INGENIERÍA PETROQUÍMICA,FEMENINO,SI,6,22
LIMA,INGENIERÍA MECÁNICA,MASCULINO,NO,9,25
LIMA,CIENCIA DE LA COMPUTACIÓN,MASCULINO,SI,7,23
LIMA,INGENIERÍA CIVIL,MASCULINO,SI,8,26
LORETO,INGENIERÍA DE SISTEMAS,MASCULINO,NO,3,20
LIMA,INGENIERÍA INDUSTRIAL,MASCULINO,NO,4,20
LIMA,INGENIERÍA ECONÓMICA,FEMENINO,NO,1,17
LIMA,INGENIERÍA CIVIL,MASCULINO,NO,2,18
JUNÍN,INGENIERÍA FÍSICA,MASCULINO,SI,9,26
LIMA,INGENIERÍA INDUSTRIAL,MASCULINO,NO,3,19
LIMA,INGENIERÍA CIVIL,MASCULINO,NO,1,17
LIMA,INGENIERÍA DE SISTEMAS,MASCULINO,NO,1,17
CAJAMARCA,INGENIERÍA CIVIL,MASCULINO,SI,5,21
LIMA,INGENIERÍA DE SISTEMAS,MASCULINO,NO,3,21
LIMA,INGENIERÍA MECATRÓNICA,MASCULINO,SI,1,17
SAN MARTÍN,ARQUITECTURA,MASCULINO,NO,2,19
LIMA,INGENIERÍA DE SISTEMAS,MASCULINO,NO,1,17
LIMA,INGENIERÍA ELÉCTRICA,MASCULINO,NO,4,20
LIMA,INGENIERÍA CIVIL,MASCULINO,NO,3,19
LIMA,ARQUITECTURA,MASCULINO,NO,1,17
CUSCO,INGENIERÍA AMBIENTAL,FEMENINO,NO,2,22
LIMA,CIENCIA DE LA COMPUTACIÓN,MASCULINO,NO,5,21
LIMA,INGENIERÍA ECONÓMICA,FEMENINO,NO,8,24
LIMA,INGENIERÍA DE MINAS,MASCULINO,NO,1,18
LIMA,INGENIERÍA MECATRÓNICA,MASCULINO,NO,3,19
LIMA,INGENIERÍA DE SISTEMAS,MASCULINO,NO,3,19
LIMA,INGENIERÍA INDUSTRIAL,MASCULINO,NO,2,18
LIMA,INGENIERÍA DE SISTEMAS,MASCULINO,NO,51,73
LIMA,INGENIERÍA ECONÓMICA,FEMENINO,NO,1,18
LIMA,INGENIERÍA MECATRÓNICA,MASCULINO,NO,3,20
LIMA,CIENCIA DE LA COMPUTACIÓN,FEMENINO,NO,1,17
LIMA,INGENIERÍA INDUSTRIAL,FEMENINO,NO,1,17
LIMA,INGENIERÍA DE SISTEMAS,MASCULINO,NO,2,18
LIMA,INGENIERÍA MECATRÓNICA,MASCULINO,NO,1,17
LIMA,INGENIERÍA ELECTRÓNICA,MASCULINO,NO,4,20
PUNO,INGENIERÍA SANITARIA,MASCULINO,NO,10,26
LIMA,ARQUITECTURA,FEMENINO,NO,2,18
CALLAO,ARQUITECTURA,FEMENINO,NO,1,18
JUNÍN,INGENIERÍA CIVIL,MASCULINO,NO,1,17
HUANCAVELICA,INGENIERÍA AMBIENTAL,MASCULINO,SI,2,18
LIMA,INGENIERÍA MECATRÓNICA,MASCULINO,NO,2,18
LIMA,INGENIERÍA TEXTIL,MASCULINO,NO,2,18
LIMA,INGENIERÍA MECÁNICA-ELÉCTRICA,MASCULINO,NO,2,18
LIMA,INGENIERÍA MECÁNICA,MASCULINO,NO,5,22
AREQUIPA,INGENIERÍA MECATRÓNICA,MASCULINO,SI,3,19
LIMA,INGENIERÍA GEOLÓGICA,MASCULINO,NO,4,21
LIMA,INGENIERÍA AMBIENTAL,MASCULINO,NO,5,21
AYACUCHO,INGENIERÍA CIVIL,MASCULINO,NO,3,19
LIMA,INGENIERÍA DE MINAS,MASCULINO,NO,2,18
PUNO,INGENIERÍA CIVIL,MASCULINO,NO,1,18
LIMA,INGENIERÍA DE SISTEMAS,MASCULINO,NO,2,19
JUNÍN,INGENIERÍA ELÉCTRICA,MASCULINO,NO,6,22
LA LIBERTAD,INGENIERÍA MECATRÓNICA,MASCULINO,NO,1,18
LIMA,INGENIERÍA ELÉCTRICA,MASCULINO,NO,8,23
HUÁNUCO,INGENIERÍA AMBIENTAL,FEMENINO,NO,1,17
LIMA,INGENIERÍA MECATRÓNICA,MASCULINO,NO,1,17
LIMA,INGENIERÍA MECÁNICA,MASCULINO,NO,2,18
LIMA,INGENIERÍA PETROQUÍMICA,MASCULINO,NO,7,24
LIMA,ARQUITECTURA,FEMENINO,NO,3,20
LAMBAYEQUE,INGENIERÍA MECATRÓNICA,MASCULINO,NO,2,18
LIMA,ARQUITECTURA,FEMENINO,NO,1,17
LIMA,INGENIERÍA INDUSTRIAL,MASCULINO,NO,1,18
LIMA,ARQUITECTURA,FEMENINO,NO,1,17
LIMA,ARQUITECTURA,MASCULINO,NO,3,18
ICA,INGENIERÍA MECÁNICA,MASCULINO,SI,1,18
LIMA,INGENIERÍA INDUSTRIAL,MASCULINO,NO,3,19
PASCO,INGENIERÍA DE SISTEMAS,FEMENINO,NO,1,18
LIMA,INGENIERÍA INDUSTRIAL,MASCULINO,NO,2,18
LIMA,ARQUITECTURA,FEMENINO,NO,2,19
LIMA,INGENIERÍA DE SISTEMAS,MASCULINO,NO,1,17
LIMA,INGENIERÍA CIVIL,MASCULINO,NO,2,18
LIMA,FÍSICA,MASCULINO,NO,2,19
ÁNCASH,INGENIERÍA ELECTRÓNICA,MASCULINO,NO,2,18
LIMA,INGENIERÍA CIVIL,MASCULINO,NO,1,17
LIMA,INGENIERÍA QUÍMICA,FEMENINO,NO,4,20
LIMA,INGENIERÍA DE SISTEMAS,MASCULINO,NO,3,19
LIMA,ARQUITECTURA,FEMENINO,NO,3,19
LIMA,ARQUITECTURA,FEMENINO,SI,1,17
ICA,INGENIERÍA GEOLÓGICA,MASCULINO,NO,1,18
LIMA,CIENCIA DE LA COMPUTACIÓN,FEMENINO,NO,4,20
ÁNCASH,INGENIERÍA CIVIL,MASCULINO,NO,5,22
AMAZONAS,ARQUITECTURA,FEMENINO,NO,1,17
LIMA,INGENIERÍA INDUSTRIAL,FEMENINO,NO,1,17
CALLAO,INGENIERÍA INDUSTRIAL,MASCULINO,SI,3,19
LIMA,INGENIERÍA CIVIL,MASCULINO,NO,2,18
LIMA,INGENIERÍA DE TELECOMUNICACIONES,MASCULINO,SI,4,20
APURÍMAC,INGENIERÍA ELECTRÓNICA,MASCULINO,NO,1,17
LIMA,INGENIERÍA DE PETRÓLEO Y GAS NATURAL,FEMENINO,NO,4,20
LIMA,INGENIERÍA PETROQUÍMICA,MASCULINO,SI,3,19
TACNA,INGENIERÍA INDUSTRIAL,MASCULINO,NO,2,18
LAMBAYEQUE,INGENIERÍA MECÁNICA-ELÉCTRICA,MASCULINO,NO,4,21
LIMA,INGENIERÍA DE SISTEMAS,MASCULINO,NO,2,18
LIMA,INGENIERÍA ELÉCTRICA,MASCULINO,SI,2,19
ÁNCASH,INGENIERÍA QUÍMICA,FEMENINO,NO,4,20
LIMA,INGENIERÍA INDUSTRIAL,MASCULINO,NO,2,18
AYACUCHO,INGENIERÍA QUÍMICA,FEMENINO,NO,4,20
LIMA,INGENIERÍA CIVIL,FEMENINO,NO,4,20
CALLAO,INGENIERÍA CIVIL,FEMENINO,NO,4,21
LIMA,ARQUITECTURA,MASCULINO,NO,2,18
LIMA,INGENIERÍA CIVIL,MASCULINO,NO,1,17
CALLAO,INGENIERÍA INDUSTRIAL,FEMENINO,NO,1,17
LIMA,INGENIERÍA INDUSTRIAL,MASCULINO,NO,1,17
CAJAMARCA,INGENIERÍA MECATRÓNICA,MASCULINO,NO,1,17
LIMA,ARQUITECTURA,FEMENINO,NO,2,19
LIMA,INGENIERÍA INDUSTRIAL,FEMENINO,SI,2,18
LIMA,INGENIERÍA DE MINAS,MASCULINO,SI,2,19
CALLAO,INGENIERÍA DE MINAS,MASCULINO,NO,1,17
LIMA,INGENIERÍA DE SISTEMAS,MASCULINO,NO,1,18
LIMA,INGENIERÍA CIVIL,MASCULINO,NO,1,18
LIMA,INGENIERÍA INDUSTRIAL,MASCULINO,NO,1,18
LIMA,INGENIERÍA MECATRÓNICA,MASCULINO,NO,1,17
LIMA,ARQUITECTURA,MASCULINO,NO,1,17
LAMBAYEQUE,INGENIERÍA CIVIL,MASCULINO,NO,4,20
LIMA,INGENIERÍA DE SOFTWARE,FEMENINO,NO,6,23
LIMA,INGENIERÍA MECATRÓNICA,MASCULINO,NO,2,18
LIMA,MATEMÁTICA,MASCULINO,SI,1,18
LIMA,INGENIERÍA DE TELECOMUNICACIONES,MASCULINO,NO,2,19
LIMA,INGENIERÍA ELECTRÓNICA,MASCULINO,NO,3,20
LIMA,INGENIERÍA CIVIL,MASCULINO,NO,2,18
PASCO,INGENIERÍA ELÉCTRICA,MASCULINO,SI,3,19
LIMA,INGENIERÍA DE SISTEMAS,MASCULINO,NO,4,20
LIMA,INGENIERÍA ELECTRÓNICA,MASCULINO,NO,2,19
LIMA,INGENIERÍA DE SISTEMAS,MASCULINO,NO,3,20
LIMA,INGENIERÍA MECÁNICA,MASCULINO,NO,5,22
PUNO,ARQUITECTURA,FEMENINO,NO,9,25
LIMA,INGENIERÍA MECATRÓNICA,MASCULINO,NO,1,17
LIMA,ARQUITECTURA,MASCULINO,NO,2,19
TACNA,INGENIERÍA DE SISTEMAS,FEMENINO,NO,2,19
LIMA,INGENIERÍA CIVIL,MASCULINO,NO,5,21
LIMA,INGENIERÍA DE TELECOMUNICACIONES,FEMENINO,NO,4,20
LIMA,INGENIERÍA CIVIL,MASCULINO,NO,1,17
LIMA,INGENIERÍA MECÁNICA-ELÉCTRICA,MASCULINO,NO,2,19
LIMA,MATEMÁTICA,MASCULINO,NO,1,17
LIMA,INGENIERÍA DE CIBERSEGURIDAD,FEMENINO,NO,2,18
ANCASH,INGENIERÍA CIVIL,MASCULINO,NO,2,18
LIMA,INGENIERÍA DE SOFTWARE,MASCULINO,SI,3,19
LIMA,INGENIERÍA DE SOFTWARE,MASCULINO,NO,6,23
LIMA,INGENIERÍA MECATRÓNICA,MASCULINO,NO,2,19
LIMA,INGENIERÍA SANITARIA,FEMENINO,SI,7,24
APURIMAC,INGENIERÍA CIVIL,MASCULINO,NO,2,18
LIMA,INGENIERÍA MECÁNICA,MASCULINO,NO,2,19
LIMA,INGENIERÍA DE SISTEMAS,MASCULINO,NO,2,19
LIMA,INGENIERÍA DE SOFTWARE,MASCULINO,NO,1,18
LIMA,INGENIERÍA AMBIENTAL,FEMENINO,NO,3,19
LIMA,INGENIERÍA MECATRÓNICA,MASCULINO,NO,1,18
AREQUIPA,ARQUITECTURA,FEMENINO,NO,3,20
PUNO,INGENIERÍA CIVIL,FEMENINO,NO,2,18
LIMA,INGENIERÍA CIVIL,MASCULINO,SI,3,19
LIMA,INGENIERÍA ECONÓMICA,FEMENINO,SI,3,20
LIMA,INGENIERÍA DE SISTEMAS,MASCULINO,NO,1,18
HUANCAVELICA,ARQUITECTURA,MASCULINO,NO,1,18
ICA,INGENIERÍA DE SISTEMAS,MASCULINO,NO,3,20
LIMA,INGENIERÍA CIVIL,MASCULINO,NO,3,19
LIMA,INGENIERÍA AMBIENTAL,FEMENINO,NO,2,18
LIMA,INGENIERÍA MECATRÓNICA,FEMENINO,NO,1,17
JUNÍN,ARQUITECTURA,FEMENINO,NO,1,17
LIMA,INGENIERÍA AMBIENTAL,MASCULINO,NO,6,22
LAMBAYEQUE,INGENIERÍA CIVIL,MASCULINO,NO,1,17
LIMA,INGENIERÍA MECATRÓNICA,MASCULINO,NO,6,21
LIMA,INGENIERÍA MECÁNICA,MASCULINO,NO,1,18
LIMA,INGENIERÍA MECATRÓNICA,MASCULINO,NO,4,21
ÁNCASH,INGENIERÍA MECÁNICA-ELÉCTRICA,MASCULINO,NO,1,17
LIMA,ARQUITECTURA,FEMENINO,NO,1,18
LIMA,INGENIERÍA ECONÓMICA,MASCULINO,SI,2,18
LIMA,INGENIERÍA CIVIL,MASCULINO,NO,3,18
ICA,INGENIERÍA ELECTRÓNICA,FEMENINO,NO,1,18
LIMA,ARQUITECTURA,MASCULINO,NO,5,22
CALLAO,INGENIERÍA CIVIL,MASCULINO,NO,1,17
LIMA,ARQUITECTURA,FEMENINO,NO,1,17
LIMA,INGENIERÍA ELÉCTRICA,MASCULINO,NO,2,18
LIMA,INGENIERÍA CIVIL,FEMENINO,NO,3,19
LIMA,INGENIERÍA DE MINAS,MASCULINO,NO,3,18
LIMA,INGENIERÍA CIVIL,MASCULINO,NO,4,20
LIMA,INGENIERÍA DE MINAS,MASCULINO,NO,2,18
LIMA,INGENIERÍA MECATRÓNICA,MASCULINO,NO,2,18
LIMA,INGENIERÍA DE HIGIENE Y SEGURIDAD INDUSTRIAL,FEMENINO,NO,4,21
ÁNCASH,INGENIERÍA MECATRÓNICA,MASCULINO,NO,4,21
LIMA,INGENIERÍA INDUSTRIAL,MASCULINO,NO,2,19
LIMA,INGENIERÍA PETROQUÍMICA,MASCULINO,SI,5,21
LIMA,INGENIERÍA INDUSTRIAL,MASCULINO,NO,4,20
LIMA,INGENIERÍA DE SISTEMAS,MASCULINO,NO,4,20
LIMA,ARQUITECTURA,FEMENINO,NO,8,25
JUNÍN,INGENIERÍA DE SISTEMAS,MASCULINO,NO,2,19
LIMA,INGENIERÍA CIVIL,MASCULINO,SI,1,17
CUSCO,INGENIERÍA MECATRÓNICA,MASCULINO,SI,2,18
CUSCO,INGENIERÍA AMBIENTAL,MASCULINO,NO,2,18
CALLAO,FÍSICA,MASCULINO,NO,5,21
LA LIBERTAD,INGENIERÍA INDUSTRIAL,MASCULINO,NO,11,28
PUNO,INGENIERÍA CIVIL,MASCULINO,NO,3,19
LIMA,INGENIERÍA QUÍMICA,MASCULINO,NO,2,18
LIMA,INGENIERÍA ELÉCTRICA,MASCULINO,NO,1,17
LIMA,INGENIERÍA DE SISTEMAS,MASCULINO,NO,2,18
LIMA,ARQUITECTURA,FEMENINO,NO,3,19
LIMA,INGENIERÍA ECONÓMICA,MASCULINO,NO,1,17
LIMA,INGENIERÍA INDUSTRIAL,MASCULINO,SI,4,20
ICA,ARQUITECTURA,FEMENINO,NO,3,19
LIMA,ARQUITECTURA,MASCULINO,NO,2,18
LIMA,ARQUITECTURA,MASCULINO,NO,3,19
LIMA,INGENIERÍA SANITARIA,MASCULINO,NO,3,19
LIMA,ARQUITECTURA,FEMENINO,NO,1,17
LIMA,INGENIERÍA ELÉCTRICA,MASCULINO,NO,2,18
HUÁNUCO,INGENIERÍA MECÁNICA-ELÉCTRICA,MASCULINO,SI,1,18
LIMA,INGENIERÍA TEXTIL,FEMENINO,NO,24,40
LIMA,INGENIERÍA DE TELECOMUNICACIONES,FEMENINO,SI,5,21
LIMA,INGENIERÍA DE SISTEMAS,MASCULINO,NO,4,20
AYACUCHO,INGENIERÍA MECÁNICA,MASCULINO,NO,1,17
LIMA,INGENIERÍA MECATRÓNICA,MASCULINO,NO,2,18
LIMA,INGENIERÍA MECÁNICA,MASCULINO,NO,3,19
LIMA,INGENIERÍA ECONÓMICA,FEMENINO,NO,3,19
HUÁNUCO,INGENIERÍA MECATRÓNICA,MASCULINO,NO,2,18
LIMA,ARQUITECTURA,FEMENINO,NO,2,19
PUNO,INGENIERÍA MECATRÓNICA,MASCULINO,NO,3,19
LIMA,INGENIERÍA CIVIL,MASCULINO,NO,1,17
LIMA,INGENIERÍA DE SISTEMAS,MASCULINO,NO,4,20
LIMA,INGENIERÍA QUÍMICA,MASCULINO,SI,6,23
LIMA,INGENIERÍA DE SISTEMAS,MASCULINO,NO,3,19
LIMA,INGENIERÍA INDUSTRIAL,FEMENINO,NO,2,19
LIMA,INGENIERÍA DE MINAS,MASCULINO,NO,1,17
LIMA,ARQUITECTURA,MASCULINO,NO,2,18
HUANCAVELICA,INGENIERÍA DE SISTEMAS,MASCULINO,NO,2,19
LIMA,INGENIERÍA DE SISTEMAS,MASCULINO,NO,2,19
CAJAMARCA,INGENIERÍA MECATRÓNICA,MASCULINO,NO,1,17
PASCO,INGENIERÍA CIVIL,MASCULINO,NO,3,19
LIMA,INGENIERÍA MECÁNICA,MASCULINO,NO,2,19
LIMA,ARQUITECTURA,MASCULINO,NO,3,20
LIMA,ARQUITECTURA,FEMENINO,NO,4,20
PIURA,INGENIERÍA DE SISTEMAS,MASCULINO,NO,3,19
ICA,INGENIERÍA MECATRÓNICA,MASCULINO,NO,1,18
LIMA,INGENIERÍA INDUSTRIAL,MASCULINO,NO,1,17
LIMA,ARQUITECTURA,FEMENINO,NO,2,18
AYACUCHO,INGENIERÍA ELÉCTRICA,FEMENINO,NO,1,17
PUNO,INGENIERÍA MECATRÓNICA,MASCULINO,NO,11,27
LIMA,FÍSICA,MASCULINO,NO,4,20
JUNÍN,INGENIERÍA ELÉCTRICA,MASCULINO,NO,3,20
LIMA,ARQUITECTURA,MASCULINO,NO,2,18
LIMA,ARQUITECTURA,FEMENINO,NO,1,17
LIMA,MATEMÁTICA,MASCULINO,NO,2,25
CALLAO,INGENIERÍA MECATRÓNICA,MASCULINO,SI,1,17
LIMA,INGENIERÍA DE SISTEMAS,MASCULINO,NO,2,18
LIMA,INGENIERÍA QUÍMICA,MASCULINO,NO,3,19
LIMA,INGENIERÍA CIVIL,MASCULINO,SI,1,17
LIMA,CIENCIA DE LA COMPUTACIÓN,MASCULINO,NO,2,18
LIMA,INGENIERÍA CIVIL,MASCULINO,NO,4,21
LIMA,INGENIERÍA PETROQUÍMICA,MASCULINO,NO,2,19
LIMA,CIENCIA DE LA COMPUTACIÓN,MASCULINO,NO,2,18
ICA,INGENIERÍA ECONÓMICA,MASCULINO,NO,1,17
LIMA,INGENIERÍA DE SISTEMAS,MASCULINO,NO,3,19
LIMA,ARQUITECTURA,FEMENINO,NO,6,22
LIMA,INGENIERÍA CIVIL,MASCULINO,NO,3,20
LIMA,INGENIERÍA PETROQUÍMICA,FEMENINO,NO,3,19
LIMA,INGENIERÍA DE SISTEMAS,MASCULINO,NO,2,19
LIMA,INGENIERÍA INDUSTRIAL,MASCULINO,NO,3,19
LIMA,INGENIERÍA DE SISTEMAS,MASCULINO,NO,1,17
LIMA,INGENIERÍA INDUSTRIAL,MASCULINO,NO,2,19
LIMA,INGENIERÍA ECONÓMICA,MASCULINO,NO,3,19
AYACUCHO,ARQUITECTURA,FEMENINO,NO,3,18
CALLAO,INGENIERÍA CIVIL,MASCULINO,NO,1,17
LIMA,INGENIERÍA DE SISTEMAS,FEMENINO,NO,2,19
LIMA,INGENIERÍA INDUSTRIAL,MASCULINO,NO,4,21
LIMA,INGENIERÍA DE SISTEMAS,MASCULINO,NO,4,20
LIMA,INGENIERÍA CIVIL,MASCULINO,NO,5,20
LIMA,INGENIERÍA INDUSTRIAL,MASCULINO,NO,1,18
LIMA,ARQUITECTURA,FEMENINO,NO,1,17
LIMA,INGENIERÍA ELECTRÓNICA,MASCULINO,NO,3,19
LIMA,INGENIERÍA DE SISTEMAS,MASCULINO,NO,2,18
LIMA,INGENIERÍA INDUSTRIAL,MASCULINO,NO,3,19
LIMA,INGENIERÍA CIVIL,MASCULINO,NO,1,17
LIMA,INGENIERÍA CIVIL,FEMENINO,NO,3,19
LIMA,INGENIERÍA ECONÓMICA,MASCULINO,NO,4,21
AYACUCHO,INGENIERÍA CIVIL,MASCULINO,NO,2,19
LIMA,INGENIERÍA MECATRÓNICA,MASCULINO,NO,3,19
CALLAO,INGENIERÍA DE SISTEMAS,MASCULINO,SI,4,20
ICA,INGENIERÍA INDUSTRIAL,FEMENINO,NO,2,18
LIMA,ARQUITECTURA,FEMENINO,NO,1,17
LIMA,INGENIERÍA INDUSTRIAL,MASCULINO,NO,3,19
CALLAO,INGENIERÍA ELECTRÓNICA,MASCULINO,NO,3,20
LIMA,ARQUITECTURA,FEMENINO,NO,4,21
LIMA,INGENIERÍA METALÚRGICA,MASCULINO,NO,3,19
LIMA,INGENIERÍA FÍSICA,MASCULINO,NO,4,21
LIMA,INGENIERÍA QUÍMICA,MASCULINO,NO,2,18
LIMA,INGENIERÍA DE SISTEMAS,MASCULINO,NO,3,21
LIMA,INGENIERÍA INDUSTRIAL,MASCULINO,NO,3,19
LIMA,ARQUITECTURA,MASCULINO,NO,1,17
LIMA,INGENIERÍA GEOLÓGICA,FEMENINO,NO,4,21
LIMA,INGENIERÍA ECONÓMICA,MASCULINO,SI,5,21
LIMA,CIENCIA DE LA COMPUTACIÓN,MASCULINO,NO,3,20
TACNA,INGENIERÍA MECATRÓNICA,MASCULINO,NO,1,18
LIMA,INGENIERÍA DE SISTEMAS,FEMENINO,SI,2,18
LIMA,INGENIERÍA AMBIENTAL,FEMENINO,NO,5,21
LIMA,INGENIERÍA DE TELECOMUNICACIONES,MASCULINO,NO,2,19
LIMA,ARQUITECTURA,MASCULINO,NO,1,17
LIMA,INGENIERÍA DE MINAS,MASCULINO,NO,2,17
CALLAO,INGENIERÍA CIVIL,MASCULINO,NO,5,22
ICA,INGENIERÍA CIVIL,MASCULINO,SI,11,26
LIMA,INGENIERÍA CIVIL,MASCULINO,NO,5,21
LIMA,INGENIERÍA CIVIL,MASCULINO,NO,1,18
LIMA,ARQUITECTURA,MASCULINO,NO,4,20
LIMA,INGENIERÍA INDUSTRIAL,MASCULINO,NO,3,19
LIMA,INGENIERÍA QUÍMICA,MASCULINO,NO,1,18
HUÁNUCO,INGENIERÍA ECONÓMICA,MASCULINO,NO,1,17
LIMA,INGENIERÍA MECATRÓNICA,MASCULINO,NO,1,17
LIMA,INGENIERÍA INDUSTRIAL,MASCULINO,NO,4,20
LIMA,INGENIERÍA CIVIL,MASCULINO,NO,2,18
LIMA,FÍSICA,MASCULINO,SI,2,18
CAJAMARCA,ARQUITECTURA,FEMENINO,NO,2,18
LIMA,INGENIERÍA DE SISTEMAS,MASCULINO,NO,3,19
LIMA,INGENIERÍA CIVIL,MASCULINO,NO,6,21
LIMA,INGENIERÍA DE SISTEMAS,MASCULINO,NO,1,17
LIMA,INGENIERÍA DE TELECOMUNICACIONES,FEMENINO,NO,2,18
CALLAO,INGENIERÍA MECATRÓNICA,MASCULINO,NO,5,21
LIMA,INGENIERÍA INDUSTRIAL,MASCULINO,NO,2,18
JUNÍN,INGENIERÍA ECONÓMICA,FEMENINO,NO,2,19
LIMA,ARQUITECTURA,MASCULINO,NO,3,19
CAJAMARCA,INGENIERÍA ELECTRÓNICA,MASCULINO,NO,2,18
LIMA,INGENIERÍA DE SISTEMAS,MASCULINO,NO,1,17
APURÍMAC,INGENIERÍA ECONÓMICA,FEMENINO,NO,2,19
LIMA,INGENIERÍA DE SISTEMAS,MASCULINO,NO,1,17
CUSCO,INGENIERÍA ELECTRÓNICA,MASCULINO,NO,5,23
LIMA,CIENCIA DE LA COMPUTACIÓN,MASCULINO,SI,1,18
LIMA,ARQUITECTURA,MASCULINO,NO,4,20
LIMA,INGENIERÍA DE SISTEMAS,MASCULINO,NO,1,18
LIMA,INGENIERÍA CIVIL,FEMENINO,NO,2,19
LIMA,INGENIERÍA ELECTRÓNICA,MASCULINO,NO,3,19
LIMA,INGENIERÍA CIVIL,MASCULINO,NO,3,19
LIMA,INGENIERÍA ELÉCTRICA,FEMENINO,NO,1,18
LIMA,INGENIERÍA DE MINAS,MASCULINO,NO,2,18
LIMA,INGENIERÍA DE PETRÓLEO Y GAS NATURAL,MASCULINO,NO,1,17
LIMA,INGENIERÍA ECONÓMICA,MASCULINO,NO,3,19
CALLAO,INGENIERÍA DE SISTEMAS,MASCULINO,NO,4,21
LIMA,INGENIERÍA MECÁNICA-ELÉCTRICA,MASCULINO,NO,2,18
LIMA,CIENCIA DE LA COMPUTACIÓN,MASCULINO,NO,2,19
JUNÍN,INGENIERÍA CIVIL,MASCULINO,NO,1,18
LIMA,INGENIERÍA MECÁNICA,MASCULINO,NO,3,19
LIMA,INGENIERÍA DE CIBERSEGURIDAD,MASCULINO,NO,5,21
LIMA,INGENIERÍA ELECTRÓNICA,FEMENINO,NO,2,18
LIMA,INGENIERÍA MECATRÓNICA,MASCULINO,NO,1,18
LIMA,INGENIERÍA CIVIL,MASCULINO,NO,3,20
LIMA,INGENIERÍA INDUSTRIAL,MASCULINO,NO,2,19
ICA,ARQUITECTURA,FEMENINO,NO,1,17
LIMA,INGENIERÍA DE TELECOMUNICACIONES,MASCULINO,SI,4,20
ICA,INGENIERÍA DE SISTEMAS,MASCULINO,SI,1,17
LIMA,INGENIERÍA CIVIL,MASCULINO,NO,5,21
LIMA,INGENIERÍA DE SISTEMAS,FEMENINO,NO,1,17
LIMA,ARQUITECTURA,MASCULINO,NO,4,20
LIMA,CIENCIA DE LA COMPUTACIÓN,MASCULINO,SI,5,21
LIMA,INGENIERÍA INDUSTRIAL,FEMENINO,NO,5,21
LIMA,INGENIERÍA ELECTRÓNICA,MASCULINO,NO,2,19
LIMA,INGENIERÍA ELECTRÓNICA,MASCULINO,NO,3,20
LIMA,CIENCIA DE LA COMPUTACIÓN,FEMENINO,SI,1,17
LIMA,INGENIERÍA DE SISTEMAS,MASCULINO,NO,2,19
LIMA,INGENIERÍA CIVIL,FEMENINO,NO,3,20
LIMA,ARQUITECTURA,FEMENINO,NO,2,18
CALLAO,INGENIERÍA ELECTRÓNICA,MASCULINO,NO,1,18
LIMA,INGENIERÍA INDUSTRIAL,FEMENINO,SI,4,20
ITALIA,INGENIERÍA CIVIL,MASCULINO,NO,7,27
LIMA,INGENIERÍA ESTADÍSTICA,FEMENINO,NO,2,19
LIMA,INGENIERÍA INDUSTRIAL,FEMENINO,NO,1,17
ICA,INGENIERÍA DE SISTEMAS,MASCULINO,NO,1,17
LIMA,INGENIERÍA DE SISTEMAS,MASCULINO,NO,1,19
LIMA,INGENIERÍA ECONÓMICA,MASCULINO,NO,1,17
JUNÍN,INGENIERÍA INDUSTRIAL,FEMENINO,NO,4,21
LIMA,INGENIERÍA DE SISTEMAS,MASCULINO,NO,2,18
LIMA,ARQUITECTURA,FEMENINO,NO,3,19
LIMA,ARQUITECTURA,MASCULINO,NO,5,21
LIMA,INGENIERÍA CIVIL,MASCULINO,NO,1,17
LIMA,ARQUITECTURA,FEMENINO,NO,1,17
LIMA,INGENIERÍA CIVIL,MASCULINO,NO,2,18
LAMBAYEQUE,INGENIERÍA MECATRÓNICA,MASCULINO,SI,1,18
LIMA,INGENIERÍA MECATRÓNICA,MASCULINO,NO,1,18
LIMA,INGENIERÍA AMBIENTAL,FEMENINO,NO,3,19
LIMA,ARQUITECTURA,FEMENINO,NO,3,20
LIMA,INGENIERÍA MECATRÓNICA,MASCULINO,NO,3,19
CUSCO,ARQUITECTURA,MASCULINO,NO,7,24
LIMA,INGENIERÍA MECÁNICA,FEMENINO,NO,7,23
LIMA,INGENIERÍA INDUSTRIAL,MASCULINO,NO,2,19
JUNIN,INGENIERÍA MECATRÓNICA,MASCULINO,NO,3,19
LIMA,INGENIERÍA MECÁNICA,MASCULINO,SI,1,18
LIMA,INGENIERÍA INDUSTRIAL,MASCULINO,NO,6,22
ICA,INGENIERÍA CIVIL,MASCULINO,NO,3,19
LIMA,INGENIERÍA MECATRÓNICA,MASCULINO,NO,2,18
LIMA,INGENIERÍA DE SOFTWARE,MASCULINO,NO,4,20
LIMA,INGENIERÍA MECÁNICA,MASCULINO,NO,1,18
LIMA,INGENIERÍA DE SISTEMAS,MASCULINO,NO,3,19
LIMA,INGENIERÍA MECATRÓNICA,MASCULINO,NO,4,20
ANCASH,INGENIERÍA MECATRÓNICA,MASCULINO,NO,1,17
LIMA,INGENIERÍA CIVIL,MASCULINO,NO,4,20
LIMA,INGENIERÍA GEOLÓGICA,MASCULINO,NO,2,19
CALLAO,INGENIERÍA ELECTRÓNICA,MASCULINO,NO,2,19
JUNIN,INGENIERÍA MECATRÓNICA,FEMENINO,NO,1,18
LIMA,INGENIERÍA DE SISTEMAS,MASCULINO,NO,1,18
LIMA,INGENIERÍA ECONÓMICA,MASCULINO,SI,2,18
LIMA,INGENIERÍA DE SISTEMAS,MASCULINO,NO,3,19
LIMA,INGENIERÍA DE SISTEMAS,MASCULINO,NO,2,18
LIMA,INGENIERÍA DE SISTEMAS,MASCULINO,NO,1,17
LIMA,INGENIERÍA ELECTRÓNICA,FEMENINO,SI,1,17
ANCASH,INGENIERÍA ECONÓMICA,MASCULINO,NO,2,18
LIMA,ARQUITECTURA,FEMENINO,NO,5,21
UCAYALI,INGENIERÍA MECATRÓNICA,MASCULINO,NO,2,19
LIMA,INGENIERÍA PETROQUÍMICA,MASCULINO,NO,2,18
LIMA,INGENIERÍA PETROQUÍMICA,MASCULINO,NO,2,18
LIMA,ARQUITECTURA,FEMENINO,NO,4,20
LIMA,ARQUITECTURA,MASCULINO,NO,2,18
LIMA,INGENIERÍA INDUSTRIAL,MASCULINO,NO,2,18
LIMA,INGENIERÍA CIVIL,MASCULINO,NO,6,22
LIMA,INGENIERÍA DE MINAS,MASCULINO,SI,19,35
LIMA,MATEMÁTICA,FEMENINO,NO,12,29
LIMA,INGENIERÍA INDUSTRIAL,FEMENINO,NO,1,18
LIMA,INGENIERÍA DE SISTEMAS,MASCULINO,NO,2,18
LIMA,INGENIERÍA DE SISTEMAS,MASCULINO,SI,3,19
LIMA,INGENIERÍA DE SISTEMAS,MASCULINO,NO,1,18
LIMA,INGENIERÍA MECATRÓNICA,FEMENINO,NO,1,18
LIMA,INGENIERÍA MECATRÓNICA,MASCULINO,SI,3,19
LIMA,INGENIERÍA MECATRÓNICA,FEMENINO,NO,1,17
LIMA,INGENIERÍA CIVIL,MASCULINO,NO,2,19
CALLAO,INGENIERÍA CIVIL,MASCULINO,NO,3,19
SAN MARTIN,MATEMÁTICA,FEMENINO,SI,4,20
LIMA,INGENIERÍA INDUSTRIAL,MASCULINO,NO,2,18
LIMA,ARQUITECTURA,FEMENINO,NO,2,18
SAN MARTIN,INGENIERÍA MECÁNICA,MASCULINO,NO,4,22
LIMA,ARQUITECTURA,MASCULINO,NO,2,19
ICA,INGENIERÍA MECATRÓNICA,MASCULINO,NO,1,18
LIMA,INGENIERÍA GEOLÓGICA,FEMENINO,NO,1,18
LIMA,INGENIERÍA INDUSTRIAL,MASCULINO,NO,1,18
LIMA,INGENIERÍA GEOLÓGICA,FEMENINO,NO,4,20
LIMA,INGENIERÍA CIVIL,MASCULINO,SI,2,18
LIMA,INGENIERÍA MECÁNICA,MASCULINO,NO,4,20
LIMA,INGENIERÍA CIVIL,FEMENINO,NO,3,19
LIMA,INGENIERÍA ELECTRÓNICA,MASCULINO,NO,1,18
LIMA,INGENIERÍA ELECTRÓNICA,MASCULINO,NO,3,19
LIMA,INGENIERÍA DE SISTEMAS,MASCULINO,NO,1,17
LIMA,INGENIERÍA DE SISTEMAS,MASCULINO,SI,2,19
LIMA,INGENIERÍA INDUSTRIAL,MASCULINO,NO,1,18
LIMA,INGENIERÍA AMBIENTAL,MASCULINO,SI,4,20
JUNIN,INGENIERÍA ECONÓMICA,MASCULINO,SI,1,17
LIMA,INGENIERÍA DE PETRÓLEO Y GAS NATURAL,MASCULINO,SI,5,22
ICA,INGENIERÍA DE SOFTWARE,MASCULINO,NO,5,21
LIMA,INGENIERÍA DE SISTEMAS,MASCULINO,NO,2,19
UCAYALI,INGENIERÍA ELECTRÓNICA,MASCULINO,NO,1,18
LIMA,ARQUITECTURA,FEMENINO,NO,3,19
LIMA,INGENIERÍA DE MINAS,FEMENINO,NO,2,18
LIMA,INGENIERÍA CIVIL,FEMENINO,NO,2,19
LIMA,CIENCIA DE LA COMPUTACIÓN,MASCULINO,NO,2,18
CUSCO,INGENIERÍA AMBIENTAL,MASCULINO,NO,3,19
LIMA,INGENIERÍA MECATRÓNICA,MASCULINO,NO,2,18
LIMA,ARQUITECTURA,FEMENINO,NO,4,20
JUNIN,FÍSICA,MASCULINO,NO,2,19
LIMA,CIENCIA DE LA COMPUTACIÓN,MASCULINO,NO,6,22
LIMA,INGENIERÍA GEOLÓGICA,MASCULINO,NO,6,22
LIMA,INGENIERÍA MECATRÓNICA,MASCULINO,NO,2,18
LIMA,INGENIERÍA DE CIBERSEGURIDAD,MASCULINO,NO,6,23
LIMA,INGENIERÍA DE SISTEMAS,MASCULINO,NO,3,19
LIMA,INGENIERÍA ECONÓMICA,MASCULINO,NO,3,20
LIMA,INGENIERÍA ELECTRÓNICA,MASCULINO,NO,3,20
LIMA,INGENIERÍA DE SISTEMAS,MASCULINO,NO,2,19
CALLAO,INGENIERÍA MECATRÓNICA,MASCULINO,NO,3,19
LIMA,INGENIERÍA DE MINAS,FEMENINO,NO,4,20
ICA,INGENIERÍA DE CIBERSEGURIDAD,MASCULINO,NO,4,20
LIMA,INGENIERÍA MECATRÓNICA,MASCULINO,NO,2,19
LIMA,INGENIERÍA ECONÓMICA,MASCULINO,NO,2,18
LIMA,ARQUITECTURA,MASCULINO,NO,4,20
LIMA,INGENIERÍA TEXTIL,MASCULINO,NO,4,20
ÁNCASH,INGENIERÍA MECATRÓNICA,MASCULINO,NO,2,18
LIMA,ARQUITECTURA,FEMENINO,NO,2,18
LIMA,INGENIERÍA AMBIENTAL,FEMENINO,NO,1,18
CALLAO,INGENIERÍA ELECTRÓNICA,MASCULINO,NO,2,19
LIMA,INGENIERÍA DE TELECOMUNICACIONES,MASCULINO,NO,8,30
LIMA,INGENIERÍA ECONÓMICA,FEMENINO,SI,1,17
LIMA,INGENIERÍA DE SOFTWARE,MASCULINO,NO,2,19
LIMA,INGENIERÍA AMBIENTAL,FEMENINO,NO,5,22
LIMA,INGENIERÍA DE SISTEMAS,MASCULINO,NO,2,18
LIMA,INGENIERÍA DE MINAS,MASCULINO,NO,2,19
LIMA,INGENIERÍA INDUSTRIAL,FEMENINO,NO,2,18
LIMA,ARQUITECTURA,MASCULINO,NO,3,19
JUNÍN,INGENIERÍA DE TELECOMUNICACIONES,MASCULINO,NO,2,18
LAMBAYEQUE,INGENIERÍA MECATRÓNICA,MASCULINO,NO,1,17
LIMA,ARQUITECTURA,FEMENINO,NO,1,17
LIMA,INGENIERÍA ELÉCTRICA,MASCULINO,NO,1,18
LIMA,INGENIERÍA ELÉCTRICA,MASCULINO,NO,5,21
HUÁNUCO,INGENIERÍA CIVIL,MASCULINO,NO,1,17
LIMA,ARQUITECTURA,FEMENINO,NO,2,19
LIMA,INGENIERÍA ELÉCTRICA,MASCULINO,NO,3,20
LIMA,ARQUITECTURA,FEMENINO,NO,1,17
AYACUCHO,ARQUITECTURA,FEMENINO,NO,1,18
LIMA,INGENIERÍA MECATRÓNICA,MASCULINO,NO,2,19
LIMA,INGENIERÍA ELÉCTRICA,FEMENINO,NO,5,21
LIMA,INGENIERÍA DE SISTEMAS,MASCULINO,NO,2,18
LIMA,CIENCIA DE LA COMPUTACIÓN,MASCULINO,NO,4,20
LIMA,INGENIERÍA ELÉCTRICA,MASCULINO,NO,1,18
HUÁNUCO,INGENIERÍA MECATRÓNICA,FEMENINO,NO,1,17
LIMA,INGENIERÍA MECATRÓNICA,MASCULINO,NO,5,21
CALLAO,ARQUITECTURA,FEMENINO,NO,1,17
LIMA,INGENIERÍA ECONÓMICA,MASCULINO,NO,1,17
LIMA,INGENIERÍA TEXTIL,MASCULINO,NO,4,21
CALLAO,FÍSICA,MASCULINO,NO,1,17
LIMA,INGENIERÍA INDUSTRIAL,MASCULINO,NO,1,17
LIMA,ARQUITECTURA,MASCULINO,NO,3,20
LIMA,INGENIERÍA CIVIL,MASCULINO,NO,1,18
HUÁNUCO,INGENIERÍA DE SISTEMAS,MASCULINO,NO,1,17
LIMA,INGENIERÍA MECÁNICA,MASCULINO,NO,5,22
LIMA,INGENIERÍA CIVIL,MASCULINO,SI,2,17
ÁNCASH,INGENIERÍA QUÍMICA,MASCULINO,NO,1,18
CAJAMARCA,ARQUITECTURA,FEMENINO,NO,3,20
LIMA,INGENIERÍA ELÉCTRICA,MASCULINO,NO,3,19
LIMA,ARQUITECTURA,FEMENINO,NO,2,18
LIMA,CIENCIA DE LA COMPUTACIÓN,MASCULINO,NO,4,20
LIMA,INGENIERÍA ECONÓMICA,FEMENINO,NO,2,18
LIMA,INGENIERÍA CIVIL,MASCULINO,NO,3,19
LIMA,INGENIERÍA ESTADÍSTICA,MASCULINO,NO,4,20
LIMA,CIENCIA DE LA COMPUTACIÓN,MASCULINO,SI,5,22
LIMA,INGENIERÍA DE SISTEMAS,MASCULINO,NO,1,17
ÁNCASH,INGENIERÍA CIVIL,MASCULINO,NO,2,18
LIMA,INGENIERÍA FÍSICA,MASCULINO,NO,3,19
LIMA,INGENIERÍA DE MINAS,MASCULINO,NO,2,18
AREQUIPA,INGENIERÍA CIVIL,MASCULINO,NO,3,20
JUNÍN,INGENIERÍA CIVIL,MASCULINO,NO,1,18
LIMA,INGENIERÍA MECÁNICA-ELÉCTRICA,MASCULINO,NO,2,19
LIMA,INGENIERÍA TEXTIL,MASCULINO,SI,5,22
LIMA,INGENIERÍA DE SISTEMAS,MASCULINO,NO,2,18
LIMA,INGENIERÍA INDUSTRIAL,MASCULINO,NO,1,18
LIMA,INGENIERÍA CIVIL,MASCULINO,NO,11,27
LIMA,ARQUITECTURA,MASCULINO,NO,1,18
PUNO,INGENIERÍA ECONÓMICA,MASCULINO,NO,4,20
LIMA,INGENIERÍA INDUSTRIAL,FEMENINO,NO,2,19
LIMA,INGENIERÍA DE SISTEMAS,MASCULINO,NO,3,20
LIMA,INGENIERÍA TEXTIL,MASCULINO,NO,3,20
CALLAO,INGENIERÍA DE MINAS,FEMENINO,NO,2,18
LIMA,INGENIERÍA CIVIL,MASCULINO,NO,1,17
LIMA,INGENIERÍA DE MINAS,FEMENINO,NO,2,18
LIMA,INGENIERÍA AMBIENTAL,MASCULINO,NO,4,21
TACNA,INGENIERÍA CIVIL,MASCULINO,NO,5,21
LIMA,INGENIERÍA CIVIL,MASCULINO,NO,2,18
AMAZONAS,ARQUITECTURA,MASCULINO,NO,4,21
LIMA,INGENIERÍA ELECTRÓNICA,MASCULINO,NO,3,19
LIMA,INGENIERÍA DE SISTEMAS,MASCULINO,NO,2,19
LIMA,INGENIERÍA CIVIL,MASCULINO,NO,2,18
LIMA,INGENIERÍA CIVIL,MASCULINO,NO,2,18
AYACUCHO,INGENIERÍA DE MINAS,FEMENINO,NO,4,21
LIMA,INGENIERÍA DE SISTEMAS,MASCULINO,NO,1,18
LIMA,ARQUITECTURA,FEMENINO,NO,2,18
LIMA,INGENIERÍA CIVIL,MASCULINO,NO,2,18
LIMA,INGENIERÍA DE SISTEMAS,MASCULINO,NO,2,18
LIMA,INGENIERÍA DE MINAS,MASCULINO,NO,2,19
LIMA,INGENIERÍA DE SISTEMAS,MASCULINO,NO,1,17
LIMA,INGENIERÍA DE SISTEMAS,MASCULINO,NO,1,17
ÁNCASH,INGENIERÍA DE SISTEMAS,FEMENINO,NO,1,17
LIMA,ARQUITECTURA,FEMENINO,NO,4,20
LIMA,CIENCIA DE LA COMPUTACIÓN,MASCULINO,NO,4,20
LIMA,INGENIERÍA INDUSTRIAL,MASCULINO,SI,4,21
LIMA,INGENIERÍA DE TELECOMUNICACIONES,MASCULINO,SI,4,20
LIMA,FÍSICA,MASCULINO,SI,4,19
LIMA,INGENIERÍA DE MINAS,FEMENINO,NO,2,19
LIMA,INGENIERÍA DE SISTEMAS,MASCULINO,NO,1,17
LIMA,INGENIERÍA DE SISTEMAS,MASCULINO,SI,6,22
LIMA,INGENIERÍA CIVIL,MASCULINO,NO,3,19
LIMA,INGENIERÍA ECONÓMICA,MASCULINO,SI,5,22
LIMA,INGENIERÍA CIVIL,MASCULINO,SI,5,21
LIMA,INGENIERÍA INDUSTRIAL,MASCULINO,NO,1,19
ÁNCASH,INGENIERÍA CIVIL,MASCULINO,NO,3,20
LIMA,INGENIERÍA DE SISTEMAS,MASCULINO,NO,1,17
LIMA,INGENIERÍA NAVAL,MASCULINO,NO,14,30
LIMA,INGENIERÍA MECATRÓNICA,MASCULINO,NO,4,20
LIMA,INGENIERÍA ELECTRÓNICA,MASCULINO,NO,2,19
LIMA,INGENIERÍA ECONÓMICA,MASCULINO,SI,1,17
LIMA,INGENIERÍA DE SISTEMAS,MASCULINO,SI,3,19
CALLAO,INGENIERÍA DE SISTEMAS,MASCULINO,NO,2,19
ÁNCASH,INGENIERÍA MECATRÓNICA,FEMENINO,NO,1,17
LIMA,INGENIERÍA DE SISTEMAS,MASCULINO,NO,1,17
LIMA,INGENIERÍA DE SISTEMAS,MASCULINO,NO,1,18
LIMA,INGENIERÍA DE MINAS,MASCULINO,NO,1,18
CALLAO,ARQUITECTURA,MASCULINO,NO,4,19
LIMA,ARQUITECTURA,MASCULINO,NO,1,17
LIMA,MATEMÁTICA,MASCULINO,SI,2,18
LIMA,ARQUITECTURA,FEMENINO,NO,2,18
LIMA,ARQUITECTURA,FEMENINO,NO,7,24
LIMA,INGENIERÍA MECATRÓNICA,MASCULINO,NO,1,17
LIMA,INGENIERÍA MECÁNICA,MASCULINO,NO,2,18
LIMA,INGENIERÍA MECATRÓNICA,MASCULINO,NO,1,18
LIMA,INGENIERÍA NAVAL,MASCULINO,NO,2,18
LIMA,INGENIERÍA CIVIL,MASCULINO,NO,1,18
CALLAO,INGENIERÍA DE SISTEMAS,MASCULINO,NO,3,19
LIMA,INGENIERÍA DE SISTEMAS,MASCULINO,NO,1,17
LIMA,ARQUITECTURA,FEMENINO,NO,1,18
LIMA,ARQUITECTURA,MASCULINO,NO,4,21
LIMA,INGENIERÍA INDUSTRIAL,FEMENINO,NO,1,17
PUNO,INGENIERÍA ECONÓMICA,MASCULINO,NO,1,17
LIMA,INGENIERÍA GEOLÓGICA,MASCULINO,NO,3,19
LIMA,ARQUITECTURA,MASCULINO,NO,1,18
LIMA,INGENIERÍA INDUSTRIAL,MASCULINO,NO,13,30
LIMA,INGENIERÍA DE SISTEMAS,MASCULINO,SI,5,21
LIMA,INGENIERÍA DE SISTEMAS,MASCULINO,SI,1,18
LA LIBERTAD,INGENIERÍA MECATRÓNICA,MASCULINO,NO,3,19
LIMA,INGENIERÍA CIVIL,MASCULINO,NO,2,18
CALLAO,INGENIERÍA MECATRÓNICA,MASCULINO,NO,1,18
LIMA,INGENIERÍA ELECTRÓNICA,MASCULINO,NO,3,19
LIMA,INGENIERÍA DE SISTEMAS,FEMENINO,NO,1,18
LIMA,INGENIERÍA DE SISTEMAS,MASCULINO,NO,2,18
LIMA,INGENIERÍA CIVIL,MASCULINO,NO,3,19
LIMA,INGENIERÍA DE SISTEMAS,MASCULINO,NO,2,18
LIMA,INGENIERÍA MECATRÓNICA,MASCULINO,NO,1,17
LIMA,INGENIERÍA INDUSTRIAL,FEMENINO,NO,3,19
LIMA,INGENIERÍA TEXTIL,MASCULINO,SI,9,25
LIMA,INGENIERÍA ELECTRÓNICA,MASCULINO,NO,1,18
LIMA,ARQUITECTURA,FEMENINO,NO,2,18
JUNÍN,INGENIERÍA MECATRÓNICA,MASCULINO,NO,1,17
LIMA,INGENIERÍA MECATRÓNICA,MASCULINO,NO,2,19
JUNÍN,INGENIERÍA DE SISTEMAS,MASCULINO,NO,1,17
LIMA,ARQUITECTURA,FEMENINO,NO,3,20
LIMA,INGENIERÍA INDUSTRIAL,MASCULINO,NO,1,17
ÁNCASH,ARQUITECTURA,FEMENINO,NO,2,17
HUANCAVELICA,INGENIERÍA CIVIL,MASCULINO,NO,3,20
LIMA,INGENIERÍA DE SISTEMAS,MASCULINO,NO,3,19
LIMA,INGENIERÍA CIVIL,MASCULINO,NO,1,18
LIMA,INGENIERÍA INDUSTRIAL,MASCULINO,NO,0,18
LIMA,INGENIERÍA CIVIL,MASCULINO,NO,3,20
LIMA,INGENIERÍA INDUSTRIAL,MASCULINO,NO,1,17
ICA,INGENIERÍA AMBIENTAL,MASCULINO,NO,1,17
CALLAO,INGENIERÍA DE SISTEMAS,MASCULINO,NO,1,17
LIMA,INGENIERÍA FÍSICA,MASCULINO,SI,3,20
CALLAO,INGENIERÍA DE SISTEMAS,MASCULINO,NO,3,20
HUÁNUCO,INGENIERÍA DE SISTEMAS,FEMENINO,NO,1,17
LIMA,INGENIERÍA ELECTRÓNICA,MASCULINO,NO,3,20
LIMA,INGENIERÍA CIVIL,MASCULINO,NO,3,19
CALLAO,INGENIERÍA CIVIL,MASCULINO,NO,4,20
LIMA,INGENIERÍA ELÉCTRICA,MASCULINO,NO,1,17
LIMA,INGENIERÍA MECÁNICA,MASCULINO,NO,9,24
LIMA,INGENIERÍA DE MINAS,MASCULINO,SI,2,19
LIMA,INGENIERÍA DE MINAS,MASCULINO,NO,8,23
ÁNCASH,INGENIERÍA CIVIL,FEMENINO,NO,3,19
LIMA,INGENIERÍA CIVIL,MASCULINO,NO,1,17
LIMA,INGENIERÍA MECATRÓNICA,FEMENINO,NO,3,18
LIMA,INGENIERÍA DE SISTEMAS,MASCULINO,SI,3,19
LIMA,INGENIERÍA ELECTRÓNICA,MASCULINO,SI,1,17
LIMA,INGENIERÍA DE SISTEMAS,MASCULINO,NO,3,19
LIMA,INGENIERÍA MECATRÓNICA,MASCULINO,SI,1,17
LIMA,INGENIERÍA DE SISTEMAS,MASCULINO,NO,1,17
LIMA,INGENIERÍA DE SISTEMAS,FEMENINO,NO,1,19
LIMA,INGENIERÍA INDUSTRIAL,FEMENINO,NO,1,17
ÁNCASH,INGENIERÍA ECONÓMICA,MASCULINO,NO,1,17
LIMA,INGENIERÍA AMBIENTAL,MASCULINO,NO,2,18
HUÁNUCO,INGENIERÍA MECATRÓNICA,MASCULINO,NO,1,17
LIMA,INGENIERÍA CIVIL,MASCULINO,NO,1,18
HUÁNUCO,INGENIERÍA MECATRÓNICA,MASCULINO,NO,1,18
SAN MARTÍN,INGENIERÍA CIVIL,MASCULINO,NO,3,19
LIMA,ARQUITECTURA,MASCULINO,NO,2,19
LIMA,INGENIERÍA ELÉCTRICA,MASCULINO,SI,1,17
LIMA,INGENIERÍA CIVIL,MASCULINO,NO,3,19
LIMA,INGENIERÍA INDUSTRIAL,FEMENINO,NO,1,17
CALLAO,ARQUITECTURA,FEMENINO,NO,3,19
CUSCO,ARQUITECTURA,MASCULINO,NO,1,19
LIMA,ARQUITECTURA,MASCULINO,NO,1,17
LIMA,INGENIERÍA ECONÓMICA,MASCULINO,NO,1,17
ICA,INGENIERÍA CIVIL,MASCULINO,SI,3,19
LIMA,INGENIERÍA QUÍMICA,MASCULINO,NO,3,20
LIMA,CIENCIA DE LA COMPUTACIÓN,MASCULINO,NO,4,19
LIMA,INGENIERÍA MECATRÓNICA,MASCULINO,NO,2,18
LIMA,INGENIERÍA GEOLÓGICA,FEMENINO,NO,4,20
LIMA,INGENIERÍA MECATRÓNICA,MASCULINO,NO,2,18
LIMA,INGENIERÍA QUÍMICA,MASCULINO,NO,3,19
LIMA,INGENIERÍA MECATRÓNICA,MASCULINO,NO,2,18
LIMA,INGENIERÍA CIVIL,MASCULINO,NO,1,17
LIMA,INGENIERÍA ELECTRÓNICA,MASCULINO,NO,3,19
LA LIBERTAD,INGENIERÍA ELÉCTRICA,MASCULINO,NO,1,17
LIMA,INGENIERÍA AMBIENTAL,MASCULINO,NO,3,19
CALLAO,INGENIERÍA DE SISTEMAS,MASCULINO,NO,4,20
LIMA,INGENIERÍA ELECTRÓNICA,MASCULINO,NO,2,18
SAN MARTÍN,INGENIERÍA PETROQUÍMICA,MASCULINO,NO,2,18
LIMA,INGENIERÍA MECATRÓNICA,MASCULINO,NO,2,18
LIMA,INGENIERÍA INDUSTRIAL,MASCULINO,NO,2,18
LIMA,INGENIERÍA NAVAL,MASCULINO,NO,1,17
LIMA,INGENIERÍA CIVIL,FEMENINO,NO,2,19
LIMA,INGENIERÍA INDUSTRIAL,FEMENINO,NO,2,18
LIMA,INGENIERÍA CIVIL,MASCULINO,NO,1,18
LIMA,INGENIERÍA DE MINAS,MASCULINO,NO,2,18
LIMA,INGENIERÍA CIVIL,MASCULINO,NO,1,17
LIMA,INGENIERÍA ECONÓMICA,MASCULINO,NO,2,19
LIMA,INGENIERÍA QUÍMICA,MASCULINO,SI,1,18
LIMA,INGENIERÍA DE SISTEMAS,MASCULINO,NO,1,17
LIMA,INGENIERÍA MECÁNICA,MASCULINO,NO,3,19
CAJAMARCA,INGENIERÍA ELÉCTRICA,MASCULINO,SI,3,20
LIMA,INGENIERÍA DE SISTEMAS,MASCULINO,NO,1,18
AYACUCHO,INGENIERÍA ECONÓMICA,MASCULINO,NO,1,18
LIMA,INGENIERÍA MECATRÓNICA,FEMENINO,NO,2,19
LIMA,INGENIERÍA MECÁNICA,MASCULINO,SI,9,25
LIMA,INGENIERÍA ECONÓMICA,FEMENINO,NO,6,22
LIMA,INGENIERÍA DE SISTEMAS,MASCULINO,NO,1,18
LIMA,INGENIERÍA MECATRÓNICA,MASCULINO,NO,4,20
JUNIN,INGENIERÍA MECATRÓNICA,MASCULINO,NO,1,17
LIMA,INGENIERÍA ELÉCTRICA,MASCULINO,NO,2,19
LIMA,INGENIERÍA CIVIL,MASCULINO,NO,1,17
LIMA,INGENIERÍA DE SISTEMAS,MASCULINO,NO,2,18
CALLAO,INGENIERÍA DE MINAS,MASCULINO,NO,2,19
LIMA,INGENIERÍA ELECTRÓNICA,MASCULINO,NO,3,19
ICA,INGENIERÍA MECATRÓNICA,FEMENINO,NO,3,20
LIMA,INGENIERÍA METALÚRGICA,MASCULINO,NO,2,18
SAN MARTÍN,INGENIERÍA INDUSTRIAL,MASCULINO,NO,5,22
PASCO,INGENIERÍA DE SISTEMAS,MASCULINO,NO,1,17
LIMA,INGENIERÍA MECATRÓNICA,MASCULINO,NO,1,17
LIMA,INGENIERÍA INDUSTRIAL,FEMENINO,NO,1,17
LIMA,INGENIERÍA ELECTRÓNICA,MASCULINO,NO,1,17
LA LIBERTAD,INGENIERÍA CIVIL,MASCULINO,NO,1,18
LIMA,ARQUITECTURA,FEMENINO,NO,3,18
LIMA,INGENIERÍA INDUSTRIAL,MASCULINO,NO,1,18
TACNA,INGENIERÍA MECATRÓNICA,MASCULINO,NO,5,21
PUNO,INGENIERÍA GEOLÓGICA,MASCULINO,NO,2,18
LIMA,ARQUITECTURA,MASCULINO,NO,1,18
LIMA,INGENIERÍA CIVIL,MASCULINO,NO,3,19
AYACUCHO,INGENIERÍA SANITARIA,MASCULINO,NO,1,17
LIMA,INGENIERÍA INDUSTRIAL,MASCULINO,NO,3,18
LIMA,INGENIERÍA DE SISTEMAS,MASCULINO,NO,3,20
LIMA,INGENIERÍA INDUSTRIAL,MASCULINO,NO,7,23
JUNIN,INGENIERÍA CIVIL,MASCULINO,NO,3,20
LIMA,INGENIERÍA DE SISTEMAS,MASCULINO,NO,5,22
LIMA,CIENCIA DE LA COMPUTACIÓN,FEMENINO,NO,6,22
LIMA,INGENIERÍA CIVIL,MASCULINO,NO,1,17
JUNÍN,INGENIERÍA CIVIL,FEMENINO,NO,1,18
LIMA,INGENIERÍA DE SISTEMAS,MASCULINO,NO,1,18
LIMA,INGENIERÍA ELECTRÓNICA,MASCULINO,SI,3,19
LIMA,QUÍMICA,MASCULINO,NO,3,19
LIMA,INGENIERÍA CIVIL,MASCULINO,NO,1,17
LIMA,INGENIERÍA CIVIL,MASCULINO,NO,1,18
AREQUIPA,INGENIERÍA MECATRÓNICA,FEMENINO,NO,1,17
LIMA,INGENIERÍA AMBIENTAL,MASCULINO,NO,1,17
AYACUCHO,INGENIERÍA ELECTRÓNICA,MASCULINO,NO,1,18
ICA,ARQUITECTURA,FEMENINO,SI,3,20
LIMA,INGENIERÍA DE SISTEMAS,MASCULINO,NO,1,17
PUNO,INGENIERÍA DE SISTEMAS,MASCULINO,NO,1,17
LIMA,INGENIERÍA CIVIL,MASCULINO,NO,4,20
LIMA,INGENIERÍA CIVIL,MASCULINO,NO,2,19
LIMA,INGENIERÍA DE HIGIENE Y SEGURIDAD INDUSTRIAL,FEMENINO,NO,1,18
JUNÍN,INGENIERÍA CIVIL,MASCULINO,NO,1,17
LIMA,INGENIERÍA ECONÓMICA,MASCULINO,NO,2,19
LIMA,INGENIERÍA AMBIENTAL,MASCULINO,NO,3,19
LIMA,INGENIERÍA MECATRÓNICA,MASCULINO,NO,1,17
LIMA,INGENIERÍA MECÁNICA-ELÉCTRICA,MASCULINO,NO,5,21
LIMA,ARQUITECTURA,MASCULINO,NO,2,18
LIMA,INGENIERÍA NAVAL,MASCULINO,NO,2,18
LIMA,ARQUITECTURA,FEMENINO,NO,5,20
JUNÍN,INGENIERÍA CIVIL,MASCULINO,NO,1,18
LIMA,INGENIERÍA ELECTRÓNICA,MASCULINO,NO,4,19
LIMA,INGENIERÍA MECÁNICA-ELÉCTRICA,MASCULINO,NO,1,17
LIMA,INGENIERÍA INDUSTRIAL,FEMENINO,NO,2,19
LIMA,INGENIERÍA ECONÓMICA,MASCULINO,NO,2,19
LIMA,INGENIERÍA DE SISTEMAS,MASCULINO,NO,1,18
PUNO,INGENIERÍA DE SISTEMAS,MASCULINO,NO,9,25
LIMA,MATEMÁTICA,MASCULINO,NO,1,17
LIMA,INGENIERÍA MECATRÓNICA,MASCULINO,NO,3,18
LIMA,INGENIERÍA CIVIL,MASCULINO,NO,12,30
LIMA,INGENIERÍA CIVIL,MASCULINO,NO,3,19
JUNÍN,INGENIERÍA INDUSTRIAL,MASCULINO,NO,1,17
LIMA,INGENIERÍA AMBIENTAL,MASCULINO,NO,4,19
ICA,INGENIERÍA MECÁNICA,MASCULINO,SI,2,18
LIMA,INGENIERÍA CIVIL,FEMENINO,NO,2,19
LIMA,ARQUITECTURA,MASCULINO,NO,1,18
LIMA,INGENIERÍA INDUSTRIAL,MASCULINO,NO,1,17
CALLAO,INGENIERÍA INDUSTRIAL,FEMENINO,NO,4,20
LIMA,INGENIERÍA ELECTRÓNICA,FEMENINO,NO,6,22
CALLAO,INGENIERÍA INDUSTRIAL,MASCULINO,NO,1,18
LIMA,INGENIERÍA INDUSTRIAL,MASCULINO,NO,1,17
LIMA,INGENIERÍA MECATRÓNICA,MASCULINO,NO,1,17
CALLAO,INGENIERÍA SANITARIA,MASCULINO,SI,7,23
LIMA,INGENIERÍA DE SISTEMAS,MASCULINO,NO,2,18
CALLAO,FÍSICA,MASCULINO,SI,2,18
LIMA,CIENCIA DE LA COMPUTACIÓN,MASCULINO,NO,2,18
LIMA,INGENIERÍA MECATRÓNICA,FEMENINO,NO,2,18
LIMA,INGENIERÍA CIVIL,MASCULINO,NO,2,18
LIMA,ARQUITECTURA,FEMENINO,NO,1,17
LIMA,INGENIERÍA DE SISTEMAS,MASCULINO,NO,2,18
LIMA,INGENIERÍA CIVIL,MASCULINO,NO,4,20
LIMA,INGENIERÍA AMBIENTAL,FEMENINO,NO,4,20
CALLAO,INGENIERÍA MECATRÓNICA,MASCULINO,NO,3,20
LIMA,INGENIERÍA DE SISTEMAS,FEMENINO,NO,3,19
LIMA,INGENIERÍA AMBIENTAL,MASCULINO,SI,2,18
ICA,ARQUITECTURA,FEMENINO,NO,1,17
LIMA,INGENIERÍA MECATRÓNICA,MASCULINO,NO,1,17
LIMA,INGENIERÍA DE MINAS,MASCULINO,NO,7,23
LIMA,ARQUITECTURA,FEMENINO,NO,2,19
LIMA,INGENIERÍA MECATRÓNICA,MASCULINO,NO,1,18
ÁNCASH,INGENIERÍA CIVIL,MASCULINO,NO,2,18
LIMA,INGENIERÍA MECATRÓNICA,MASCULINO,NO,2,18
LIMA,INGENIERÍA CIVIL,MASCULINO,NO,2,18
LIMA,INGENIERÍA DE MINAS,MASCULINO,NO,3,20
LIMA,INGENIERÍA CIVIL,MASCULINO,SI,3,19
ÁNCASH,INGENIERÍA ELECTRÓNICA,MASCULINO,NO,3,19
LIMA,INGENIERÍA INDUSTRIAL,FEMENINO,NO,1,18
LIMA,INGENIERÍA MECÁNICA,MASCULINO,NO,3,19
LIMA,INGENIERÍA DE SISTEMAS,MASCULINO,NO,1,18
JUNÍN,INGENIERÍA INDUSTRIAL,MASCULINO,NO,3,19
LIMA,INGENIERÍA CIVIL,MASCULINO,NO,3,20
CAJAMARCA,INGENIERÍA PETROQUÍMICA,FEMENINO,NO,2,19
LIMA,INGENIERÍA DE MINAS,MASCULINO,NO,3,19
LIMA,ARQUITECTURA,FEMENINO,NO,2,18
LIMA,INGENIERÍA DE SISTEMAS,FEMENINO,NO,2,18
CALLAO,INGENIERÍA CIVIL,MASCULINO,NO,3,20
LIMA,INGENIERÍA INDUSTRIAL,MASCULINO,NO,2,19
CALLAO,INGENIERÍA ELÉCTRICA,MASCULINO,NO,4,21
LIMA,INGENIERÍA ELECTRÓNICA,MASCULINO,NO,1,17
APURÍMAC,INGENIERÍA MECÁNICA,MASCULINO,NO,1,16
LIMA,INGENIERÍA GEOLÓGICA,MASCULINO,NO,6,22
LIMA,INGENIERÍA QUÍMICA,MASCULINO,NO,3,19
LIMA,ARQUITECTURA,FEMENINO,NO,3,19
CALLAO,INGENIERÍA INDUSTRIAL,MASCULINO,NO,3,20
CALLAO,INGENIERÍA ELECTRÓNICA,MASCULINO,NO,3,18
JUNÍN,INGENIERÍA DE SISTEMAS,FEMENINO,NO,2,19
LIMA,INGENIERÍA MECATRÓNICA,MASCULINO,NO,1,18
LIMA,INGENIERÍA DE SISTEMAS,MASCULINO,NO,3,19
LIMA,INGENIERÍA DE SISTEMAS,MASCULINO,NO,4,20
LIMA,INGENIERÍA DE TELECOMUNICACIONES,FEMENINO,NO,2,18
CALLAO,ARQUITECTURA,FEMENINO,NO,2,18
LIMA,INGENIERÍA NAVAL,MASCULINO,NO,4,21
ÁNCASH,INGENIERÍA MECATRÓNICA,MASCULINO,SI,1,17
LIMA,INGENIERÍA MECATRÓNICA,MASCULINO,NO,4,19
LIMA,INGENIERÍA MECATRÓNICA,MASCULINO,SI,4,20
LIMA,INGENIERÍA MECATRÓNICA,MASCULINO,NO,6,22
LIMA,INGENIERÍA CIVIL,MASCULINO,NO,2,19
LIMA,INGENIERÍA DE SISTEMAS,FEMENINO,NO,1,17
JUNÍN,INGENIERÍA ECONÓMICA,MASCULINO,NO,1,17
LIMA,INGENIERÍA DE PETRÓLEO Y GAS NATURAL,MASCULINO,NO,5,21
ÁNCASH,INGENIERÍA MECATRÓNICA,MASCULINO,NO,2,18
LIMA,INGENIERÍA CIVIL,MASCULINO,NO,1,18
LIMA,INGENIERÍA FÍSICA,MASCULINO,NO,3,19
LIMA,INGENIERÍA DE SISTEMAS,MASCULINO,NO,3,19
SAN MARTÍN,INGENIERÍA QUÍMICA,FEMENINO,NO,1,17
LIMA,INGENIERÍA GEOLÓGICA,FEMENINO,NO,1,17
LIMA,INGENIERÍA CIVIL,MASCULINO,NO,6,24
LIMA,INGENIERÍA DE SISTEMAS,MASCULINO,SI,3,20
LIMA,ARQUITECTURA,FEMENINO,NO,3,19
LIMA,INGENIERÍA MECATRÓNICA,MASCULINO,SI,3,19
ICA,INGENIERÍA DE SISTEMAS,MASCULINO,SI,1,18
LIMA,INGENIERÍA DE TELECOMUNICACIONES,MASCULINO,NO,7,25
LIMA,INGENIERÍA INDUSTRIAL,FEMENINO,NO,1,17
LIMA,INGENIERÍA MECÁNICA,MASCULINO,SI,3,19
LIMA,INGENIERÍA DE TELECOMUNICACIONES,FEMENINO,NO,1,18
CALLAO,INGENIERÍA SANITARIA,MASCULINO,NO,4,21
LIMA,INGENIERÍA MECÁNICA,MASCULINO,NO,5,21
LIMA,INGENIERÍA CIVIL,FEMENINO,NO,1,17
LIMA,INGENIERÍA QUÍMICA,MASCULINO,NO,1,18
LIMA,INGENIERÍA DE TELECOMUNICACIONES,MASCULINO,SI,5,21
LIMA,INGENIERÍA DE TELECOMUNICACIONES,MASCULINO,SI,2,18
LIMA,INGENIERÍA ELÉCTRICA,MASCULINO,NO,11,27
CALLAO,INGENIERÍA AMBIENTAL,FEMENINO,NO,6,23
LIMA,INGENIERÍA DE SISTEMAS,MASCULINO,NO,1,17
LIMA,INGENIERÍA CIVIL,MASCULINO,NO,3,19
AYACUCHO,INGENIERÍA AMBIENTAL,MASCULINO,NO,2,19
LIMA,INGENIERÍA MECATRÓNICA,MASCULINO,NO,3,19
LIMA,INGENIERÍA MECATRÓNICA,FEMENINO,NO,3,19
LIMA,ARQUITECTURA,MASCULINO,NO,1,17
JUNÍN,INGENIERÍA QUÍMICA,MASCULINO,SI,21,36
LIMA,INGENIERÍA INDUSTRIAL,MASCULINO,NO,3,19
LIMA,INGENIERÍA MECATRÓNICA,MASCULINO,NO,2,18
ICA,INGENIERÍA NAVAL,MASCULINO,NO,3,20
LIMA,FÍSICA,MASCULINO,SI,2,18
LIMA,ARQUITECTURA,FEMENINO,NO,5,21
CAJAMARCA,INGENIERÍA CIVIL,MASCULINO,NO,1,17
LIMA,INGENIERÍA MECÁNICA,MASCULINO,NO,3,19
LIMA,INGENIERÍA AMBIENTAL,FEMENINO,NO,6,22
LIMA,INGENIERÍA DE SISTEMAS,MASCULINO,NO,3,19
CALLAO,INGENIERÍA CIVIL,MASCULINO,NO,1,17
LIMA,INGENIERÍA MECÁNICA,MASCULINO,NO,3,19
LIMA,INGENIERÍA GEOLÓGICA,MASCULINO,NO,1,17
JUNÍN,INGENIERÍA MECATRÓNICA,MASCULINO,NO,1,17
LIMA,INGENIERÍA CIVIL,MASCULINO,NO,4,20
LIMA,INGENIERÍA INDUSTRIAL,MASCULINO,NO,1,17
LIMA,INGENIERÍA MECATRÓNICA,MASCULINO,NO,1,18
LIMA,INGENIERÍA MECATRÓNICA,MASCULINO,NO,1,18
LIMA,INGENIERÍA CIVIL,MASCULINO,NO,1,17
LIMA,ARQUITECTURA,FEMENINO,NO,4,20
LIMA,INGENIERÍA DE SISTEMAS,MASCULINO,NO,1,18
LIMA,INGENIERÍA DE MINAS,MASCULINO,NO,5,22
LIMA,INGENIERÍA DE SISTEMAS,MASCULINO,SI,3,19
LIMA,INGENIERÍA CIVIL,MASCULINO,NO,1,18
LIMA,INGENIERÍA CIVIL,MASCULINO,NO,3,19
AREQUIPA,INGENIERÍA FÍSICA,FEMENINO,NO,3,20
CALLAO,INGENIERÍA CIVIL,MASCULINO,NO,2,19
LIMA,INGENIERÍA INDUSTRIAL,MASCULINO,NO,2,20
LIMA,INGENIERÍA INDUSTRIAL,FEMENINO,NO,4,20
LIMA,INGENIERÍA MECATRÓNICA,MASCULINO,NO,1,17
LIMA,ARQUITECTURA,FEMENINO,NO,1,17
LIMA,INGENIERÍA MECÁNICA,MASCULINO,NO,1,18
LIMA,ARQUITECTURA,MASCULINO,NO,1,17
LIMA,INGENIERÍA DE TELECOMUNICACIONES,MASCULINO,NO,1,17
LIMA,ARQUITECTURA,MASCULINO,NO,1,17
LIMA,INGENIERÍA DE MINAS,MASCULINO,NO,3,20
CALLAO,INGENIERÍA INDUSTRIAL,MASCULINO,NO,3,19
LIMA,INGENIERÍA DE SISTEMAS,MASCULINO,NO,1,17
LIMA,ARQUITECTURA,FEMENINO,NO,6,22
LIMA,INGENIERÍA GEOLÓGICA,MASCULINO,NO,7,23
JUNIN,ARQUITECTURA,MASCULINO,NO,3,20
CALLAO,INGENIERÍA DE SOFTWARE,MASCULINO,NO,5,22
LIMA,INGENIERÍA MECATRÓNICA,MASCULINO,NO,2,19
ÁNCASH,INGENIERÍA INDUSTRIAL,MASCULINO,SI,3,19
LIMA,INGENIERÍA DE SISTEMAS,MASCULINO,NO,2,17
LIMA,INGENIERÍA CIVIL,MASCULINO,NO,3,19
PUNO,INGENIERÍA INDUSTRIAL,MASCULINO,SI,1,17
LIMA,ARQUITECTURA,FEMENINO,NO,5,21
LIMA,INGENIERÍA INDUSTRIAL,FEMENINO,NO,3,19
LIMA,INGENIERÍA CIVIL,MASCULINO,NO,3,19
LIMA,INGENIERÍA ELECTRÓNICA,MASCULINO,NO,3,20
ÁNCASH,INGENIERÍA ECONÓMICA,MASCULINO,NO,2,18
LIMA,INGENIERÍA DE SISTEMAS,MASCULINO,SI,2,18
CAJAMARCA,INGENIERÍA INDUSTRIAL,MASCULINO,NO,2,18
ÁNCASH,INGENIERÍA CIVIL,MASCULINO,NO,3,19
LIMA,INGENIERÍA DE SISTEMAS,MASCULINO,NO,1,17
CALLAO,INGENIERÍA CIVIL,MASCULINO,SI,1,17
LIMA,INGENIERÍA DE SISTEMAS,MASCULINO,NO,5,21
LIMA,INGENIERÍA CIVIL,FEMENINO,NO,1,18
LIMA,INGENIERÍA ELECTRÓNICA,MASCULINO,NO,3,19
LIMA,INGENIERÍA DE SISTEMAS,MASCULINO,NO,3,19
LIMA,INGENIERÍA DE TELECOMUNICACIONES,MASCULINO,NO,1,17
LIMA,INGENIERÍA DE SISTEMAS,MASCULINO,NO,3,19
LIMA,CIENCIA DE LA COMPUTACIÓN,MASCULINO,NO,0,16
LIMA,ARQUITECTURA,FEMENINO,NO,2,19
LIMA,INGENIERÍA CIVIL,MASCULINO,NO,6,23
LIMA,INGENIERÍA DE SISTEMAS,MASCULINO,SI,1,17
LIMA,INGENIERÍA DE SOFTWARE,MASCULINO,NO,3,19
LIMA,INGENIERÍA DE MINAS,MASCULINO,SI,4,20
LIMA,MATEMÁTICA,MASCULINO,NO,4,20
LIMA,ARQUITECTURA,MASCULINO,NO,2,18
JUNÍN,INGENIERÍA CIVIL,MASCULINO,NO,1,17
LIMA,INGENIERÍA MECATRÓNICA,MASCULINO,NO,1,17
LIMA,INGENIERÍA CIVIL,MASCULINO,NO,5,21
LIMA,INGENIERÍA DE SISTEMAS,MASCULINO,SI,2,18
LIMA,INGENIERÍA AMBIENTAL,MASCULINO,NO,2,19
LIMA,ARQUITECTURA,FEMENINO,NO,3,20
LIMA,INGENIERÍA DE MINAS,MASCULINO,NO,7,23
LIMA,INGENIERÍA INDUSTRIAL,FEMENINO,SI,3,19
LIMA,INGENIERÍA CIVIL,MASCULINO,NO,2,18
LIMA,INGENIERÍA DE SISTEMAS,MASCULINO,NO,1,17
LAMBAYEQUE,INGENIERÍA DE SISTEMAS,MASCULINO,NO,1,18
LIMA,INGENIERÍA DE SISTEMAS,MASCULINO,NO,2,19
LIMA,CIENCIA DE LA COMPUTACIÓN,MASCULINO,NO,4,21
LIMA,CIENCIA DE LA COMPUTACIÓN,MASCULINO,NO,2,18
LIMA,INGENIERÍA ELECTRÓNICA,MASCULINO,NO,1,17
LIMA,INGENIERÍA CIVIL,MASCULINO,NO,0,19
LIMA,INGENIERÍA DE SISTEMAS,MASCULINO,NO,1,18
SAN MARTÍN,INGENIERÍA CIVIL,FEMENINO,NO,1,17
LIMA,INGENIERÍA DE SISTEMAS,MASCULINO,NO,1,17
LIMA,INGENIERÍA CIVIL,MASCULINO,NO,3,20
LIMA,INGENIERÍA QUÍMICA,FEMENINO,NO,1,17
LIMA,INGENIERÍA MECATRÓNICA,MASCULINO,NO,4,20
LIMA,INGENIERÍA INDUSTRIAL,MASCULINO,NO,2,18
LIMA,INGENIERÍA DE SISTEMAS,FEMENINO,NO,1,17
AREQUIPA,INGENIERÍA CIVIL,MASCULINO,NO,1,18
LIMA,INGENIERÍA INDUSTRIAL,MASCULINO,SI,3,19
LIMA,INGENIERÍA MECATRÓNICA,MASCULINO,NO,4,20
LIMA,INGENIERÍA DE SISTEMAS,MASCULINO,NO,2,19
ICA,INGENIERÍA CIVIL,FEMENINO,NO,1,17
AMAZONAS,INGENIERÍA GEOLÓGICA,MASCULINO,NO,2,19
LIMA,INGENIERÍA DE SISTEMAS,MASCULINO,NO,1,18
LIMA,INGENIERÍA INDUSTRIAL,MASCULINO,NO,4,20
LIMA,INGENIERÍA CIVIL,FEMENINO,NO,3,19
LIMA,INGENIERÍA INDUSTRIAL,MASCULINO,NO,3,20
LIMA,INGENIERÍA CIVIL,FEMENINO,NO,2,18
LIMA,INGENIERÍA DE SISTEMAS,MASCULINO,NO,3,19
HUANCAVELICA,INGENIERÍA MECATRÓNICA,MASCULINO,NO,3,19
LIMA,INGENIERÍA CIVIL,FEMENINO,NO,3,20
LIMA,INGENIERÍA INDUSTRIAL,MASCULINO,NO,3,20
LIMA,INGENIERÍA MECÁNICA,MASCULINO,NO,2,18
ANCASH,INGENIERÍA CIVIL,MASCULINO,NO,1,17
LIMA,ARQUITECTURA,FEMENINO,NO,5,21
LIMA,ARQUITECTURA,FEMENINO,NO,4,20
LIMA,INGENIERÍA ELECTRÓNICA,MASCULINO,NO,2,19
LIMA,INGENIERÍA DE HIGIENE Y SEGURIDAD INDUSTRIAL,FEMENINO,NO,1,18
LIMA,INGENIERÍA DE SISTEMAS,MASCULINO,NO,2,18
JUNIN,ARQUITECTURA,FEMENINO,NO,2,17
LIMA,INGENIERÍA CIVIL,MASCULINO,NO,3,20
LIMA,ARQUITECTURA,FEMENINO,NO,1,18
LA LIBERTAD,INGENIERÍA MECÁNICA,MASCULINO,NO,3,19
LIMA,ARQUITECTURA,FEMENINO,NO,3,19
SAN MARTIN,INGENIERÍA INDUSTRIAL,MASCULINO,NO,1,18
LIMA,INGENIERÍA CIVIL,MASCULINO,NO,5,21
ANCASH,INGENIERÍA MECATRÓNICA,MASCULINO,NO,2,19
LIMA,INGENIERÍA ELECTRÓNICA,MASCULINO,NO,4,20
CALLAO,INGENIERÍA CIVIL,MASCULINO,NO,3,19
LIMA,INGENIERÍA DE MINAS,MASCULINO,NO,1,17
LORETO,INGENIERÍA AMBIENTAL,FEMENINO,NO,7,23
LIMA,INGENIERÍA CIVIL,MASCULINO,NO,29,45
LIMA,INGENIERÍA MECÁNICA,MASCULINO,NO,4,26
LIMA,INGENIERÍA CIVIL,MASCULINO,NO,3,20
LIMA,INGENIERÍA MECÁNICA-ELÉCTRICA,MASCULINO,NO,3,19
LIMA,INGENIERÍA AMBIENTAL,FEMENINO,NO,1,18
PUNO,ARQUITECTURA,FEMENINO,NO,3,20
LIMA,INGENIERÍA CIVIL,MASCULINO,NO,4,21
LIMA,INGENIERÍA DE SISTEMAS,MASCULINO,NO,1,17
LIMA,INGENIERÍA DE SISTEMAS,FEMENINO,NO,1,17
LIMA,INGENIERÍA INDUSTRIAL,MASCULINO,NO,1,17
ÁNCASH,INGENIERÍA SANITARIA,MASCULINO,NO,4,20
LIMA,INGENIERÍA MECATRÓNICA,MASCULINO,NO,1,17
LORETO,INGENIERÍA DE SISTEMAS,MASCULINO,NO,2,18
LIMA,INGENIERÍA DE SISTEMAS,MASCULINO,NO,1,17
APURÍMAC,ARQUITECTURA,FEMENINO,NO,4,21
ICA,INGENIERÍA CIVIL,MASCULINO,NO,1,18
LIMA,INGENIERÍA MECATRÓNICA,MASCULINO,NO,2,18
LIMA,INGENIERÍA METALÚRGICA,FEMENINO,NO,4,20
LIMA,ARQUITECTURA,FEMENINO,NO,1,18
LIMA,INGENIERÍA DE SISTEMAS,MASCULINO,NO,3,20
LIMA,FÍSICA,MASCULINO,NO,11,27
LIMA,INGENIERÍA INDUSTRIAL,FEMENINO,NO,3,19
LIMA,INGENIERÍA ELECTRÓNICA,MASCULINO,SI,2,18
TACNA,INGENIERÍA DE SISTEMAS,FEMENINO,NO,1,18
LIMA,INGENIERÍA DE MINAS,MASCULINO,NO,2,19
LIMA,INGENIERÍA DE TELECOMUNICACIONES,MASCULINO,SI,4,20
LIMA,INGENIERÍA ESTADÍSTICA,MASCULINO,NO,5,21
LIMA,INGENIERÍA INDUSTRIAL,MASCULINO,NO,5,20
LIMA,INGENIERÍA CIVIL,FEMENINO,NO,2,18
JUNÍN,INGENIERÍA INDUSTRIAL,FEMENINO,NO,2,18
AMAZONAS,INGENIERÍA ECONÓMICA,MASCULINO,NO,2,19
LIMA,INGENIERÍA DE SISTEMAS,MASCULINO,NO,2,19
LIMA,QUÍMICA,MASCULINO,SI,6,23
LIMA,INGENIERÍA ELÉCTRICA,MASCULINO,SI,4,21
APURÍMAC,ARQUITECTURA,FEMENINO,NO,1,17
LIMA,INGENIERÍA CIVIL,MASCULINO,NO,1,17
LIMA,INGENIERÍA CIVIL,MASCULINO,NO,1,18
LIMA,INGENIERÍA METALÚRGICA,MASCULINO,NO,2,19
LIMA,FÍSICA,MASCULINO,NO,3,19
LIMA,INGENIERÍA MECATRÓNICA,MASCULINO,NO,1,18
LIMA,INGENIERÍA ECONÓMICA,FEMENINO,NO,1,17
AREQUIPA,INGENIERÍA ELÉCTRICA,MASCULINO,NO,11,27
LIMA,INGENIERÍA INDUSTRIAL,MASCULINO,NO,1,17
LIMA,ARQUITECTURA,MASCULINO,NO,4,21
LIMA,CIENCIA DE LA COMPUTACIÓN,MASCULINO,SI,2,18
LIMA,INGENIERÍA SANITARIA,FEMENINO,NO,6,22
LIMA,INGENIERÍA MECATRÓNICA,MASCULINO,NO,1,18
LIMA,INGENIERÍA CIVIL,MASCULINO,NO,2,18
LIMA,INGENIERÍA INDUSTRIAL,FEMENINO,NO,3,19
LIMA,INGENIERÍA CIVIL,MASCULINO,NO,3,19
LIMA,CIENCIA DE LA COMPUTACIÓN,MASCULINO,SI,1,18
LIMA,INGENIERÍA INDUSTRIAL,MASCULINO,NO,6,22
LIMA,INGENIERÍA ECONÓMICA,FEMENINO,NO,3,19
LIMA,INGENIERÍA CIVIL,MASCULINO,NO,2,18
APURÍMAC,INGENIERÍA CIVIL,MASCULINO,NO,2,19
LIMA,INGENIERÍA AMBIENTAL,MASCULINO,NO,4,21
LIMA,INGENIERÍA DE TELECOMUNICACIONES,MASCULINO,NO,1,17
JUNÍN,ARQUITECTURA,MASCULINO,NO,1,17
LIMA,INGENIERÍA CIVIL,MASCULINO,NO,3,20
LIMA,FÍSICA,FEMENINO,NO,2,17
LIMA,INGENIERÍA DE SISTEMAS,MASCULINO,SI,2,19
LIMA,INGENIERÍA DE SISTEMAS,MASCULINO,NO,1,17
LIMA,INGENIERÍA DE SISTEMAS,MASCULINO,NO,1,18
LIMA,INGENIERÍA GEOLÓGICA,FEMENINO,SI,3,19
LIMA,INGENIERÍA INDUSTRIAL,FEMENINO,NO,3,19
LIMA,INGENIERÍA DE SISTEMAS,MASCULINO,NO,1,17
ICA,INGENIERÍA DE SISTEMAS,FEMENINO,NO,3,19
LIMA,INGENIERÍA CIVIL,MASCULINO,NO,2,18
LIMA,INGENIERÍA MECÁNICA,MASCULINO,NO,3,19
LIMA,ARQUITECTURA,MASCULINO,NO,1,18
LIMA,INGENIERÍA CIVIL,FEMENINO,NO,2,18
ÁNCASH,INGENIERÍA DE SISTEMAS,MASCULINO,NO,2,19
LIMA,INGENIERÍA DE TELECOMUNICACIONES,MASCULINO,NO,3,19
PUNO,ARQUITECTURA,MASCULINO,NO,1,17
LIMA,ARQUITECTURA,FEMENINO,NO,2,18
LIMA,INGENIERÍA DE PETRÓLEO Y GAS NATURAL,MASCULINO,NO,2,19
LIMA,INGENIERÍA DE SISTEMAS,MASCULINO,NO,2,19
LIMA,INGENIERÍA METALÚRGICA,FEMENINO,NO,2,18
LIMA,INGENIERÍA CIVIL,MASCULINO,NO,9,25
LIMA,INGENIERÍA CIVIL,MASCULINO,NO,3,20
LIMA,INGENIERÍA DE SISTEMAS,MASCULINO,NO,3,19
LIMA,INGENIERÍA DE SISTEMAS,MASCULINO,NO,2,19
LIMA,INGENIERÍA QUÍMICA,MASCULINO,NO,1,18
LIMA,INGENIERÍA CIVIL,MASCULINO,NO,3,20
MADRE DE DIOS,ARQUITECTURA,MASCULINO,NO,1,17
LIMA,ARQUITECTURA,FEMENINO,NO,3,20
LIMA,INGENIERÍA INDUSTRIAL,MASCULINO,SI,2,18
AYACUCHO,INGENIERÍA CIVIL,MASCULINO,NO,1,17
LIMA,INGENIERÍA ELECTRÓNICA,MASCULINO,NO,10,27
LIMA,INGENIERÍA CIVIL,MASCULINO,NO,1,17
LIMA,INGENIERÍA DE HIGIENE Y SEGURIDAD INDUSTRIAL,MASCULINO,NO,7,23
LIMA,INGENIERÍA CIVIL,MASCULINO,NO,2,19
LIMA,INGENIERÍA ECONÓMICA,MASCULINO,SI,1,18
LIMA,ARQUITECTURA,MASCULINO,NO,2,18
LIMA,INGENIERÍA AMBIENTAL,MASCULINO,SI,3,19
LIMA,INGENIERÍA ELÉCTRICA,MASCULINO,SI,4,20
LIMA,INGENIERÍA CIVIL,MASCULINO,NO,1,18
ANCASH,INGENIERÍA MECÁNICA-ELÉCTRICA,MASCULINO,SI,1,17
LIMA,INGENIERÍA DE SISTEMAS,MASCULINO,NO,1,17
LIMA,INGENIERÍA DE CIBERSEGURIDAD,MASCULINO,NO,2,18
LIMA,INGENIERÍA MECATRÓNICA,MASCULINO,NO,4,21
LIMA,INGENIERÍA MECATRÓNICA,FEMENINO,NO,3,19
JUNIN,INGENIERÍA INDUSTRIAL,MASCULINO,NO,9,26
ANCASH,INGENIERÍA MECATRÓNICA,MASCULINO,NO,2,18
LIMA,INGENIERÍA CIVIL,MASCULINO,NO,1,18
LIMA,INGENIERÍA ELÉCTRICA,MASCULINO,NO,3,19
LIMA,INGENIERÍA INDUSTRIAL,MASCULINO,NO,1,18
LIMA,INGENIERÍA INDUSTRIAL,MASCULINO,SI,6,23
LIMA,INGENIERÍA DE MINAS,MASCULINO,NO,10,26
LIMA,INGENIERÍA DE SISTEMAS,MASCULINO,NO,2,19
LIMA,INGENIERÍA MECÁNICA,MASCULINO,NO,2,19
LIMA,ARQUITECTURA,FEMENINO,NO,2,18
LIMA,INGENIERÍA ELECTRÓNICA,MASCULINO,NO,3,19
LIMA,INGENIERÍA AMBIENTAL,FEMENINO,NO,0,18
LIMA,INGENIERÍA ELECTRÓNICA,MASCULINO,NO,3,20
LIMA,INGENIERÍA DE SISTEMAS,MASCULINO,NO,2,18
LIMA,INGENIERÍA CIVIL,MASCULINO,NO,3,19
LIMA,INGENIERÍA DE MINAS,MASCULINO,NO,2,18
LIMA,INGENIERÍA DE SISTEMAS,FEMENINO,NO,1,17
LIMA,INGENIERÍA INDUSTRIAL,MASCULINO,NO,1,17
LIMA,ARQUITECTURA,MASCULINO,NO,19,35
LIMA,INGENIERÍA ECONÓMICA,FEMENINO,NO,4,20
ANCASH,INGENIERÍA MECATRÓNICA,MASCULINO,NO,3,20
LIMA,INGENIERÍA INDUSTRIAL,MASCULINO,NO,1,17
LIMA,ARQUITECTURA,MASCULINO,NO,3,20
LIMA,INGENIERÍA ELÉCTRICA,MASCULINO,NO,2,18
LIMA,INGENIERÍA INDUSTRIAL,MASCULINO,NO,8,24
LIMA,INGENIERÍA MECÁNICA,MASCULINO,NO,2,18
JUNIN,INGENIERÍA MECATRÓNICA,MASCULINO,NO,1,18
LIMA,CIENCIA DE LA COMPUTACIÓN,MASCULINO,NO,7,23
CALLAO,INGENIERÍA CIVIL,MASCULINO,NO,1,17
CALLAO,INGENIERÍA INDUSTRIAL,MASCULINO,NO,3,19
LIMA,INGENIERÍA CIVIL,MASCULINO,NO,2,18
CUSCO,INGENIERÍA CIVIL,FEMENINO,NO,1,17
LIMA,MATEMÁTICA,MASCULINO,NO,4,20
HUÁNUCO,INGENIERÍA CIVIL,MASCULINO,NO,8,25
LIMA,INGENIERÍA MECATRÓNICA,MASCULINO,NO,9,26
LIMA,INGENIERÍA DE MINAS,MASCULINO,NO,1,18
LIMA,INGENIERÍA CIVIL,MASCULINO,NO,1,18
LIMA,INGENIERÍA DE SISTEMAS,MASCULINO,NO,5,21
LIMA,INGENIERÍA TEXTIL,MASCULINO,NO,6,22
LIMA,INGENIERÍA DE SISTEMAS,MASCULINO,SI,3,19
LIMA,INGENIERÍA PETROQUÍMICA,FEMENINO,NO,10,27
LIMA,CIENCIA DE LA COMPUTACIÓN,MASCULINO,NO,7,22
ICA,INGENIERÍA GEOLÓGICA,MASCULINO,NO,3,20
LIMA,INGENIERÍA MECÁNICA,MASCULINO,NO,3,19
LIMA,INGENIERÍA DE SISTEMAS,MASCULINO,NO,2,18
LIMA,INGENIERÍA DE TELECOMUNICACIONES,MASCULINO,NO,3,19
APURÍMAC,INGENIERÍA CIVIL,FEMENINO,NO,3,20
LIMA,INGENIERÍA INDUSTRIAL,FEMENINO,NO,1,17
LIMA,CIENCIA DE LA COMPUTACIÓN,MASCULINO,NO,8,24
JUNÍN,INGENIERÍA MECATRÓNICA,MASCULINO,NO,2,18
LIMA,INGENIERÍA MECÁNICA,MASCULINO,NO,4,21
LIMA,INGENIERÍA DE SISTEMAS,MASCULINO,NO,1,17
LIMA,INGENIERÍA DE SISTEMAS,MASCULINO,NO,3,19
LIMA,ARQUITECTURA,FEMENINO,NO,4,20
LIMA,INGENIERÍA DE SISTEMAS,MASCULINO,SI,5,21
CALLAO,ARQUITECTURA,FEMENINO,NO,3,19
ICA,INGENIERÍA CIVIL,MASCULINO,NO,0,17
LIMA,INGENIERÍA CIVIL,MASCULINO,NO,2,19
LIMA,INGENIERÍA MECÁNICA-ELÉCTRICA,MASCULINO,NO,3,20
HUÁNUCO,INGENIERÍA ECONÓMICA,FEMENINO,NO,1,18
LIMA,INGENIERÍA CIVIL,MASCULINO,NO,2,18
LIMA,INGENIERÍA CIVIL,MASCULINO,NO,3,20
LIMA,INGENIERÍA DE MINAS,MASCULINO,NO,1,17
ÁNCASH,INGENIERÍA MECATRÓNICA,MASCULINO,NO,1,17
LIMA,INGENIERÍA AMBIENTAL,MASCULINO,NO,2,19
LIMA,INGENIERÍA CIVIL,MASCULINO,NO,1,17
LIMA,INGENIERÍA QUÍMICA,MASCULINO,NO,3,19
LIMA,INGENIERÍA GEOLÓGICA,MASCULINO,NO,4,20
ICA,INGENIERÍA MECÁNICA,MASCULINO,NO,2,19
CALLAO,INGENIERÍA GEOLÓGICA,FEMENINO,NO,4,20
CAJAMARCA,INGENIERÍA MECATRÓNICA,MASCULINO,NO,1,17
LIMA,QUÍMICA,FEMENINO,SI,1,17
LIMA,INGENIERÍA INDUSTRIAL,FEMENINO,NO,4,20
LIMA,CIENCIA DE LA COMPUTACIÓN,MASCULINO,NO,3,19
LIMA,INGENIERÍA QUÍMICA,MASCULINO,NO,3,19
LIMA,ARQUITECTURA,MASCULINO,NO,1,17
LIMA,ARQUITECTURA,FEMENINO,NO,1,17
LIMA,INGENIERÍA INDUSTRIAL,FEMENINO,NO,4,20
LIMA,INGENIERÍA INDUSTRIAL,MASCULINO,NO,2,18
ICA,INGENIERÍA QUÍMICA,MASCULINO,NO,1,17
LIMA,INGENIERÍA INDUSTRIAL,MASCULINO,NO,1,17
LIMA,ARQUITECTURA,FEMENINO,NO,1,17
LIMA,INGENIERÍA DE TELECOMUNICACIONES,MASCULINO,NO,4,20
LIMA,CIENCIA DE LA COMPUTACIÓN,MASCULINO,SI,3,20
LIMA,INGENIERÍA MECÁNICA-ELÉCTRICA,MASCULINO,NO,1,17
CAJAMARCA,INGENIERÍA NAVAL,MASCULINO,NO,1,19
LAMBAYEQUE,INGENIERÍA DE MINAS,MASCULINO,NO,1,17
PUNO,INGENIERÍA MECATRÓNICA,MASCULINO,NO,2,18
CALLAO,INGENIERÍA CIVIL,MASCULINO,SI,4,20
LIMA,INGENIERÍA INDUSTRIAL,MASCULINO,NO,4,20
LIMA,INGENIERÍA SANITARIA,FEMENINO,NO,3,20
PIURA,INGENIERÍA CIVIL,MASCULINO,NO,3,20
ÁNCASH,INGENIERÍA CIVIL,MASCULINO,NO,4,21
PUNO,INGENIERÍA CIVIL,MASCULINO,NO,2,17
LIMA,INGENIERÍA AMBIENTAL,MASCULINO,NO,2,19
LIMA,INGENIERÍA ECONÓMICA,MASCULINO,NO,3,20
LIMA,INGENIERÍA TEXTIL,MASCULINO,NO,4,21
LIMA,INGENIERÍA MECATRÓNICA,MASCULINO,NO,4,21
LIMA,INGENIERÍA MECATRÓNICA,MASCULINO,NO,4,21
LIMA,INGENIERÍA CIVIL,MASCULINO,NO,1,17
LIMA,INGENIERÍA QUÍMICA,FEMENINO,NO,4,20
LIMA,INGENIERÍA CIVIL,FEMENINO,NO,3,19
LIMA,INGENIERÍA QUÍMICA,MASCULINO,SI,3,19
LIMA,CIENCIA DE LA COMPUTACIÓN,MASCULINO,NO,2,19
LIMA,INGENIERÍA DE CIBERSEGURIDAD,MASCULINO,NO,2,19
LIMA,INGENIERÍA CIVIL,MASCULINO,SI,5,21
LIMA,INGENIERÍA DE SISTEMAS,MASCULINO,NO,3,19
LIMA,INGENIERÍA PETROQUÍMICA,MASCULINO,SI,5,21
LIMA,INGENIERÍA NAVAL,MASCULINO,SI,3,19
CALLAO,INGENIERÍA DE SISTEMAS,MASCULINO,NO,3,19
AYACUCHO,INGENIERÍA CIVIL,MASCULINO,SI,3,19
LIMA,INGENIERÍA ELECTRÓNICA,MASCULINO,NO,1,18
CALLAO,INGENIERÍA QUÍMICA,FEMENINO,NO,1,17
LIMA,INGENIERÍA METALÚRGICA,MASCULINO,NO,3,19
ICA,INGENIERÍA QUÍMICA,MASCULINO,NO,1,17
LIMA,INGENIERÍA ESTADÍSTICA,MASCULINO,NO,1,18
LIMA,INGENIERÍA INDUSTRIAL,MASCULINO,NO,1,17
LIMA,INGENIERÍA CIVIL,MASCULINO,NO,2,18
LIMA,INGENIERÍA DE TELECOMUNICACIONES,MASCULINO,NO,2,18
LIMA,INGENIERÍA INDUSTRIAL,MASCULINO,NO,3,19
HUÁNUCO,INGENIERÍA MECATRÓNICA,MASCULINO,SI,1,17
LIMA,ARQUITECTURA,FEMENINO,NO,3,19
LIMA,INGENIERÍA ELECTRÓNICA,MASCULINO,SI,1,17
AYACUCHO,INGENIERÍA MECATRÓNICA,MASCULINO,NO,2,18
LIMA,INGENIERÍA CIVIL,MASCULINO,NO,6,22
JUNÍN,INGENIERÍA DE SISTEMAS,MASCULINO,NO,7,24
APURÍMAC,INGENIERÍA DE MINAS,MASCULINO,NO,2,18
JUNÍN,FÍSICA,MASCULINO,NO,1,17
LIMA,INGENIERÍA CIVIL,MASCULINO,NO,1,17
LIMA,INGENIERÍA INDUSTRIAL,MASCULINO,NO,2,19
ÁNCASH,INGENIERÍA CIVIL,MASCULINO,NO,2,19
CALLAO,ARQUITECTURA,FEMENINO,NO,5,21
LIMA,INGENIERÍA DE SISTEMAS,MASCULINO,NO,2,18
LIMA,INGENIERÍA ELECTRÓNICA,MASCULINO,NO,1,17
JUNÍN,INGENIERÍA CIVIL,MASCULINO,NO,1,17
LIMA,INGENIERÍA CIVIL,MASCULINO,NO,1,17
CAJAMARCA,INGENIERÍA MECÁNICA-ELÉCTRICA,MASCULINO,NO,1,18
CUSCO,INGENIERÍA MECATRÓNICA,MASCULINO,NO,2,18
LIMA,INGENIERÍA QUÍMICA,MASCULINO,NO,4,20
CALLAO,INGENIERÍA INDUSTRIAL,MASCULINO,NO,2,19
LIMA,MATEMÁTICA,MASCULINO,NO,6,22
LIMA,INGENIERÍA SANITARIA,MASCULINO,NO,3,20
ICA,INGENIERÍA DE SISTEMAS,MASCULINO,NO,2,18
LIMA,CIENCIA DE LA COMPUTACIÓN,MASCULINO,NO,3,19
LIMA,INGENIERÍA ELÉCTRICA,MASCULINO,NO,8,24
LIMA,INGENIERÍA DE HIGIENE Y SEGURIDAD INDUSTRIAL,MASCULINO,NO,4,20
LIMA,ARQUITECTURA,MASCULINO,NO,1,18
JUNÍN,INGENIERÍA INDUSTRIAL,FEMENINO,NO,4,20
SAN MARTÍN,INGENIERÍA PETROQUÍMICA,MASCULINO,NO,2,18
AMAZONAS,INGENIERÍA CIVIL,MASCULINO,NO,4,21
LIMA,INGENIERÍA MECATRÓNICA,MASCULINO,NO,1,17
LIMA,INGENIERÍA INDUSTRIAL,FEMENINO,NO,4,20
LIMA,INGENIERÍA QUÍMICA,MASCULINO,NO,1,18
LIMA,INGENIERÍA ECONÓMICA,MASCULINO,NO,4,21
LIMA,INGENIERÍA QUÍMICA,FEMENINO,NO,4,21
LIMA,CIENCIA DE LA COMPUTACIÓN,MASCULINO,NO,3,21
LIMA,INGENIERÍA QUÍMICA,MASCULINO,NO,4,20
LIMA,INGENIERÍA CIVIL,FEMENINO,NO,2,19
LIMA,INGENIERÍA GEOLÓGICA,MASCULINO,NO,5,22
LIMA,INGENIERÍA CIVIL,MASCULINO,NO,1,17
LIMA,FÍSICA,MASCULINO,NO,2,18
LIMA,MATEMÁTICA,MASCULINO,NO,1,17
LIMA,INGENIERÍA INDUSTRIAL,MASCULINO,NO,1,18
LIMA,INGENIERÍA CIVIL,MASCULINO,NO,5,21
LIMA,INGENIERÍA MECATRÓNICA,MASCULINO,NO,2,18
LIMA,ARQUITECTURA,FEMENINO,NO,4,20
LIMA,CIENCIA DE LA COMPUTACIÓN,FEMENINO,SI,4,19
CALLAO,INGENIERÍA CIVIL,MASCULINO,NO,1,17
LIMA,INGENIERÍA MECÁNICA-ELÉCTRICA,MASCULINO,NO,2,18
ÁNCASH,ARQUITECTURA,FEMENINO,NO,3,20
LIMA,MATEMÁTICA,MASCULINO,NO,3,19
LIMA,INGENIERÍA ELECTRÓNICA,MASCULINO,NO,5,22
LIMA,ARQUITECTURA,FEMENINO,NO,2,18
LIMA,INGENIERÍA ELÉCTRICA,MASCULINO,NO,3,19
LIMA,INGENIERÍA MECATRÓNICA,MASCULINO,NO,5,21
LIMA,INGENIERÍA CIVIL,MASCULINO,NO,4,21
LIMA,QUÍMICA,MASCULINO,NO,2,19
LIMA,INGENIERÍA CIVIL,MASCULINO,NO,4,20
LIMA,INGENIERÍA INDUSTRIAL,FEMENINO,NO,1,18
LIMA,INGENIERÍA ECONÓMICA,MASCULINO,NO,1,17
LIMA,INGENIERÍA CIVIL,MASCULINO,NO,1,17
ICA,INGENIERÍA CIVIL,MASCULINO,NO,2,19
LIMA,INGENIERÍA CIVIL,MASCULINO,NO,1,17
HUÁNUCO,INGENIERÍA MECATRÓNICA,MASCULINO,NO,1,17
LIMA,INGENIERÍA DE SISTEMAS,MASCULINO,NO,1,17
LIMA,INGENIERÍA CIVIL,MASCULINO,NO,3,19
LAMBAYEQUE,INGENIERÍA ELECTRÓNICA,MASCULINO,NO,2,18
LIMA,INGENIERÍA CIVIL,MASCULINO,NO,3,20
JUNÍN,INGENIERÍA DE TELECOMUNICACIONES,MASCULINO,NO,1,17
LIMA,CIENCIA DE LA COMPUTACIÓN,MASCULINO,SI,6,22
CAJAMARCA,INGENIERÍA CIVIL,MASCULINO,NO,1,17
LIMA,ARQUITECTURA,FEMENINO,NO,2,18
CAJAMARCA,INGENIERÍA CIVIL,MASCULINO,NO,3,20
LIMA,INGENIERÍA DE SISTEMAS,MASCULINO,NO,1,18
LIMA,INGENIERÍA DE MINAS,FEMENINO,NO,1,17
LIMA,INGENIERÍA INDUSTRIAL,MASCULINO,NO,2,17
LIMA,INGENIERÍA MECÁNICA,MASCULINO,SI,4,20
LIMA,INGENIERÍA CIVIL,MASCULINO,NO,7,23
LIMA,INGENIERÍA CIVIL,FEMENINO,NO,2,18
LA LIBERTAD,INGENIERÍA INDUSTRIAL,MASCULINO,NO,1,17
LIMA,INGENIERÍA DE SISTEMAS,MASCULINO,NO,2,18
ICA,INGENIERÍA ELECTRÓNICA,MASCULINO,NO,1,18
LIMA,INGENIERÍA QUÍMICA,FEMENINO,NO,3,20
LIMA,INGENIERÍA CIVIL,MASCULINO,NO,1,17
LIMA,INGENIERÍA MECATRÓNICA,MASCULINO,NO,3,19
SAN MARTÍN,INGENIERÍA MECATRÓNICA,MASCULINO,NO,10,26
LIMA,FÍSICA,MASCULINO,SI,3,19
LIMA,INGENIERÍA MECATRÓNICA,MASCULINO,SI,1,17
LIMA,INGENIERÍA CIVIL,MASCULINO,NO,2,18
LIMA,INGENIERÍA DE SISTEMAS,MASCULINO,SI,4,20
JUNÍN,INGENIERÍA MECATRÓNICA,MASCULINO,NO,2,18
LIMA,ARQUITECTURA,FEMENINO,NO,2,19
LIMA,INGENIERÍA CIVIL,MASCULINO,NO,3,20
LIMA,INGENIERÍA FÍSICA,MASCULINO,SI,4,20
LIMA,INGENIERÍA DE SISTEMAS,FEMENINO,NO,1,17
LORETO,INGENIERÍA ELECTRÓNICA,MASCULINO,NO,6,23
CALLAO,ARQUITECTURA,FEMENINO,NO,1,17
LIMA,INGENIERÍA DE TELECOMUNICACIONES,MASCULINO,NO,3,18
LIMA,INGENIERÍA CIVIL,MASCULINO,NO,1,18
AYACUCHO,INGENIERÍA CIVIL,MASCULINO,NO,4,21
LIMA,INGENIERÍA CIVIL,MASCULINO,NO,2,19
LIMA,INGENIERÍA ELECTRÓNICA,MASCULINO,NO,5,20
LIMA,INGENIERÍA CIVIL,MASCULINO,NO,4,20
LIMA,INGENIERÍA DE SISTEMAS,MASCULINO,NO,2,18
LIMA,INGENIERÍA MECATRÓNICA,FEMENINO,NO,1,18
LIMA,INGENIERÍA MECATRÓNICA,MASCULINO,NO,1,17
CALLAO,INGENIERÍA CIVIL,MASCULINO,NO,1,17
LIMA,INGENIERÍA ECONÓMICA,MASCULINO,NO,1,18
LIMA,ARQUITECTURA,FEMENINO,NO,5,21
LIMA,INGENIERÍA DE MINAS,MASCULINO,NO,1,18
LIMA,INGENIERÍA CIVIL,MASCULINO,NO,2,18
LIMA,INGENIERÍA MECATRÓNICA,MASCULINO,NO,1,17
AYACUCHO,INGENIERÍA CIVIL,MASCULINO,NO,2,19
LIMA,ARQUITECTURA,FEMENINO,NO,2,18
LIMA,CIENCIA DE LA COMPUTACIÓN,FEMENINO,NO,2,18
AREQUIPA,INGENIERÍA MECATRÓNICA,MASCULINO,NO,1,17
LIMA,INGENIERÍA ELECTRÓNICA,MASCULINO,NO,2,19
LIMA,INGENIERÍA MECATRÓNICA,MASCULINO,SI,4,20
LIMA,INGENIERÍA INDUSTRIAL,MASCULINO,NO,2,19
LIMA,INGENIERÍA ECONÓMICA,MASCULINO,NO,2,19
LIMA,INGENIERÍA ELECTRÓNICA,MASCULINO,NO,2,18
LIMA,INGENIERÍA CIVIL,MASCULINO,NO,1,17
LIMA,INGENIERÍA ELÉCTRICA,MASCULINO,NO,4,21
LIMA,ARQUITECTURA,FEMENINO,NO,3,19
LIMA,INGENIERÍA CIVIL,MASCULINO,NO,1,18
LIMA,INGENIERÍA DE MINAS,MASCULINO,NO,1,17
LIMA,INGENIERÍA SANITARIA,MASCULINO,NO,3,19
CALLAO,INGENIERÍA MECATRÓNICA,MASCULINO,NO,2,19
LIMA,ARQUITECTURA,FEMENINO,NO,3,19
LIMA,INGENIERÍA DE SISTEMAS,MASCULINO,SI,6,21
LIMA,INGENIERÍA DE SISTEMAS,MASCULINO,NO,3,20
LIMA,INGENIERÍA CIVIL,FEMENINO,NO,6,22
LIMA,INGENIERÍA CIVIL,FEMENINO,NO,1,18
LIMA,INGENIERÍA ECONÓMICA,MASCULINO,NO,1,17
LIMA,INGENIERÍA DE MINAS,FEMENINO,NO,3,21
LIMA,FÍSICA,MASCULINO,NO,1,18
LIMA,ARQUITECTURA,MASCULINO,NO,1,18
LIMA,INGENIERÍA ECONÓMICA,MASCULINO,SI,2,19
LIMA,INGENIERÍA CIVIL,MASCULINO,SI,2,19
LIMA,INGENIERÍA DE MINAS,MASCULINO,NO,4,21
CUSCO,INGENIERÍA DE MINAS,MASCULINO,NO,3,20
LIMA,INGENIERÍA INDUSTRIAL,MASCULINO,NO,1,18
LIMA,INGENIERÍA INDUSTRIAL,FEMENINO,NO,1,17
LIMA,INGENIERÍA MECATRÓNICA,MASCULINO,NO,2,18
CAJAMARCA,ARQUITECTURA,MASCULINO,NO,15,32
LIMA,INGENIERÍA ELECTRÓNICA,MASCULINO,SI,7,23
LIMA,INGENIERÍA CIVIL,MASCULINO,NO,1,17
CALLAO,FÍSICA,MASCULINO,NO,12,29
LIMA,INGENIERÍA CIVIL,MASCULINO,NO,3,18
LIMA,INGENIERÍA CIVIL,MASCULINO,NO,6,22
LIMA,INGENIERÍA CIVIL,MASCULINO,NO,4,21
LAMBAYEQUE,ARQUITECTURA,FEMENINO,NO,3,20
LIMA,INGENIERÍA MECATRÓNICA,MASCULINO,NO,4,20
LIMA,INGENIERÍA QUÍMICA,MASCULINO,NO,4,20
LIMA,INGENIERÍA ECONÓMICA,FEMENINO,SI,2,18
LIMA,INGENIERÍA CIVIL,MASCULINO,NO,1,18
LIMA,INGENIERÍA INDUSTRIAL,MASCULINO,NO,5,21
LIMA,INGENIERÍA CIVIL,MASCULINO,NO,1,18
LIMA,INGENIERÍA CIVIL,MASCULINO,NO,1,17
LIMA,INGENIERÍA DE SISTEMAS,MASCULINO,NO,1,17
CALLAO,INGENIERÍA CIVIL,MASCULINO,NO,1,17
LIMA,INGENIERÍA CIVIL,MASCULINO,NO,6,23
LIMA,INGENIERÍA PETROQUÍMICA,FEMENINO,NO,3,19
LIMA,INGENIERÍA QUÍMICA,MASCULINO,NO,5,22
CALLAO,INGENIERÍA MECÁNICA-ELÉCTRICA,MASCULINO,NO,4,20
LAMBAYEQUE,INGENIERÍA CIVIL,FEMENINO,NO,1,18
LIMA,INGENIERÍA MECATRÓNICA,MASCULINO,SI,3,19
UCAYALI,FÍSICA,MASCULINO,NO,3,19
LIMA,ARQUITECTURA,MASCULINO,NO,1,18
LIMA,INGENIERÍA CIVIL,MASCULINO,NO,2,19
LIMA,INGENIERÍA DE MINAS,FEMENINO,NO,1,18
LIMA,ARQUITECTURA,MASCULINO,NO,1,18
LIMA,INGENIERÍA MECATRÓNICA,MASCULINO,SI,4,21
LIMA,ARQUITECTURA,MASCULINO,NO,8,25
LIMA,INGENIERÍA MECATRÓNICA,MASCULINO,NO,1,18
LIMA,CIENCIA DE LA COMPUTACIÓN,MASCULINO,NO,4,22
LIMA,INGENIERÍA CIVIL,MASCULINO,SI,5,21
LIMA,INGENIERÍA INDUSTRIAL,MASCULINO,NO,1,17
LIMA,INGENIERÍA INDUSTRIAL,FEMENINO,NO,2,18
CAJAMARCA,INGENIERÍA CIVIL,MASCULINO,NO,1,18
LIMA,INGENIERÍA DE TELECOMUNICACIONES,MASCULINO,SI,2,19
LIMA,INGENIERÍA MECATRÓNICA,MASCULINO,SI,1,18
ÁNCASH,INGENIERÍA CIVIL,MASCULINO,NO,4,20
LIMA,INGENIERÍA DE SISTEMAS,MASCULINO,NO,2,17
LIMA,ARQUITECTURA,MASCULINO,NO,3,18
LIMA,INGENIERÍA QUÍMICA,MASCULINO,NO,4,20
HUÁNUCO,INGENIERÍA CIVIL,MASCULINO,NO,3,19
LIMA,INGENIERÍA DE SISTEMAS,MASCULINO,NO,2,19
LIMA,INGENIERÍA CIVIL,MASCULINO,NO,2,18
JUNÍN,INGENIERÍA INDUSTRIAL,MASCULINO,NO,8,25
LIMA,INGENIERÍA CIVIL,MASCULINO,NO,1,17
ÁNCASH,INGENIERÍA MECATRÓNICA,MASCULINO,NO,2,18
PASCO,CIENCIA DE LA COMPUTACIÓN,MASCULINO,NO,7,23
LIMA,INGENIERÍA DE SISTEMAS,MASCULINO,NO,2,18
LIMA,INGENIERÍA DE SISTEMAS,MASCULINO,NO,2,18
LIMA,INGENIERÍA DE SISTEMAS,MASCULINO,NO,2,18
ÁNCASH,INGENIERÍA DE SISTEMAS,MASCULINO,NO,2,18
LIMA,INGENIERÍA DE TELECOMUNICACIONES,FEMENINO,SI,4,20
LIMA,ARQUITECTURA,MASCULINO,NO,3,19
LIMA,INGENIERÍA QUÍMICA,FEMENINO,NO,2,18
LIMA,ARQUITECTURA,MASCULINO,SI,6,22
LIMA,INGENIERÍA MECATRÓNICA,MASCULINO,SI,3,19
LIMA,ARQUITECTURA,MASCULINO,NO,2,18
LIMA,INGENIERÍA MECÁNICA,MASCULINO,NO,2,18
LIMA,INGENIERÍA ESTADÍSTICA,MASCULINO,NO,1,18
ÁNCASH,INGENIERÍA CIVIL,MASCULINO,NO,1,17
LIMA,INGENIERÍA CIVIL,MASCULINO,NO,3,19
LIMA,INGENIERÍA MECATRÓNICA,MASCULINO,NO,3,19
LIMA,INGENIERÍA DE TELECOMUNICACIONES,MASCULINO,NO,3,19
LIMA,INGENIERÍA INDUSTRIAL,FEMENINO,NO,1,17
LIMA,INGENIERÍA DE SISTEMAS,MASCULINO,NO,2,18
LORETO,FÍSICA,MASCULINO,NO,1,17
LIMA,INGENIERÍA MECATRÓNICA,MASCULINO,SI,1,17
LIMA,ARQUITECTURA,FEMENINO,NO,2,18
LIMA,INGENIERÍA DE SISTEMAS,MASCULINO,SI,3,21
LIMA,INGENIERÍA DE SISTEMAS,MASCULINO,NO,2,19
LIMA,INGENIERÍA DE SISTEMAS,MASCULINO,SI,1,17
LIMA,INGENIERÍA CIVIL,MASCULINO,NO,2,18
LIMA,INGENIERÍA ELECTRÓNICA,MASCULINO,NO,2,18
LIMA,INGENIERÍA MECÁNICA-ELÉCTRICA,MASCULINO,NO,3,19
CAJAMARCA,INGENIERÍA GEOLÓGICA,FEMENINO,NO,1,17
LIMA,INGENIERÍA MECATRÓNICA,FEMENINO,SI,4,20
LIMA,INGENIERÍA DE SISTEMAS,MASCULINO,NO,2,18
LIMA,INGENIERÍA DE SISTEMAS,MASCULINO,NO,1,17
HUANCAVELICA,INGENIERÍA ECONÓMICA,MASCULINO,SI,11,27
LIMA,INGENIERÍA MECÁNICA,MASCULINO,NO,5,21
CALLAO,ARQUITECTURA,MASCULINO,NO,4,20
LIMA,INGENIERÍA DE SISTEMAS,MASCULINO,NO,1,17
LIMA,INGENIERÍA CIVIL,MASCULINO,NO,3,19
LIMA,INGENIERÍA TEXTIL,FEMENINO,NO,1,17
LIMA,INGENIERÍA CIVIL,MASCULINO,SI,4,20
CALLAO,INGENIERÍA DE SISTEMAS,FEMENINO,SI,7,23
CALLAO,INGENIERÍA MECATRÓNICA,MASCULINO,NO,1,17
LIMA,INGENIERÍA DE SISTEMAS,MASCULINO,NO,1,18
LIMA,INGENIERÍA DE TELECOMUNICACIONES,MASCULINO,NO,2,18
CALLAO,INGENIERÍA DE TELECOMUNICACIONES,MASCULINO,NO,1,18
JUNÍN,INGENIERÍA ELECTRÓNICA,MASCULINO,SI,2,18
LIMA,INGENIERÍA DE SISTEMAS,MASCULINO,SI,5,22
LIMA,ARQUITECTURA,FEMENINO,NO,3,19
LIMA,INGENIERÍA CIVIL,MASCULINO,NO,3,19
HUANCAVELICA,INGENIERÍA DE SISTEMAS,MASCULINO,NO,3,20
LIMA,INGENIERÍA MECATRÓNICA,MASCULINO,NO,3,19
LIMA,INGENIERÍA CIVIL,MASCULINO,NO,3,19
LIMA,INGENIERÍA MECÁNICA,MASCULINO,NO,3,19
LIMA,INGENIERÍA AMBIENTAL,MASCULINO,NO,1,17
LIMA,INGENIERÍA CIVIL,FEMENINO,NO,2,18
LIMA,INGENIERÍA DE SISTEMAS,MASCULINO,SI,1,18
CALLAO,INGENIERÍA CIVIL,MASCULINO,NO,1,17
ICA,INGENIERÍA INDUSTRIAL,FEMENINO,NO,1,18
LIMA,INGENIERÍA MECATRÓNICA,MASCULINO,NO,2,18
LIMA,INGENIERÍA DE MINAS,MASCULINO,NO,3,20
CALLAO,ARQUITECTURA,MASCULINO,NO,1,17
LIMA,INGENIERÍA DE SISTEMAS,MASCULINO,SI,4,21
LIMA,ARQUITECTURA,MASCULINO,NO,2,19
LIMA,ARQUITECTURA,MASCULINO,NO,5,21
LIMA,FÍSICA,MASCULINO,SI,6,22
LIMA,INGENIERÍA GEOLÓGICA,MASCULINO,NO,3,20
LIMA,INGENIERÍA METALÚRGICA,MASCULINO,NO,3,19
LIMA,INGENIERÍA DE MINAS,FEMENINO,NO,4,22
LIMA,INGENIERÍA DE MINAS,MASCULINO,SI,3,19
LIMA,INGENIERÍA DE MINAS,MASCULINO,NO,4,21
LIMA,INGENIERÍA METALÚRGICA,MASCULINO,SI,6,22
AYACUCHO,INGENIERÍA GEOLÓGICA,MASCULINO,SI,2,18
ÁNCASH,INGENIERÍA QUÍMICA,MASCULINO,SI,2,17
CALLAO,INGENIERÍA MECATRÓNICA,MASCULINO,NO,1,18
LIMA,INGENIERÍA DE MINAS,MASCULINO,SI,7,23
LIMA,INGENIERÍA DE MINAS,FEMENINO,NO,3,20
LIMA,INGENIERÍA DE MINAS,FEMENINO,NO,4,20
LIMA,INGENIERÍA DE MINAS,FEMENINO,NO,3,20
CALLAO,INGENIERÍA METALÚRGICA,MASCULINO,NO,1,17
LIMA,INGENIERÍA METALÚRGICA,MASCULINO,NO,5,21
LIMA,INGENIERÍA DE MINAS,MASCULINO,SI,4,20
LIMA,INGENIERÍA DE MINAS,MASCULINO,NO,2,19
CALLAO,INGENIERÍA DE MINAS,MASCULINO,NO,1,18
LIMA,INGENIERÍA DE MINAS,FEMENINO,NO,1,17
CALLAO,INGENIERÍA DE MINAS,MASCULINO,NO,4,20
LIMA,INGENIERÍA DE MINAS,MASCULINO,SI,3,19
LIMA,INGENIERÍA DE MINAS,FEMENINO,NO,3,19
LIMA,INGENIERÍA GEOLÓGICA,MASCULINO,NO,1,19
LIMA,INGENIERÍA DE MINAS,MASCULINO,SI,5,21
LIMA,INGENIERÍA METALÚRGICA,MASCULINO,SI,6,22
LIMA,INGENIERÍA DE MINAS,MASCULINO,NO,1,18
LIMA,INGENIERÍA METALÚRGICA,FEMENINO,SI,3,19
LIMA,INGENIERÍA MECATRÓNICA,MASCULINO,NO,2,19
HUANUCO,INGENIERÍA CIVIL,MASCULINO,NO,1,17
LIMA,INGENIERÍA MECATRÓNICA,MASCULINO,NO,2,19
LIMA,INGENIERÍA INDUSTRIAL,MASCULINO,SI,6,22
LA LIBERTAD,INGENIERÍA MECATRÓNICA,MASCULINO,NO,1,17
LIMA,INGENIERÍA ESTADÍSTICA,FEMENINO,SI,3,20
LIMA,INGENIERÍA CIVIL,MASCULINO,NO,2,18
LIMA,INGENIERÍA CIVIL,MASCULINO,NO,1,18
LIMA,INGENIERÍA DE SISTEMAS,MASCULINO,NO,1,17
LIMA,INGENIERÍA NAVAL,MASCULINO,SI,3,19
LIMA,INGENIERÍA CIVIL,MASCULINO,NO,3,20
LIMA,ARQUITECTURA,FEMENINO,NO,2,18
LIMA,INGENIERÍA DE SISTEMAS,FEMENINO,NO,1,17
LIMA,INGENIERÍA CIVIL,MASCULINO,NO,1,17
LIMA,INGENIERÍA CIVIL,MASCULINO,NO,3,19
LIMA,MATEMÁTICA,MASCULINO,NO,3,20
LIMA,INGENIERÍA MECATRÓNICA,MASCULINO,NO,2,18
LIMA,ARQUITECTURA,FEMENINO,NO,2,18
LIMA,INGENIERÍA DE TELECOMUNICACIONES,MASCULINO,SI,2,19
LIMA,INGENIERÍA CIVIL,MASCULINO,NO,1,17
LIMA,ARQUITECTURA,MASCULINO,NO,7,23
CALLAO,INGENIERÍA CIVIL,FEMENINO,NO,11,28
LIMA,INGENIERÍA DE SISTEMAS,MASCULINO,NO,1,17
LIMA,INGENIERÍA CIVIL,MASCULINO,NO,2,19
LIMA,INGENIERÍA CIVIL,MASCULINO,NO,3,19
LIMA,INGENIERÍA MECATRÓNICA,MASCULINO,NO,2,18
LIMA,INGENIERÍA DE SISTEMAS,MASCULINO,NO,2,18
LIMA,INGENIERÍA DE SISTEMAS,MASCULINO,NO,2,18
LIMA,INGENIERÍA MECATRÓNICA,MASCULINO,SI,4,20
AMAZONAS,CIENCIA DE LA COMPUTACIÓN,MASCULINO,SI,7,24
LIMA,INGENIERÍA DE SISTEMAS,MASCULINO,NO,2,19
LIMA,CIENCIA DE LA COMPUTACIÓN,MASCULINO,SI,18,34
LIMA,INGENIERÍA DE SISTEMAS,MASCULINO,NO,2,19
LIMA,INGENIERÍA INDUSTRIAL,MASCULINO,NO,2,18
LIMA,INGENIERÍA DE MINAS,MASCULINO,SI,1,18
APURÍMAC,ARQUITECTURA,MASCULINO,NO,3,19
LIMA,ARQUITECTURA,MASCULINO,NO,1,18
LIMA,INGENIERÍA ELÉCTRICA,MASCULINO,NO,3,19
LIMA,INGENIERÍA GEOLÓGICA,MASCULINO,NO,5,21
JUNÍN,INGENIERÍA DE TELECOMUNICACIONES,MASCULINO,NO,2,19
HUÁNUCO,INGENIERÍA DE SISTEMAS,MASCULINO,NO,2,18
LIMA,INGENIERÍA CIVIL,MASCULINO,NO,1,17
CALLAO,CIENCIA DE LA COMPUTACIÓN,MASCULINO,NO,1,17
ICA,INGENIERÍA INDUSTRIAL,MASCULINO,NO,1,18
CALLAO,INGENIERÍA CIVIL,MASCULINO,SI,3,19
LIMA,ARQUITECTURA,MASCULINO,SI,2,18
LIMA,INGENIERÍA DE SISTEMAS,MASCULINO,NO,5,21
LIMA,INGENIERÍA DE SISTEMAS,MASCULINO,NO,3,19
UCAYALI,INGENIERÍA DE SISTEMAS,MASCULINO,NO,2,19
LIMA,INGENIERÍA DE SISTEMAS,MASCULINO,NO,1,18
LIMA,CIENCIA DE LA COMPUTACIÓN,MASCULINO,NO,4,20
LIMA,ARQUITECTURA,MASCULINO,NO,3,19
MOQUEGUA,INGENIERÍA INDUSTRIAL,MASCULINO,NO,4,20
LIMA,ARQUITECTURA,FEMENINO,NO,1,17
LIMA,INGENIERÍA DE SISTEMAS,MASCULINO,NO,2,19
LIMA,INGENIERÍA GEOLÓGICA,MASCULINO,NO,2,18
LIMA,INGENIERÍA INDUSTRIAL,FEMENINO,NO,1,17
LIMA,INGENIERÍA PETROQUÍMICA,MASCULINO,NO,7,25
LIMA,ARQUITECTURA,FEMENINO,NO,3,18
LIMA,MATEMÁTICA,MASCULINO,NO,4,21
LIMA,INGENIERÍA MECATRÓNICA,MASCULINO,NO,2,19
JUNÍN,INGENIERÍA MECATRÓNICA,MASCULINO,NO,16,33
LIMA,ARQUITECTURA,MASCULINO,NO,4,20
LIMA,INGENIERÍA INDUSTRIAL,FEMENINO,NO,3,19
LIMA,INGENIERÍA GEOLÓGICA,MASCULINO,NO,2,19
LIMA,INGENIERÍA DE SISTEMAS,MASCULINO,NO,1,17
LIMA,INGENIERÍA INDUSTRIAL,MASCULINO,NO,2,18
AMAZONAS,ARQUITECTURA,MASCULINO,NO,4,21
LIMA,INGENIERÍA CIVIL,MASCULINO,NO,3,19
ÁNCASH,MATEMÁTICA,MASCULINO,SI,1,17
CAJAMARCA,INGENIERÍA DE SISTEMAS,MASCULINO,NO,1,17
LIMA,INGENIERÍA DE SISTEMAS,MASCULINO,NO,2,18
LIMA,ARQUITECTURA,FEMENINO,NO,2,18
LIMA,CIENCIA DE LA COMPUTACIÓN,FEMENINO,NO,1,17
LIMA,INGENIERÍA DE SISTEMAS,MASCULINO,NO,2,18
LIMA,INGENIERÍA MECATRÓNICA,MASCULINO,NO,2,19
CALLAO,INGENIERÍA MECÁNICA,MASCULINO,NO,2,19
LIMA,INGENIERÍA MECATRÓNICA,MASCULINO,SI,1,17
LIMA,ARQUITECTURA,MASCULINO,NO,2,18
LIMA,INGENIERÍA MECATRÓNICA,MASCULINO,NO,3,19
LIMA,INGENIERÍA GEOLÓGICA,MASCULINO,NO,1,17
LIMA,INGENIERÍA CIVIL,FEMENINO,NO,1,18
LIMA,INGENIERÍA ELÉCTRICA,MASCULINO,NO,2,19
LIMA,INGENIERÍA DE SISTEMAS,MASCULINO,NO,3,19
LIMA,CIENCIA DE LA COMPUTACIÓN,MASCULINO,SI,2,18
PUNO,CIENCIA DE LA COMPUTACIÓN,MASCULINO,NO,3,19
LIMA,CIENCIA DE LA COMPUTACIÓN,MASCULINO,NO,4,20
LIMA,INGENIERÍA CIVIL,FEMENINO,NO,1,17
LIMA,INGENIERÍA INDUSTRIAL,MASCULINO,NO,1,17
LAMBAYEQUE,INGENIERÍA MECATRÓNICA,MASCULINO,NO,3,19
LIMA,INGENIERÍA ELÉCTRICA,MASCULINO,NO,5,22
LIMA,ARQUITECTURA,MASCULINO,NO,4,20
LIMA,INGENIERÍA DE SISTEMAS,MASCULINO,NO,2,20
LIMA,INGENIERÍA ELECTRÓNICA,FEMENINO,NO,3,19
LIMA,INGENIERÍA ELECTRÓNICA,MASCULINO,SI,2,18
LIMA,ARQUITECTURA,MASCULINO,NO,7,23
LIMA,INGENIERÍA DE SISTEMAS,FEMENINO,NO,5,21
LIMA,INGENIERÍA INDUSTRIAL,MASCULINO,NO,1,17
LIMA,ARQUITECTURA,FEMENINO,NO,2,18
LIMA,INGENIERÍA AMBIENTAL,MASCULINO,SI,2,18
LIMA,INGENIERÍA CIVIL,FEMENINO,NO,1,18
LIMA,ARQUITECTURA,FEMENINO,NO,2,18
LIMA,CIENCIA DE LA COMPUTACIÓN,MASCULINO,NO,5,22
LIMA,INGENIERÍA CIVIL,MASCULINO,NO,6,22
LIMA,INGENIERÍA SANITARIA,MASCULINO,NO,2,18
LIMA,INGENIERÍA DE MINAS,FEMENINO,NO,3,20
LORETO,INGENIERÍA DE SISTEMAS,MASCULINO,NO,4,21
LIMA,INGENIERÍA DE SISTEMAS,MASCULINO,NO,1,17
LIMA,INGENIERÍA DE SISTEMAS,MASCULINO,NO,2,18
LIMA,INGENIERÍA ELÉCTRICA,MASCULINO,NO,7,24
LIMA,INGENIERÍA DE SISTEMAS,MASCULINO,NO,3,19
LIMA,INGENIERÍA INDUSTRIAL,MASCULINO,NO,2,18
LIMA,ARQUITECTURA,MASCULINO,NO,2,18
LIMA,INGENIERÍA MECÁNICA,MASCULINO,NO,2,18
LIMA,INGENIERÍA MECATRÓNICA,MASCULINO,NO,2,18
LIMA,INGENIERÍA INDUSTRIAL,MASCULINO,NO,1,17
LAMBAYEQUE,FÍSICA,MASCULINO,NO,4,19
ICA,INGENIERÍA SANITARIA,MASCULINO,NO,1,18
LIMA,INGENIERÍA CIVIL,MASCULINO,NO,3,19
AYACUCHO,INGENIERÍA MECATRÓNICA,MASCULINO,NO,2,18
LIMA,INGENIERÍA ECONÓMICA,MASCULINO,NO,6,22
LIMA,INGENIERÍA CIVIL,MASCULINO,NO,2,19
HUÁNUCO,INGENIERÍA MECATRÓNICA,FEMENINO,NO,2,19
HUANCAVELICA,INGENIERÍA CIVIL,MASCULINO,NO,3,19
CALLAO,INGENIERÍA CIVIL,MASCULINO,NO,7,23
LIMA,INGENIERÍA ELECTRÓNICA,MASCULINO,NO,2,19
LIMA,INGENIERÍA DE SISTEMAS,MASCULINO,NO,2,18
LIMA,INGENIERÍA AMBIENTAL,FEMENINO,NO,5,21
LIMA,INGENIERÍA INDUSTRIAL,MASCULINO,NO,1,17
LIMA,INGENIERÍA GEOLÓGICA,MASCULINO,NO,3,19
LIMA,INGENIERÍA DE SISTEMAS,MASCULINO,NO,2,19
ICA,INGENIERÍA INDUSTRIAL,MASCULINO,NO,1,17
LIMA,INGENIERÍA CIVIL,MASCULINO,NO,1,17
LIMA,INGENIERÍA NAVAL,MASCULINO,NO,6,22
LIMA,ARQUITECTURA,MASCULINO,SI,2,19
LIMA,CIENCIA DE LA COMPUTACIÓN,MASCULINO,NO,7,23
UCAYALI,INGENIERÍA MECATRÓNICA,MASCULINO,NO,1,17
LIMA,INGENIERÍA ECONÓMICA,MASCULINO,NO,4,21
JUNÍN,INGENIERÍA MECÁNICA,MASCULINO,SI,3,20
LIMA,INGENIERÍA CIVIL,FEMENINO,NO,2,18
LIMA,INGENIERÍA ESTADÍSTICA,MASCULINO,SI,4,20
LIMA,INGENIERÍA INDUSTRIAL,FEMENINO,NO,1,17
LIMA,INGENIERÍA DE SISTEMAS,FEMENINO,NO,1,17
LIMA,INGENIERÍA INDUSTRIAL,MASCULINO,SI,1,17
LIMA,INGENIERÍA DE SISTEMAS,MASCULINO,NO,1,17
LIMA,INGENIERÍA DE SISTEMAS,MASCULINO,NO,2,18
LIMA,INGENIERÍA DE TELECOMUNICACIONES,MASCULINO,NO,7,24
LIMA,INGENIERÍA INDUSTRIAL,FEMENINO,NO,4,20
LIMA,INGENIERÍA CIVIL,MASCULINO,SI,3,19
LIMA,INGENIERÍA GEOLÓGICA,FEMENINO,NO,2,18
CAJAMARCA,INGENIERÍA CIVIL,MASCULINO,NO,2,18
LIMA,INGENIERÍA QUÍMICA,MASCULINO,NO,1,17
APURÍMAC,INGENIERÍA CIVIL,MASCULINO,NO,2,18
CALLAO,CIENCIA DE LA COMPUTACIÓN,MASCULINO,NO,1,17
APURÍMAC,INGENIERÍA CIVIL,MASCULINO,NO,2,18
LIMA,INGENIERÍA DE TELECOMUNICACIONES,MASCULINO,NO,3,19
LIMA,INGENIERÍA MECÁNICA,MASCULINO,NO,2,18
LIMA,INGENIERÍA CIVIL,MASCULINO,NO,9,25
LIMA,ARQUITECTURA,MASCULINO,NO,3,19
LIMA,CIENCIA DE LA COMPUTACIÓN,FEMENINO,NO,8,25
HUÁNUCO,INGENIERÍA CIVIL,MASCULINO,NO,3,20
LIMA,INGENIERÍA ELECTRÓNICA,MASCULINO,NO,3,19
LIMA,INGENIERÍA INDUSTRIAL,FEMENINO,NO,5,21
HUANCAVELICA,INGENIERÍA AMBIENTAL,MASCULINO,NO,3,19
LIMA,INGENIERÍA ELECTRÓNICA,MASCULINO,NO,2,18
LIMA,INGENIERÍA DE SISTEMAS,MASCULINO,NO,2,18
LIMA,INGENIERÍA DE SISTEMAS,MASCULINO,NO,1,18
LIMA,INGENIERÍA MECATRÓNICA,MASCULINO,NO,1,17
LIMA,INGENIERÍA MECÁNICA,MASCULINO,NO,5,21
CALLAO,INGENIERÍA ECONÓMICA,MASCULINO,NO,1,17
LIMA,INGENIERÍA AMBIENTAL,MASCULINO,NO,1,17
LIMA,INGENIERÍA ELECTRÓNICA,MASCULINO,NO,2,18
LIMA,ARQUITECTURA,FEMENINO,SI,1,16
CALLAO,ARQUITECTURA,FEMENINO,NO,4,20
LIMA,INGENIERÍA DE MINAS,MASCULINO,NO,1,17
LIMA,INGENIERÍA INDUSTRIAL,FEMENINO,NO,1,17
LIMA,INGENIERÍA INDUSTRIAL,MASCULINO,SI,4,21
HUANCAVELICA,INGENIERÍA CIVIL,MASCULINO,NO,3,19
LIMA,INGENIERÍA INDUSTRIAL,FEMENINO,NO,1,17
LIMA,INGENIERÍA MECATRÓNICA,MASCULINO,NO,2,19
LIMA,INGENIERÍA DE TELECOMUNICACIONES,MASCULINO,NO,3,19
CUSCO,INGENIERÍA GEOLÓGICA,MASCULINO,SI,5,20
LIMA,INGENIERÍA DE MINAS,MASCULINO,NO,1,17
LIMA,INGENIERÍA DE SISTEMAS,MASCULINO,NO,3,20
LIMA,INGENIERÍA DE TELECOMUNICACIONES,MASCULINO,NO,2,18
LIMA,INGENIERÍA INDUSTRIAL,MASCULINO,NO,3,19
LIMA,INGENIERÍA ELECTRÓNICA,MASCULINO,NO,1,17
LIMA,INGENIERÍA DE SISTEMAS,MASCULINO,SI,1,17
APURÍMAC,INGENIERÍA ECONÓMICA,FEMENINO,NO,6,22
LIMA,INGENIERÍA MECÁNICA,MASCULINO,NO,4,21
LIMA,INGENIERÍA DE SISTEMAS,MASCULINO,NO,1,17
LIMA,INGENIERÍA DE MINAS,MASCULINO,SI,1,18
LIMA,INGENIERÍA MECATRÓNICA,MASCULINO,NO,1,17
LIMA,INGENIERÍA DE SISTEMAS,MASCULINO,NO,1,17
LIMA,MATEMÁTICA,MASCULINO,NO,1,18
LIMA,INGENIERÍA QUÍMICA,MASCULINO,NO,4,21
LIMA,INGENIERÍA MECATRÓNICA,MASCULINO,NO,2,18
LIMA,INGENIERÍA QUÍMICA,FEMENINO,NO,11,27
LIMA,INGENIERÍA MECÁNICA,MASCULINO,NO,1,17
CALLAO,INGENIERÍA CIVIL,MASCULINO,NO,1,18
LIMA,QUÍMICA,MASCULINO,SI,2,18
LIMA,INGENIERÍA MECÁNICA,MASCULINO,NO,4,20
HUÁNUCO,INGENIERÍA INDUSTRIAL,FEMENINO,NO,1,17
LIMA,INGENIERÍA MECATRÓNICA,MASCULINO,NO,2,19
LIMA,INGENIERÍA CIVIL,MASCULINO,NO,2,18
LIMA,INGENIERÍA DE SISTEMAS,MASCULINO,SI,4,21
LIMA,INGENIERÍA DE MINAS,MASCULINO,NO,3,19
LIMA,INGENIERÍA CIVIL,MASCULINO,NO,2,20
LIMA,INGENIERÍA QUÍMICA,FEMENINO,NO,2,18
LIMA,INGENIERÍA MECÁNICA,MASCULINO,NO,3,19
LIMA,INGENIERÍA DE SISTEMAS,MASCULINO,NO,1,18
LIMA,INGENIERÍA DE SISTEMAS,MASCULINO,NO,3,20
LIMA,INGENIERÍA MECÁNICA,MASCULINO,NO,9,25
LIMA,INGENIERÍA MECÁNICA,MASCULINO,SI,4,21
LIMA,INGENIERÍA DE TELECOMUNICACIONES,MASCULINO,NO,2,18
LIMA,INGENIERÍA INDUSTRIAL,FEMENINO,NO,2,19
LIMA,INGENIERÍA MECATRÓNICA,FEMENINO,SI,9,26
CALLAO,INGENIERÍA INDUSTRIAL,MASCULINO,NO,4,21
LIMA,INGENIERÍA DE SISTEMAS,MASCULINO,NO,2,17
LAMBAYEQUE,INGENIERÍA MECATRÓNICA,MASCULINO,NO,1,17
LIMA,INGENIERÍA DE TELECOMUNICACIONES,MASCULINO,SI,1,17
LIMA,INGENIERÍA MECÁNICA,FEMENINO,NO,1,17
LIMA,INGENIERÍA DE SISTEMAS,FEMENINO,NO,2,18
LIMA,INGENIERÍA CIVIL,MASCULINO,SI,1,18
LIMA,INGENIERÍA DE SOFTWARE,MASCULINO,NO,3,19
PUNO,INGENIERÍA ECONÓMICA,MASCULINO,NO,1,17
LIMA,INGENIERÍA DE CIBERSEGURIDAD,MASCULINO,NO,3,19
LIMA,INGENIERÍA ESTADÍSTICA,MASCULINO,NO,2,18
LIMA,INGENIERÍA CIVIL,MASCULINO,NO,1,18
APURIMAC,ARQUITECTURA,MASCULINO,NO,5,21
LIMA,INGENIERÍA ECONÓMICA,FEMENINO,NO,4,20
LIMA,INGENIERÍA FÍSICA,MASCULINO,SI,1,18
LIMA,INGENIERÍA ECONÓMICA,MASCULINO,NO,3,20
LIMA,INGENIERÍA CIVIL,MASCULINO,NO,2,18
PASCO,INGENIERÍA DE CIBERSEGURIDAD,MASCULINO,NO,2,19
LIMA,ARQUITECTURA,FEMENINO,NO,2,19
LIMA,INGENIERÍA ELECTRÓNICA,MASCULINO,NO,0,16
LIMA,INGENIERÍA DE SISTEMAS,MASCULINO,NO,1,19
LAMBAYEQUE,FÍSICA,MASCULINO,NO,2,18
LAMBAYEQUE,INGENIERÍA MECATRÓNICA,MASCULINO,NO,1,17
LIMA,INGENIERÍA DE MINAS,MASCULINO,NO,2,19
LIMA,INGENIERÍA DE SISTEMAS,MASCULINO,NO,2,18
LIMA,ARQUITECTURA,FEMENINO,NO,2,19
LIMA,INGENIERÍA ELECTRÓNICA,MASCULINO,NO,2,19
LIMA,INGENIERÍA MECATRÓNICA,MASCULINO,NO,3,19
LIMA,INGENIERÍA CIVIL,MASCULINO,NO,2,18
LIMA,INGENIERÍA CIVIL,MASCULINO,NO,1,17
CALLAO,ARQUITECTURA,FEMENINO,SI,6,22
LIMA,INGENIERÍA MECATRÓNICA,MASCULINO,NO,2,20
LIMA,INGENIERÍA INDUSTRIAL,MASCULINO,NO,3,19
LIMA,INGENIERÍA CIVIL,MASCULINO,NO,3,19
LIMA,INGENIERÍA CIVIL,MASCULINO,SI,3,19
LIMA,INGENIERÍA CIVIL,MASCULINO,SI,2,18
LIMA,INGENIERÍA INDUSTRIAL,FEMENINO,NO,1,17
LIMA,INGENIERÍA INDUSTRIAL,FEMENINO,NO,2,18
LIMA,INGENIERÍA ELECTRÓNICA,FEMENINO,SI,9,25
LIMA,INGENIERÍA DE SISTEMAS,MASCULINO,NO,2,18
LIMA,ARQUITECTURA,FEMENINO,NO,3,19
LIMA,INGENIERÍA DE SISTEMAS,MASCULINO,NO,1,17
LIMA,INGENIERÍA CIVIL,MASCULINO,NO,4,20
LIMA,INGENIERÍA DE SISTEMAS,MASCULINO,SI,4,20
LIMA,INGENIERÍA CIVIL,FEMENINO,NO,1,18
LIMA,INGENIERÍA ESTADÍSTICA,FEMENINO,NO,1,18
LIMA,ARQUITECTURA,FEMENINO,NO,1,17
LIMA,INGENIERÍA CIVIL,MASCULINO,NO,2,18
LIMA,INGENIERÍA INDUSTRIAL,MASCULINO,NO,1,17
LIMA,INGENIERÍA CIVIL,MASCULINO,SI,2,18
LIMA,INGENIERÍA MECATRÓNICA,FEMENINO,NO,2,18
CALLAO,INGENIERÍA DE SISTEMAS,MASCULINO,NO,1,17
LIMA,INGENIERÍA CIVIL,MASCULINO,NO,2,19
JUNIN,INGENIERÍA CIVIL,FEMENINO,NO,1,17
SAN MARTIN,CIENCIA DE LA COMPUTACIÓN,MASCULINO,NO,3,19
LIMA,INGENIERÍA CIVIL,MASCULINO,NO,1,17
LIMA,ARQUITECTURA,MASCULINO,NO,4,20
LIMA,INGENIERÍA DE TELECOMUNICACIONES,MASCULINO,NO,1,18
LIMA,INGENIERÍA SANITARIA,MASCULINO,NO,5,21
LIMA,INGENIERÍA INDUSTRIAL,MASCULINO,NO,2,18
LIMA,INGENIERÍA MECATRÓNICA,MASCULINO,NO,5,21
PIURA,INGENIERÍA DE SISTEMAS,FEMENINO,NO,1,17
AREQUIPA,INGENIERÍA DE SISTEMAS,MASCULINO,NO,5,21
ANCASH,INGENIERÍA CIVIL,MASCULINO,NO,8,24
ICA,INGENIERÍA CIVIL,MASCULINO,NO,1,17
CALLAO,INGENIERÍA DE MINAS,MASCULINO,NO,1,18
LIMA,INGENIERÍA INDUSTRIAL,MASCULINO,NO,2,19
LIMA,ARQUITECTURA,FEMENINO,NO,4,20
TUMBES,INGENIERÍA DE SISTEMAS,MASCULINO,NO,1,18
LIMA,INGENIERÍA MECÁNICA,MASCULINO,NO,4,21
LAMBAYEQUE,INGENIERÍA INDUSTRIAL,FEMENINO,SI,4,20
LIMA,INGENIERÍA DE SISTEMAS,MASCULINO,SI,4,20
LIMA,FÍSICA,MASCULINO,NO,1,17
LIMA,INGENIERÍA DE SISTEMAS,MASCULINO,NO,1,18
LIMA,CIENCIA DE LA COMPUTACIÓN,MASCULINO,NO,4,21
LIMA,ARQUITECTURA,MASCULINO,NO,7,23
JUNÍN,INGENIERÍA MECATRÓNICA,MASCULINO,NO,1,17
LIMA,INGENIERÍA CIVIL,MASCULINO,NO,2,19
LAMBAYEQUE,INGENIERÍA CIVIL,MASCULINO,NO,1,17
APURÍMAC,MATEMÁTICA,MASCULINO,NO,8,24
CALLAO,INGENIERÍA INDUSTRIAL,MASCULINO,SI,3,18
ÁNCASH,ARQUITECTURA,MASCULINO,NO,3,19
JUNÍN,INGENIERÍA MECÁNICA,MASCULINO,NO,6,22
CALLAO,INGENIERÍA MECÁNICA-ELÉCTRICA,MASCULINO,NO,7,23
LIMA,INGENIERÍA CIVIL,MASCULINO,NO,1,17
LAMBAYEQUE,MATEMÁTICA,MASCULINO,NO,3,19
LIMA,ARQUITECTURA,FEMENINO,NO,5,21
CALLAO,ARQUITECTURA,MASCULINO,NO,2,19
LIMA,INGENIERÍA CIVIL,MASCULINO,NO,3,20
LIMA,CIENCIA DE LA COMPUTACIÓN,MASCULINO,SI,4,21
LIMA,ARQUITECTURA,FEMENINO,NO,1,17
LA LIBERTAD,INGENIERÍA ELECTRÓNICA,MASCULINO,NO,3,19
LIMA,ARQUITECTURA,MASCULINO,NO,2,18
LIMA,INGENIERÍA GEOLÓGICA,FEMENINO,NO,3,18
LIMA,INGENIERÍA DE SISTEMAS,MASCULINO,NO,1,17
PUNO,INGENIERÍA CIVIL,MASCULINO,NO,1,18
LIMA,CIENCIA DE LA COMPUTACIÓN,MASCULINO,NO,7,23
LIMA,INGENIERÍA AMBIENTAL,FEMENINO,NO,5,21
LIMA,INGENIERÍA CIVIL,FEMENINO,NO,1,17
LIMA,CIENCIA DE LA COMPUTACIÓN,MASCULINO,NO,1,17
LIMA,INGENIERÍA CIVIL,MASCULINO,NO,1,17
LIMA,INGENIERÍA INDUSTRIAL,MASCULINO,NO,1,18
LIMA,INGENIERÍA MECATRÓNICA,MASCULINO,SI,2,19
LIMA,INGENIERÍA CIVIL,MASCULINO,NO,4,20
LIMA,INGENIERÍA DE TELECOMUNICACIONES,FEMENINO,NO,3,19
LIMA,INGENIERÍA MECÁNICA-ELÉCTRICA,MASCULINO,NO,3,19
ICA,INGENIERÍA DE SISTEMAS,MASCULINO,NO,1,18
SAN MARTÍN,INGENIERÍA CIVIL,MASCULINO,NO,2,19
LIMA,INGENIERÍA CIVIL,MASCULINO,NO,3,19
ÁNCASH,INGENIERÍA INDUSTRIAL,MASCULINO,NO,3,20
LIMA,INGENIERÍA CIVIL,MASCULINO,NO,1,17
CUSCO,INGENIERÍA ECONÓMICA,FEMENINO,NO,2,18
LIMA,INGENIERÍA CIVIL,MASCULINO,NO,2,18
LIMA,INGENIERÍA MECATRÓNICA,MASCULINO,NO,2,18
LIMA,INGENIERÍA ELECTRÓNICA,MASCULINO,NO,5,22
PIURA,INGENIERÍA CIVIL,MASCULINO,NO,1,17
LIMA,FÍSICA,MASCULINO,NO,1,17
AYACUCHO,INGENIERÍA CIVIL,MASCULINO,NO,2,19
LIMA,INGENIERÍA CIVIL,MASCULINO,NO,2,18
LIMA,INGENIERÍA CIVIL,MASCULINO,NO,3,20
LIMA,ARQUITECTURA,FEMENINO,NO,1,17
LIMA,ARQUITECTURA,FEMENINO,NO,4,20
LIMA,INGENIERÍA ELÉCTRICA,MASCULINO,NO,2,18
CALLAO,INGENIERÍA METALÚRGICA,MASCULINO,NO,7,23
LIMA,INGENIERÍA ELECTRÓNICA,MASCULINO,NO,11,27
HUANCAVELICA,INGENIERÍA CIVIL,MASCULINO,NO,1,18
LIMA,CIENCIA DE LA COMPUTACIÓN,MASCULINO,NO,3,19
LIMA,INGENIERÍA ECONÓMICA,MASCULINO,NO,7,23
LIMA,INGENIERÍA MECATRÓNICA,FEMENINO,NO,3,19
LIMA,INGENIERÍA MECÁNICA,MASCULINO,NO,1,18
CALLAO,INGENIERÍA INDUSTRIAL,MASCULINO,NO,9,26
LIMA,INGENIERÍA MECÁNICA,MASCULINO,NO,9,26
LIMA,INGENIERÍA CIVIL,MASCULINO,SI,4,20
CUSCO,INGENIERÍA ELECTRÓNICA,MASCULINO,NO,2,18
AMAZONAS,INGENIERÍA MECÁNICA,MASCULINO,NO,5,21
LIMA,INGENIERÍA ECONÓMICA,MASCULINO,NO,3,20
LIMA,INGENIERÍA ECONÓMICA,FEMENINO,SI,6,22
CALLAO,ARQUITECTURA,FEMENINO,SI,2,18
LIMA,INGENIERÍA DE TELECOMUNICACIONES,MASCULINO,NO,2,18
CAJAMARCA,INGENIERÍA ESTADÍSTICA,MASCULINO,NO,2,19
LIMA,INGENIERÍA DE SISTEMAS,MASCULINO,NO,2,18
LIMA,INGENIERÍA DE MINAS,FEMENINO,NO,4,20
LIMA,CIENCIA DE LA COMPUTACIÓN,MASCULINO,SI,6,23
LIMA,INGENIERÍA DE SISTEMAS,MASCULINO,NO,1,17
LIMA,ARQUITECTURA,FEMENINO,NO,3,19
APURÍMAC,INGENIERÍA MECATRÓNICA,MASCULINO,NO,2,18
LIMA,INGENIERÍA DE MINAS,MASCULINO,NO,1,17
LIMA,INGENIERÍA AMBIENTAL,FEMENINO,NO,2,18
LIMA,INGENIERÍA DE SISTEMAS,MASCULINO,NO,4,20
LIMA,INGENIERÍA CIVIL,MASCULINO,NO,1,17
ÁNCASH,INGENIERÍA CIVIL,MASCULINO,NO,1,17
LIMA,INGENIERÍA CIVIL,MASCULINO,NO,3,19
LIMA,FÍSICA,FEMENINO,NO,4,20
LIMA,INGENIERÍA INDUSTRIAL,FEMENINO,NO,3,19
LIMA,INGENIERÍA DE MINAS,MASCULINO,NO,7,23
LIMA,INGENIERÍA INDUSTRIAL,MASCULINO,SI,3,19
LIMA,INGENIERÍA MECATRÓNICA,MASCULINO,NO,3,24
LIMA,INGENIERÍA MECATRÓNICA,MASCULINO,NO,1,18
LIMA,INGENIERÍA CIVIL,MASCULINO,NO,1,17
LIMA,INGENIERÍA MECÁNICA,MASCULINO,NO,1,18
LIMA,INGENIERÍA CIVIL,MASCULINO,NO,2,18
ÁNCASH,QUÍMICA,MASCULINO,SI,1,18
LIMA,ARQUITECTURA,MASCULINO,NO,4,20
LIMA,INGENIERÍA CIVIL,FEMENINO,NO,2,18
LIMA,INGENIERÍA DE PETRÓLEO Y GAS NATURAL,MASCULINO,NO,1,17
LIMA,INGENIERÍA ELÉCTRICA,MASCULINO,NO,2,19
CALLAO,INGENIERÍA DE SISTEMAS,MASCULINO,NO,2,19
LIMA,INGENIERÍA ELÉCTRICA,MASCULINO,NO,2,18
LIMA,ARQUITECTURA,MASCULINO,NO,2,19
LIMA,INGENIERÍA ELECTRÓNICA,MASCULINO,SI,1,17
LIMA,INGENIERÍA MECÁNICA,MASCULINO,NO,2,18
LIMA,INGENIERÍA INDUSTRIAL,MASCULINO,NO,2,18
LIMA,INGENIERÍA CIVIL,MASCULINO,NO,2,19
LIMA,INGENIERÍA QUÍMICA,MASCULINO,NO,2,18
LIMA,INGENIERÍA DE SISTEMAS,MASCULINO,SI,1,17
PASCO,INGENIERÍA MECATRÓNICA,MASCULINO,NO,2,18
LIMA,ARQUITECTURA,FEMENINO,NO,3,20
CALLAO,INGENIERÍA MECÁNICA,MASCULINO,NO,3,20
CALLAO,INGENIERÍA CIVIL,FEMENINO,NO,3,20
AREQUIPA,INGENIERÍA MECATRÓNICA,MASCULINO,NO,1,18
LIMA,INGENIERÍA DE SISTEMAS,MASCULINO,NO,1,17
LIMA,CIENCIA DE LA COMPUTACIÓN,MASCULINO,SI,3,18
CALLAO,INGENIERÍA CIVIL,MASCULINO,NO,3,19
PUNO,INGENIERÍA ELECTRÓNICA,MASCULINO,NO,2,18
JUNÍN,INGENIERÍA INDUSTRIAL,FEMENINO,NO,2,18
LIMA,INGENIERÍA INDUSTRIAL,MASCULINO,NO,2,18
LIMA,INGENIERÍA ELECTRÓNICA,MASCULINO,NO,1,17
LIMA,INGENIERÍA MECATRÓNICA,MASCULINO,NO,3,19
LIMA,INGENIERÍA GEOLÓGICA,MASCULINO,NO,2,18
LIMA,CIENCIA DE LA COMPUTACIÓN,MASCULINO,NO,2,18
LIMA,INGENIERÍA DE TELECOMUNICACIONES,MASCULINO,NO,4,20
LIMA,ARQUITECTURA,MASCULINO,NO,2,18
LIMA,INGENIERÍA AMBIENTAL,MASCULINO,NO,2,18
CALLAO,FÍSICA,MASCULINO,NO,3,19
JUNÍN,INGENIERÍA CIVIL,MASCULINO,NO,7,23
AREQUIPA,INGENIERÍA DE SISTEMAS,MASCULINO,NO,3,19
LIMA,ARQUITECTURA,MASCULINO,NO,2,18
LIMA,INGENIERÍA INDUSTRIAL,FEMENINO,NO,3,19
LIMA,INGENIERÍA ELECTRÓNICA,MASCULINO,NO,1,18
LIMA,INGENIERÍA GEOLÓGICA,MASCULINO,NO,6,22
LIMA,INGENIERÍA DE TELECOMUNICACIONES,MASCULINO,NO,14,30
ÁNCASH,INGENIERÍA CIVIL,MASCULINO,NO,1,17
LIMA,ARQUITECTURA,MASCULINO,NO,1,17
HUANCAVELICA,INGENIERÍA FÍSICA,MASCULINO,NO,1,18
HUÁNUCO,INGENIERÍA CIVIL,MASCULINO,NO,6,23
LIMA,INGENIERÍA DE SISTEMAS,MASCULINO,NO,3,19
HUÁNUCO,INGENIERÍA FÍSICA,MASCULINO,NO,1,17
LIMA,INGENIERÍA ESTADÍSTICA,FEMENINO,NO,2,18
PUNO,INGENIERÍA CIVIL,MASCULINO,NO,5,21
LIMA,ARQUITECTURA,MASCULINO,NO,2,19
LIMA,INGENIERÍA DE SISTEMAS,MASCULINO,NO,3,19
ANCASH,INGENIERÍA ESTADÍSTICA,MASCULINO,NO,1,18
LIMA,ARQUITECTURA,FEMENINO,NO,2,19
LIMA,INGENIERÍA CIVIL,MASCULINO,NO,3,20
LIMA,INGENIERÍA QUÍMICA,MASCULINO,SI,3,20
LIMA,INGENIERÍA INDUSTRIAL,MASCULINO,NO,2,19
CALLAO,INGENIERÍA DE SISTEMAS,MASCULINO,NO,2,19
LIMA,INGENIERÍA CIVIL,MASCULINO,NO,4,20
LIMA,INGENIERÍA MECATRÓNICA,MASCULINO,SI,4,21
LIMA,INGENIERÍA ELECTRÓNICA,FEMENINO,NO,3,19
PIURA,ARQUITECTURA,MASCULINO,NO,2,18
LIMA,INGENIERÍA PETROQUÍMICA,MASCULINO,SI,5,22
LIMA,INGENIERÍA ELECTRÓNICA,MASCULINO,NO,1,18
LIMA,INGENIERÍA GEOLÓGICA,FEMENINO,NO,1,18
LIMA,INGENIERÍA DE SISTEMAS,MASCULINO,NO,12,28
LIMA,INGENIERÍA CIVIL,MASCULINO,NO,5,21
LIMA,INGENIERÍA DE SISTEMAS,MASCULINO,NO,1,18
LIMA,INGENIERÍA CIVIL,MASCULINO,NO,3,19
CALLAO,INGENIERÍA PETROQUÍMICA,MASCULINO,NO,1,17
LIMA,INGENIERÍA ELECTRÓNICA,MASCULINO,NO,2,19
LIMA,INGENIERÍA FÍSICA,MASCULINO,SI,4,20
ICA,INGENIERÍA MECÁNICA-ELÉCTRICA,MASCULINO,NO,1,17
LIMA,ARQUITECTURA,FEMENINO,NO,1,17
LIMA,INGENIERÍA INDUSTRIAL,FEMENINO,NO,3,19
CALLAO,INGENIERÍA ECONÓMICA,MASCULINO,NO,4,20
CALLAO,ARQUITECTURA,MASCULINO,NO,8,25
ICA,INGENIERÍA DE SISTEMAS,MASCULINO,NO,1,17
LIMA,INGENIERÍA DE SISTEMAS,MASCULINO,NO,1,17
LIMA,INGENIERÍA DE SISTEMAS,MASCULINO,NO,1,17
LIMA,INGENIERÍA DE SISTEMAS,MASCULINO,NO,1,17
LIMA,INGENIERÍA CIVIL,MASCULINO,NO,1,18
LIMA,INGENIERÍA MECÁNICA,MASCULINO,NO,1,18
LIMA,ARQUITECTURA,MASCULINO,NO,4,20
LIMA,INGENIERÍA ELÉCTRICA,MASCULINO,NO,3,20
LIMA,INGENIERÍA CIVIL,MASCULINO,NO,1,18
HUÁNUCO,INGENIERÍA AMBIENTAL,MASCULINO,SI,4,20
LIMA,INGENIERÍA AMBIENTAL,MASCULINO,NO,1,17
LIMA,INGENIERÍA DE SISTEMAS,FEMENINO,NO,3,19
LIMA,INGENIERÍA INDUSTRIAL,MASCULINO,NO,4,21
JUNÍN,INGENIERÍA MECATRÓNICA,MASCULINO,NO,2,18
LIMA,INGENIERÍA GEOLÓGICA,MASCULINO,NO,3,19
PUNO,INGENIERÍA DE MINAS,MASCULINO,NO,3,20
LIMA,INGENIERÍA GEOLÓGICA,MASCULINO,SI,11,27
LIMA,INGENIERÍA DE MINAS,FEMENINO,NO,2,18
LIMA,INGENIERÍA GEOLÓGICA,MASCULINO,NO,2,18
LIMA,INGENIERÍA GEOLÓGICA,FEMENINO,NO,3,19
LIMA,INGENIERÍA GEOLÓGICA,FEMENINO,NO,2,18
LIMA,INGENIERÍA GEOLÓGICA,MASCULINO,NO,2,19
LIMA,INGENIERÍA CIVIL,MASCULINO,SI,3,18
LIMA,INGENIERÍA GEOLÓGICA,FEMENINO,NO,5,22
LIMA,INGENIERÍA DE MINAS,MASCULINO,NO,3,19
PASCO,INGENIERÍA GEOLÓGICA,FEMENINO,NO,1,17
LIMA,INGENIERÍA DE MINAS,MASCULINO,NO,4,22
UCAYALI,INGENIERÍA DE MINAS,MASCULINO,NO,3,19
LIMA,INGENIERÍA GEOLÓGICA,MASCULINO,NO,2,18
LIMA,INGENIERÍA CIVIL,FEMENINO,NO,2,19
LIMA,INGENIERÍA MECÁNICA,MASCULINO,NO,2,18
LIMA,INGENIERÍA CIVIL,MASCULINO,NO,1,18
LIMA,INGENIERÍA CIVIL,MASCULINO,NO,3,19
LIMA,ARQUITECTURA,MASCULINO,NO,3,19
LIMA,INGENIERÍA INDUSTRIAL,MASCULINO,NO,5,21
LIMA,INGENIERÍA CIVIL,FEMENINO,NO,1,17
LIMA,INGENIERÍA CIVIL,MASCULINO,NO,1,17
LIMA,INGENIERÍA INDUSTRIAL,MASCULINO,NO,1,17
LIMA,INGENIERÍA QUÍMICA,FEMENINO,NO,4,21
AYACUCHO,INGENIERÍA INDUSTRIAL,FEMENINO,NO,2,18
LIMA,INGENIERÍA MECÁNICA-ELÉCTRICA,MASCULINO,NO,2,18
LIMA,INGENIERÍA DE SISTEMAS,MASCULINO,NO,2,18
LIMA,FÍSICA,MASCULINO,SI,6,22
LIMA,INGENIERÍA DE MINAS,MASCULINO,NO,1,17
ICA,INGENIERÍA MECATRÓNICA,MASCULINO,NO,1,17
SAN MARTÍN,INGENIERÍA CIVIL,MASCULINO,NO,0,17
LIMA,INGENIERÍA CIVIL,MASCULINO,NO,2,18
LIMA,INGENIERÍA CIVIL,MASCULINO,SI,5,22
LIMA,INGENIERÍA CIVIL,FEMENINO,NO,2,18
LIMA,INGENIERÍA DE SISTEMAS,MASCULINO,NO,1,17
CALLAO,INGENIERÍA CIVIL,MASCULINO,NO,3,19
LIMA,INGENIERÍA CIVIL,FEMENINO,NO,4,21
LAMBAYEQUE,INGENIERÍA CIVIL,MASCULINO,NO,1,17
LIMA,INGENIERÍA INDUSTRIAL,MASCULINO,NO,3,19
LIMA,INGENIERÍA INDUSTRIAL,MASCULINO,SI,4,20
CALLAO,ARQUITECTURA,FEMENINO,NO,5,21
LIMA,INGENIERÍA DE SISTEMAS,MASCULINO,NO,4,20
LIMA,INGENIERÍA AMBIENTAL,FEMENINO,NO,4,21
LIMA,INGENIERÍA DE MINAS,MASCULINO,NO,3,20
LIMA,INGENIERÍA DE SISTEMAS,MASCULINO,NO,2,18
LIMA,INGENIERÍA AMBIENTAL,MASCULINO,NO,3,20
LIMA,INGENIERÍA PETROQUÍMICA,MASCULINO,NO,3,20
CALLAO,INGENIERÍA CIVIL,FEMENINO,NO,3,20
LIMA,ARQUITECTURA,FEMENINO,NO,2,18
LIMA,INGENIERÍA DE MINAS,MASCULINO,NO,3,20
LIMA,INGENIERÍA ECONÓMICA,MASCULINO,SI,6,22
LIMA,ARQUITECTURA,FEMENINO,NO,2,18
LIMA,INGENIERÍA ELÉCTRICA,MASCULINO,NO,5,21
LIMA,INGENIERÍA CIVIL,MASCULINO,NO,2,19
LIMA,INGENIERÍA DE SISTEMAS,MASCULINO,NO,2,19
LIMA,INGENIERÍA DE SISTEMAS,MASCULINO,NO,4,20
LIMA,INGENIERÍA DE SISTEMAS,MASCULINO,SI,2,18
LIMA,INGENIERÍA DE SISTEMAS,MASCULINO,NO,2,18
LIMA,INGENIERÍA DE SISTEMAS,MASCULINO,NO,3,20
LIMA,INGENIERÍA DE SISTEMAS,FEMENINO,NO,3,19
LIMA,INGENIERÍA DE MINAS,FEMENINO,NO,1,18
CALLAO,INGENIERÍA MECATRÓNICA,MASCULINO,NO,5,21
LIMA,INGENIERÍA QUÍMICA,MASCULINO,NO,2,19
CALLAO,INGENIERÍA DE SISTEMAS,MASCULINO,NO,1,18
LIMA,MATEMÁTICA,MASCULINO,SI,5,22
AMAZONAS,ARQUITECTURA,MASCULINO,NO,1,17
SAN MARTIN,INGENIERÍA INDUSTRIAL,MASCULINO,NO,2,21
LIMA,INGENIERÍA SANITARIA,MASCULINO,NO,2,18
LIMA,INGENIERÍA DE MINAS,MASCULINO,NO,2,18
LIMA,INGENIERÍA MECÁNICA-ELÉCTRICA,MASCULINO,NO,2,18
LIMA,INGENIERÍA ECONÓMICA,FEMENINO,NO,4,21
AMAZONAS,INGENIERÍA CIVIL,MASCULINO,NO,3,19
LIMA,INGENIERÍA ELECTRÓNICA,MASCULINO,SI,3,19
LIMA,INGENIERÍA CIVIL,FEMENINO,NO,1,17
LIMA,INGENIERÍA METALÚRGICA,MASCULINO,SI,6,23
LA LIBERTAD,INGENIERÍA INDUSTRIAL,FEMENINO,NO,4,20
LIMA,INGENIERÍA INDUSTRIAL,MASCULINO,NO,2,18
ÁNCASH,ARQUITECTURA,FEMENINO,NO,4,20
LIMA,INGENIERÍA DE HIGIENE Y SEGURIDAD INDUSTRIAL,MASCULINO,NO,2,18
LIMA,ARQUITECTURA,MASCULINO,NO,1,18
LIMA,ARQUITECTURA,MASCULINO,NO,2,18
LIMA,INGENIERÍA CIVIL,MASCULINO,NO,1,18
LIMA,INGENIERÍA DE SISTEMAS,FEMENINO,NO,1,18
LAMBAYEQUE,INGENIERÍA CIVIL,MASCULINO,NO,1,17
LIMA,INGENIERÍA DE SISTEMAS,MASCULINO,NO,2,18
LIMA,INGENIERÍA DE MINAS,MASCULINO,NO,2,19
LIMA,INGENIERÍA ELECTRÓNICA,MASCULINO,NO,3,20
LIMA,FÍSICA,MASCULINO,NO,2,19
LIMA,INGENIERÍA MECATRÓNICA,MASCULINO,NO,1,19
LIMA,INGENIERÍA INDUSTRIAL,FEMENINO,SI,3,19
LIMA,INGENIERÍA SANITARIA,MASCULINO,NO,2,19
LIMA,ARQUITECTURA,FEMENINO,NO,3,19
LIMA,INGENIERÍA INDUSTRIAL,MASCULINO,NO,3,19
LIMA,INGENIERÍA DE HIGIENE Y SEGURIDAD INDUSTRIAL,FEMENINO,SI,3,19
LIMA,INGENIERÍA MECATRÓNICA,MASCULINO,NO,1,17
LIMA,INGENIERÍA CIVIL,FEMENINO,NO,7,23
LIMA,INGENIERÍA ELECTRÓNICA,MASCULINO,NO,3,19
JUNÍN,INGENIERÍA MECATRÓNICA,MASCULINO,SI,2,18
JUNÍN,INGENIERÍA CIVIL,MASCULINO,NO,1,17
LIMA,INGENIERÍA DE SISTEMAS,MASCULINO,NO,3,19
LIMA,INGENIERÍA AMBIENTAL,FEMENINO,NO,2,18
LIMA,INGENIERÍA DE SISTEMAS,MASCULINO,NO,2,18
LIMA,ARQUITECTURA,FEMENINO,NO,1,17
LIMA,INGENIERÍA CIVIL,MASCULINO,NO,2,19
TACNA,INGENIERÍA DE SOFTWARE,MASCULINO,NO,1,17
LIMA,INGENIERÍA INDUSTRIAL,MASCULINO,NO,2,19
LIMA,INGENIERÍA DE SISTEMAS,MASCULINO,NO,3,19
LIMA,INGENIERÍA MECATRÓNICA,MASCULINO,SI,1,18
LIMA,INGENIERÍA MECATRÓNICA,MASCULINO,NO,2,18
LIMA,ARQUITECTURA,MASCULINO,NO,2,18
LIMA,INGENIERÍA MECÁNICA,MASCULINO,NO,2,18
LIMA,INGENIERÍA MECÁNICA,MASCULINO,SI,5,21
LAMBAYEQUE,INGENIERÍA MECÁNICA-ELÉCTRICA,MASCULINO,NO,4,22
LIMA,ARQUITECTURA,MASCULINO,NO,2,17
LIMA,ARQUITECTURA,FEMENINO,NO,2,17
LIMA,INGENIERÍA ELÉCTRICA,MASCULINO,SI,1,17
LIMA,INGENIERÍA DE SOFTWARE,MASCULINO,NO,2,19
LIMA,INGENIERÍA CIVIL,MASCULINO,NO,2,19
LIMA,INGENIERÍA DE SISTEMAS,MASCULINO,NO,2,18
LIMA,INGENIERÍA DE SISTEMAS,MASCULINO,NO,3,19
LIMA,INGENIERÍA INDUSTRIAL,FEMENINO,NO,2,18
JUNIN,INGENIERÍA CIVIL,FEMENINO,NO,3,19
LIMA,INGENIERÍA DE SISTEMAS,MASCULINO,NO,1,19
LIMA,INGENIERÍA ESTADÍSTICA,FEMENINO,NO,2,18
JUNIN,INGENIERÍA DE SISTEMAS,MASCULINO,NO,2,18
LIMA,INGENIERÍA DE CIBERSEGURIDAD,MASCULINO,NO,4,20
LIMA,INGENIERÍA DE CIBERSEGURIDAD,MASCULINO,NO,5,22
LIMA,INGENIERÍA SANITARIA,FEMENINO,NO,6,23
JUNIN,INGENIERÍA MECATRÓNICA,MASCULINO,SI,2,19
LIMA,INGENIERÍA CIVIL,MASCULINO,NO,1,18
LIMA,CIENCIA DE LA COMPUTACIÓN,MASCULINO,SI,2,19
LIMA,ARQUITECTURA,MASCULINO,NO,2,18
LIMA,ARQUITECTURA,MASCULINO,SI,3,19
LIMA,INGENIERÍA AMBIENTAL,FEMENINO,NO,2,19
LIMA,INGENIERÍA CIVIL,MASCULINO,NO,1,18
CUSCO,INGENIERÍA MECATRÓNICA,MASCULINO,NO,1,17
LIMA,INGENIERÍA DE SISTEMAS,FEMENINO,NO,3,19
LIMA,INGENIERÍA MECATRÓNICA,MASCULINO,NO,1,18
LIMA,CIENCIA DE LA COMPUTACIÓN,MASCULINO,SI,5,21
HUANUCO,CIENCIA DE LA COMPUTACIÓN,MASCULINO,SI,16,32
LIMA,INGENIERÍA DE SISTEMAS,MASCULINO,NO,4,20
LIMA,INGENIERÍA DE SISTEMAS,MASCULINO,NO,1,18
LIMA,INGENIERÍA MECATRÓNICA,MASCULINO,NO,1,17
LIMA,INGENIERÍA ELECTRÓNICA,MASCULINO,NO,0,17
LIMA,ARQUITECTURA,MASCULINO,NO,3,19
ICA,INGENIERÍA CIVIL,FEMENINO,NO,2,18
CALLAO,INGENIERÍA AMBIENTAL,MASCULINO,NO,2,18
LIMA,ARQUITECTURA,MASCULINO,NO,2,18
LIMA,INGENIERÍA GEOLÓGICA,MASCULINO,NO,4,20
LIMA,INGENIERÍA CIVIL,FEMENINO,NO,2,18
CALLAO,CIENCIA DE LA COMPUTACIÓN,MASCULINO,NO,2,18
LIMA,INGENIERÍA DE SISTEMAS,MASCULINO,NO,3,19
LIMA,ARQUITECTURA,FEMENINO,NO,1,18
LIMA,ARQUITECTURA,FEMENINO,NO,2,18
LIMA,INGENIERÍA FÍSICA,MASCULINO,NO,1,18
CALLAO,INGENIERÍA DE SISTEMAS,MASCULINO,NO,2,18
LIMA,INGENIERÍA ELECTRÓNICA,MASCULINO,NO,4,20
LIMA,ARQUITECTURA,FEMENINO,NO,3,20
LIMA,INGENIERÍA MECATRÓNICA,MASCULINO,NO,1,18
LIMA,INGENIERÍA MECÁNICA,MASCULINO,NO,2,19
LIMA,INGENIERÍA CIVIL,MASCULINO,NO,2,19
LIMA,INGENIERÍA CIVIL,MASCULINO,NO,1,18
LIMA,INGENIERÍA AMBIENTAL,MASCULINO,NO,7,23
LIMA,INGENIERÍA ESTADÍSTICA,MASCULINO,NO,6,22
CALLAO,INGENIERÍA DE SISTEMAS,MASCULINO,NO,2,19
LIMA,INGENIERÍA QUÍMICA,FEMENINO,NO,10,27
LIMA,INGENIERÍA MECATRÓNICA,MASCULINO,NO,2,18
LIMA,INGENIERÍA DE SISTEMAS,MASCULINO,SI,1,17
LIMA,CIENCIA DE LA COMPUTACIÓN,MASCULINO,NO,5,23
LIMA,INGENIERÍA MECATRÓNICA,MASCULINO,NO,1,17
LIMA,INGENIERÍA MECÁNICA,MASCULINO,SI,3,19
LIMA,INGENIERÍA CIVIL,MASCULINO,NO,7,23
LIMA,INGENIERÍA CIVIL,MASCULINO,NO,1,17
LIMA,INGENIERÍA INDUSTRIAL,MASCULINO,NO,2,18
LIMA,INGENIERÍA CIVIL,MASCULINO,NO,3,19
LIMA,INGENIERÍA ELÉCTRICA,FEMENINO,NO,1,18
CUSCO,INGENIERÍA CIVIL,MASCULINO,NO,4,21
LIMA,INGENIERÍA DE MINAS,MASCULINO,NO,0,17
LIMA,ARQUITECTURA,MASCULINO,NO,3,19
LIMA,INGENIERÍA MECÁNICA-ELÉCTRICA,MASCULINO,NO,2,18
PASCO,ARQUITECTURA,MASCULINO,NO,1,17
LIMA,INGENIERÍA INDUSTRIAL,MASCULINO,NO,0,18
LIMA,INGENIERÍA DE CIBERSEGURIDAD,MASCULINO,NO,2,18
ICA,INGENIERÍA CIVIL,MASCULINO,NO,1,18
CALLAO,INGENIERÍA DE HIGIENE Y SEGURIDAD INDUSTRIAL,FEMENINO,NO,7,23
UCAYALI,ARQUITECTURA,FEMENINO,NO,2,18
ANCASH,INGENIERÍA CIVIL,MASCULINO,NO,2,18
TACNA,INGENIERÍA DE MINAS,FEMENINO,NO,1,18
LIMA,INGENIERÍA CIVIL,FEMENINO,NO,2,19
LIMA,INGENIERÍA AMBIENTAL,MASCULINO,NO,2,18
LIMA,INGENIERÍA CIVIL,FEMENINO,NO,4,21
LIMA,INGENIERÍA DE SISTEMAS,MASCULINO,NO,4,20
LIMA,INGENIERÍA QUÍMICA,MASCULINO,SI,5,22
CALLAO,INGENIERÍA MECATRÓNICA,MASCULINO,NO,1,17
LIMA,INGENIERÍA CIVIL,MASCULINO,NO,4,21
LIMA,INGENIERÍA MECATRÓNICA,MASCULINO,NO,1,17
LIMA,INGENIERÍA DE SISTEMAS,MASCULINO,NO,2,19
ICA,INGENIERÍA ELÉCTRICA,MASCULINO,NO,3,20
CALLAO,ARQUITECTURA,FEMENINO,NO,1,17
LIMA,ARQUITECTURA,FEMENINO,NO,1,18
PUNO,INGENIERÍA ECONÓMICA,FEMENINO,NO,2,18
LIMA,INGENIERÍA DE MINAS,MASCULINO,SI,2,19
LIMA,INGENIERÍA MECATRÓNICA,MASCULINO,SI,3,19
LIMA,INGENIERÍA MECATRÓNICA,MASCULINO,NO,2,19
LIMA,INGENIERÍA MECATRÓNICA,MASCULINO,NO,1,18
LIMA,INGENIERÍA DE SISTEMAS,FEMENINO,NO,1,17
CALLAO,INGENIERÍA INDUSTRIAL,MASCULINO,NO,2,18
LIMA,INGENIERÍA CIVIL,MASCULINO,NO,4,21
LIMA,INGENIERÍA MECÁNICA,MASCULINO,NO,2,19
PUNO,INGENIERÍA INDUSTRIAL,MASCULINO,NO,5,21
LIMA,INGENIERÍA CIVIL,MASCULINO,NO,3,19
LIMA,CIENCIA DE LA COMPUTACIÓN,MASCULINO,NO,3,19
LIMA,INGENIERÍA DE SISTEMAS,MASCULINO,SI,2,18
LIMA,INGENIERÍA DE SISTEMAS,MASCULINO,NO,4,20
LIMA,INGENIERÍA CIVIL,MASCULINO,NO,4,21
CALLAO,INGENIERÍA CIVIL,FEMENINO,NO,2,19
AYACUCHO,ARQUITECTURA,FEMENINO,NO,1,17
LIMA,ARQUITECTURA,FEMENINO,NO,2,19
LIMA,INGENIERÍA DE SISTEMAS,MASCULINO,NO,2,18
